Category,Module_Name,File_Name,Role,File_Size_Bytes,Standardized_Path,Original_Source_Path
01_Pumps_and_Motors,BlueWhite_C630P_Chemical_Dosing_Pump,BlueWhite_C630P_Chemical_Dosing_Pump.ipt,Part,417280,D:\INVENTOR_DATA\05_STANDARD_COMPONENTS\01_Pumps_and_Motors\BlueWhite_C630P_Chemical_Dosing_Pump\BlueWhite_C630P_Chemical_Dosing_Pump.ipt,Origin Created in Module
01_Pumps_and_Motors,CNP_CDH20_17_Flange_Pump,CNP_CDH20_17_High_Pressure_Pump.ipt,Part,3423744,D:\INVENTOR_DATA\05_STANDARD_COMPONENTS\01_Pumps_and_Motors\CNP_CDH20_17_Flange_Pump\CNP_CDH20_17_High_Pressure_Pump.ipt,Origin Created in Module
01_Pumps_and_Motors,CNP_CDLF15_RO_Booster_Pump,Bolted Connection1.iam,Assembly,195584,D:\INVENTOR_DATA\05_STANDARD_COMPONENTS\01_Pumps_and_Motors\CNP_CDLF15_RO_Booster_Pump\Bolted Connection1.iam,D:\TAN -DU AN\TOSHIBA\120\3d\BON 1\FILTER\bom ap cao\LAP BOM CDLF15\Design Accelerator\Bolted Connection1.iam
01_Pumps_and_Motors,CNP_CDLF15_RO_Booster_Pump,CDLF 15.ipt,Part,1022464,D:\INVENTOR_DATA\05_STANDARD_COMPONENTS\01_Pumps_and_Motors\CNP_CDLF15_RO_Booster_Pump\CDLF 15.ipt,D:\TAN -DU AN\TOSHIBA\120\3d\BON 1\FILTER\bom ap cao\CDLF 15.ipt
01_Pumps_and_Motors,CNP_CDLF15_RO_Booster_Pump,CNP_CDLF15_RO_Booster_Pump.iam,Main Assembly,361984,D:\INVENTOR_DATA\05_STANDARD_COMPONENTS\01_Pumps_and_Motors\CNP_CDLF15_RO_Booster_Pump\CNP_CDLF15_RO_Booster_Pump.iam,Origin Created in Module
01_Pumps_and_Motors,CNP_CDMF15_RO_Booster_Pump,CNP_CDMF15_RO_Booster_Pump.ipt,Part,268288,D:\INVENTOR_DATA\05_STANDARD_COMPONENTS\01_Pumps_and_Motors\CNP_CDMF15_RO_Booster_Pump\CNP_CDMF15_RO_Booster_Pump.ipt,Origin Created in Module
01_Pumps_and_Motors,CNP_ZS65_Horizontal_Centrifugal_Pump,bom cap ZS65-50-200-9.2.ipt,Part,648192,D:\INVENTOR_DATA\05_STANDARD_COMPONENTS\01_Pumps_and_Motors\CNP_ZS65_Horizontal_Centrifugal_Pump\bom cap ZS65-50-200-9.2.ipt,D:\TAN -DU AN\TOSHIBA\120\3d\BON 1\FILTER\bom ro\bom cap ZS65-50-200-9.2.ipt
01_Pumps_and_Motors,CNP_ZS65_Horizontal_Centrifugal_Pump,CNP_ZS65_Horizontal_Centrifugal_Pump.iam,Main Assembly,308736,D:\INVENTOR_DATA\05_STANDARD_COMPONENTS\01_Pumps_and_Motors\CNP_ZS65_Horizontal_Centrifugal_Pump\CNP_ZS65_Horizontal_Centrifugal_Pump.iam,Origin Created in Module
01_Pumps_and_Motors,CNP_ZS65_Horizontal_Centrifugal_Pump,ISO 4161 - M10(1).ipt,Part,201216,D:\INVENTOR_DATA\05_STANDARD_COMPONENTS\01_Pumps_and_Motors\CNP_ZS65_Horizontal_Centrifugal_Pump\ISO 4161 - M10(1).ipt,D:\TAN -DU AN\TOSHIBA\120\3d\BON 1\FILTER\0-LOC TONG HOP\XLNT toshiba\Libraries\Content Center Files\en-US\ISO 4161\ISO 4161 - M10(1).ipt
01_Pumps_and_Motors,CNP_ZS65_Horizontal_Centrifugal_Pump,ISO 7005-1 Plate Flange for Welding Type 01 Flat Face - ISO PN 6 DN50.ipt,Part,161280,D:\INVENTOR_DATA\05_STANDARD_COMPONENTS\01_Pumps_and_Motors\CNP_ZS65_Horizontal_Centrifugal_Pump\ISO 7005-1 Plate Flange for Welding Type 01 Flat Face - ISO PN 6 DN50.ipt,D:\Autodesk\Inventor 2025\Content Center Files\en-US\ISO 7005-1 01 - PN 6\ISO 7005-1 Plate Flange for Welding Type 01 Flat Face - ISO PN 6 DN50.ipt
01_Pumps_and_Motors,CNP_ZS65_Horizontal_Centrifugal_Pump,ISO 7005-1 Plate Flange for Welding Type 01 Flat Face - ISO PN 6 DN65.ipt,Part,160768,D:\INVENTOR_DATA\05_STANDARD_COMPONENTS\01_Pumps_and_Motors\CNP_ZS65_Horizontal_Centrifugal_Pump\ISO 7005-1 Plate Flange for Welding Type 01 Flat Face - ISO PN 6 DN65.ipt,D:\Autodesk\Inventor 2025\Content Center Files\en-US\ISO 7005-1 01 - PN 6\ISO 7005-1 Plate Flange for Welding Type 01 Flat Face - ISO PN 6 DN65.ipt
01_Pumps_and_Motors,CNP_ZS65_Horizontal_Centrifugal_Pump,MAT BICH 60.ipt,Part,135168,D:\INVENTOR_DATA\05_STANDARD_COMPONENTS\01_Pumps_and_Motors\CNP_ZS65_Horizontal_Centrifugal_Pump\MAT BICH 60.ipt,D:\TAN -DU AN\TOSHIBA\120\3d\BON 1\MAT BICH 60.ipt
01_Pumps_and_Motors,CNP_ZS65_Horizontal_Centrifugal_Pump,mat bich 76.ipt,Part,173568,D:\INVENTOR_DATA\05_STANDARD_COMPONENTS\01_Pumps_and_Motors\CNP_ZS65_Horizontal_Centrifugal_Pump\mat bich 76.ipt,D:\TAN -DU AN\TOSHIBA\120\3d\BON 1\FILTER\phu kien inox\mat bich 76.ipt
01_Pumps_and_Motors,Digital_Chemical_Dosing_Pump_4_20mA,Digital_Chemical_Dosing_Pump_4_20mA.ipt,Part,1224704,D:\INVENTOR_DATA\05_STANDARD_COMPONENTS\01_Pumps_and_Motors\Digital_Chemical_Dosing_Pump_4_20mA\Digital_Chemical_Dosing_Pump_4_20mA.ipt,Origin Created in Module
01_Pumps_and_Motors,High_Pressure_RO_Booster_Pump,High_Pressure_RO_Booster_Pump.ipt,Part,2873344,D:\INVENTOR_DATA\05_STANDARD_COMPONENTS\01_Pumps_and_Motors\High_Pressure_RO_Booster_Pump\High_Pressure_RO_Booster_Pump.ipt,Origin Created in Module
01_Pumps_and_Motors,Industrial_3Phase_Motor_0_37kW,Industrial_3Phase_Motor_0_37kW.ipt,Part,246784,D:\INVENTOR_DATA\05_STANDARD_COMPONENTS\01_Pumps_and_Motors\Industrial_3Phase_Motor_0_37kW\Industrial_3Phase_Motor_0_37kW.ipt,Origin Created in Module
01_Pumps_and_Motors,Nikkiso_Nano_A_Chemical_Dosing_Pump,Nikkiso_Nano_A_Chemical_Dosing_Pump.ipt,Part,1245696,D:\INVENTOR_DATA\05_STANDARD_COMPONENTS\01_Pumps_and_Motors\Nikkiso_Nano_A_Chemical_Dosing_Pump\Nikkiso_Nano_A_Chemical_Dosing_Pump.ipt,Origin Created in Module
01_Pumps_and_Motors,SEKO_AKL803_Dosing_Pump_Station,BOM DL AKL 803.ipt,Part,710656,D:\INVENTOR_DATA\05_STANDARD_COMPONENTS\01_Pumps_and_Motors\SEKO_AKL803_Dosing_Pump_Station\BOM DL AKL 803.ipt,D:\TAN -DU AN\TOSHIBA\120\3d\BON 1\FILTER\bom dinh luong\AKL 803\BOM DL AKL 803.ipt
01_Pumps_and_Motors,SEKO_AKL803_Dosing_Pump_Station,LAP 1 BOM DL AKL 803.iam,Assembly,258048,D:\INVENTOR_DATA\05_STANDARD_COMPONENTS\01_Pumps_and_Motors\SEKO_AKL803_Dosing_Pump_Station\LAP 1 BOM DL AKL 803.iam,D:\TAN -DU AN\TOSHIBA\120\3d\BON 1\FILTER\bom dinh luong\AKL 803\LAP 1 BOM DL AKL 803.iam
01_Pumps_and_Motors,SEKO_AKL803_Dosing_Pump_Station,PAT DO.ipt,Part,271360,D:\INVENTOR_DATA\05_STANDARD_COMPONENTS\01_Pumps_and_Motors\SEKO_AKL803_Dosing_Pump_Station\PAT DO.ipt,D:\TAN -DU AN\TOSHIBA\120\3d\BON 1\FILTER\bom dinh luong\AKL 803\PAT DO.ipt
01_Pumps_and_Motors,SEKO_AKL803_Dosing_Pump_Station,SEKO_AKL803_Dosing_Pump_Station.0011.iam,Assembly,271872,D:\INVENTOR_DATA\05_STANDARD_COMPONENTS\01_Pumps_and_Motors\SEKO_AKL803_Dosing_Pump_Station\SEKO_AKL803_Dosing_Pump_Station.0011.iam,Origin Created in Module
01_Pumps_and_Motors,Tunglee_0_4kW_Gear_Motor_3Phase,Tunglee_0_4kW_Gear_Motor_3Phase.ipt,Part,1158656,D:\INVENTOR_DATA\05_STANDARD_COMPONENTS\01_Pumps_and_Motors\Tunglee_0_4kW_Gear_Motor_3Phase\Tunglee_0_4kW_Gear_Motor_3Phase.ipt,Origin Created in Module
02_Tanks_and_Pressure_Vessels,Brine_Salt_Tank_100L_PE_with_Brine_Well,Brine_Salt_Tank_100L_PE_with_Brine_Well.iam,Main Assembly,188416,D:\INVENTOR_DATA\05_STANDARD_COMPONENTS\02_Tanks_and_Pressure_Vessels\Brine_Salt_Tank_100L_PE_with_Brine_Well\Brine_Salt_Tank_100L_PE_with_Brine_Well.iam,Origin Created in Module
02_Tanks_and_Pressure_Vessels,Brine_Salt_Tank_100L_PE_with_Brine_Well,thung muoi 100L.ipt,Part,771072,D:\INVENTOR_DATA\05_STANDARD_COMPONENTS\02_Tanks_and_Pressure_Vessels\Brine_Salt_Tank_100L_PE_with_Brine_Well\thung muoi 100L.ipt,D:\TAN -DU AN\TOSHIBA\120\3d\BON 1\FILTER\2m3 xuong chao\thung muoi 100L.ipt
02_Tanks_and_Pressure_Vessels,Compact_Square_PE_Brine_Tank_80L,Compact_Square_PE_Brine_Tank_80L.ipt,Part,814592,D:\INVENTOR_DATA\05_STANDARD_COMPONENTS\02_Tanks_and_Pressure_Vessels\Compact_Square_PE_Brine_Tank_80L\Compact_Square_PE_Brine_Tank_80L.ipt,Origin Created in Module
02_Tanks_and_Pressure_Vessels,Industrial_Sand_Filter_Tank_D2100_SS304,114.ipt,Part,380928,D:\INVENTOR_DATA\05_STANDARD_COMPONENTS\02_Tanks_and_Pressure_Vessels\Industrial_Sand_Filter_Tank_D2100_SS304\114.ipt,D:\TAN -DU AN\TOSHIBA\120\3d\BON 1\FILTER\002 BON LOC CAT\114.ipt
02_Tanks_and_Pressure_Vessels,Industrial_Sand_Filter_Tank_D2100_SS304,90.ipt,Part,391680,D:\INVENTOR_DATA\05_STANDARD_COMPONENTS\02_Tanks_and_Pressure_Vessels\Industrial_Sand_Filter_Tank_D2100_SS304\90.ipt,D:\TAN -DU AN\TOSHIBA\120\3d\BON 1\FILTER\002 BON LOC CAT\90.ipt
02_Tanks_and_Pressure_Vessels,Industrial_Sand_Filter_Tank_D2100_SS304,90_MIR.ipt,Part,129536,D:\INVENTOR_DATA\05_STANDARD_COMPONENTS\02_Tanks_and_Pressure_Vessels\Industrial_Sand_Filter_Tank_D2100_SS304\90_MIR.ipt,D:\TAN -DU AN\TOSHIBA\120\3d\BON 1\FILTER\002 BON LOC CAT\90_MIR.ipt
02_Tanks_and_Pressure_Vessels,Industrial_Sand_Filter_Tank_D2100_SS304,chan de.ipt,Part,483840,D:\INVENTOR_DATA\05_STANDARD_COMPONENTS\02_Tanks_and_Pressure_Vessels\Industrial_Sand_Filter_Tank_D2100_SS304\chan de.ipt,D:\TAN -DU AN\TOSHIBA\120\3d\BON 1\FILTER\002 BON LOC CAT\chan de.ipt
02_Tanks_and_Pressure_Vessels,Industrial_Sand_Filter_Tank_D2100_SS304,chom duoi.ipt,Part,729088,D:\INVENTOR_DATA\05_STANDARD_COMPONENTS\02_Tanks_and_Pressure_Vessels\Industrial_Sand_Filter_Tank_D2100_SS304\chom duoi.ipt,D:\TAN -DU AN\TOSHIBA\120\3d\BON 1\FILTER\002 BON LOC CAT\chom duoi.ipt
02_Tanks_and_Pressure_Vessels,Industrial_Sand_Filter_Tank_D2100_SS304,chom tren.ipt,Part,662528,D:\INVENTOR_DATA\05_STANDARD_COMPONENTS\02_Tanks_and_Pressure_Vessels\Industrial_Sand_Filter_Tank_D2100_SS304\chom tren.ipt,D:\TAN -DU AN\TOSHIBA\120\3d\BON 1\FILTER\002 BON LOC CAT\chom tren.ipt
02_Tanks_and_Pressure_Vessels,Industrial_Sand_Filter_Tank_D2100_SS304,Industrial_Sand_Filter_Tank_D2100_SS304.iam,Main Assembly,1807872,D:\INVENTOR_DATA\05_STANDARD_COMPONENTS\02_Tanks_and_Pressure_Vessels\Industrial_Sand_Filter_Tank_D2100_SS304\Industrial_Sand_Filter_Tank_D2100_SS304.iam,Origin Created in Module
02_Tanks_and_Pressure_Vessels,Industrial_Sand_Filter_Tank_D2100_SS304,ISO 7089 - 6 - 140 HV(1).ipt,Part,108544,D:\INVENTOR_DATA\05_STANDARD_COMPONENTS\02_Tanks_and_Pressure_Vessels\Industrial_Sand_Filter_Tank_D2100_SS304\ISO 7089 - 6 - 140 HV(1).ipt,D:\Autodesk\Inventor 2025\Content Center Files\en-US\ISO 7089\ISO 7089 - 6 - 140 HV(1).ipt
02_Tanks_and_Pressure_Vessels,Industrial_Sand_Filter_Tank_D2100_SS304,ISO 7090 - 18 - 140 HV(1).ipt,Part,118272,D:\INVENTOR_DATA\05_STANDARD_COMPONENTS\02_Tanks_and_Pressure_Vessels\Industrial_Sand_Filter_Tank_D2100_SS304\ISO 7090 - 18 - 140 HV(1).ipt,D:\Autodesk\Inventor 2025\Content Center Files\en-US\ISO 7090\ISO 7090 - 18 - 140 HV(1).ipt
02_Tanks_and_Pressure_Vessels,Industrial_Sand_Filter_Tank_D2100_SS304,ISO 7091 - ST 18 - 100 HV.ipt,Part,108544,D:\INVENTOR_DATA\05_STANDARD_COMPONENTS\02_Tanks_and_Pressure_Vessels\Industrial_Sand_Filter_Tank_D2100_SS304\ISO 7091 - ST 18 - 100 HV.ipt,D:\Autodesk\Inventor 2025\Content Center Files\en-US\ISO 7091\ISO 7091 - ST 18 - 100 HV.ipt
02_Tanks_and_Pressure_Vessels,Industrial_Sand_Filter_Tank_D2100_SS304,ISO 7092 - ST 14 - 140 HV.ipt,Part,107520,D:\INVENTOR_DATA\05_STANDARD_COMPONENTS\02_Tanks_and_Pressure_Vessels\Industrial_Sand_Filter_Tank_D2100_SS304\ISO 7092 - ST 14 - 140 HV.ipt,D:\TAN -DU AN\TOSHIBA\120\3d\BON 1\FILTER\ISO 7092 - ST 14 - 140 HV.ipt
02_Tanks_and_Pressure_Vessels,Industrial_Sand_Filter_Tank_D2100_SS304,ISO 7092 - ST 6 - 140 HV.ipt,Part,109568,D:\INVENTOR_DATA\05_STANDARD_COMPONENTS\02_Tanks_and_Pressure_Vessels\Industrial_Sand_Filter_Tank_D2100_SS304\ISO 7092 - ST 6 - 140 HV.ipt,D:\Autodesk\Inventor 2025\Content Center Files\en-US\ISO 7092\ISO 7092 - ST 6 - 140 HV.ipt
02_Tanks_and_Pressure_Vessels,Industrial_Sand_Filter_Tank_D2100_SS304,"ISO 8674 - M14 x 1,5ISO.ipt",Part,166400,"D:\INVENTOR_DATA\05_STANDARD_COMPONENTS\02_Tanks_and_Pressure_Vessels\Industrial_Sand_Filter_Tank_D2100_SS304\ISO 8674 - M14 x 1,5ISO.ipt","D:\Autodesk\Inventor 2025\Content Center Files\en-US\ISO 8674(2)\ISO 8674 - M14 x 1,5ISO.ipt"
02_Tanks_and_Pressure_Vessels,Industrial_Sand_Filter_Tank_D2100_SS304,"ISO 8674 - M18 x 1,5ISO.ipt",Part,166912,"D:\INVENTOR_DATA\05_STANDARD_COMPONENTS\02_Tanks_and_Pressure_Vessels\Industrial_Sand_Filter_Tank_D2100_SS304\ISO 8674 - M18 x 1,5ISO.ipt","D:\Autodesk\Inventor 2025\Content Center Files\en-US\ISO 8674(2)\ISO 8674 - M18 x 1,5ISO.ipt"
02_Tanks_and_Pressure_Vessels,Industrial_Sand_Filter_Tank_D2100_SS304,ISO 8674 - M8 x 1ISO.ipt,Part,165376,D:\INVENTOR_DATA\05_STANDARD_COMPONENTS\02_Tanks_and_Pressure_Vessels\Industrial_Sand_Filter_Tank_D2100_SS304\ISO 8674 - M8 x 1ISO.ipt,D:\Autodesk\Inventor 2025\Content Center Files\en-US\ISO 8674(2)\ISO 8674 - M8 x 1ISO.ipt
02_Tanks_and_Pressure_Vessels,Industrial_Sand_Filter_Tank_D2100_SS304,"ISO 8676 - M14 x 1,5 x 60 - ISO.ipt",Part,196096,"D:\INVENTOR_DATA\05_STANDARD_COMPONENTS\02_Tanks_and_Pressure_Vessels\Industrial_Sand_Filter_Tank_D2100_SS304\ISO 8676 - M14 x 1,5 x 60 - ISO.ipt","D:\Autodesk\Inventor 2025\Content Center Files\en-US\ISO 8676(2)\ISO 8676 - M14 x 1,5 x 60 - ISO.ipt"
02_Tanks_and_Pressure_Vessels,Industrial_Sand_Filter_Tank_D2100_SS304,"ISO 8676 - M18 x 1,5 x 70 - ISO.ipt",Part,195584,"D:\INVENTOR_DATA\05_STANDARD_COMPONENTS\02_Tanks_and_Pressure_Vessels\Industrial_Sand_Filter_Tank_D2100_SS304\ISO 8676 - M18 x 1,5 x 70 - ISO.ipt","D:\Autodesk\Inventor 2025\Content Center Files\en-US\ISO 8676(2)\ISO 8676 - M18 x 1,5 x 70 - ISO.ipt"
02_Tanks_and_Pressure_Vessels,Industrial_Sand_Filter_Tank_D2100_SS304,lap loc tren.iam,Assembly,609280,D:\INVENTOR_DATA\05_STANDARD_COMPONENTS\02_Tanks_and_Pressure_Vessels\Industrial_Sand_Filter_Tank_D2100_SS304\lap loc tren.iam,D:\TAN -DU AN\TOSHIBA\120\3d\BON 1\FILTER\002 BON LOC CAT\lap loc tren.iam
02_Tanks_and_Pressure_Vessels,Industrial_Sand_Filter_Tank_D2100_SS304,loc tren 0.ipt,Part,400384,D:\INVENTOR_DATA\05_STANDARD_COMPONENTS\02_Tanks_and_Pressure_Vessels\Industrial_Sand_Filter_Tank_D2100_SS304\loc tren 0.ipt,D:\TAN -DU AN\TOSHIBA\120\3d\BON 1\FILTER\002 BON LOC CAT\ong loc tren\loc tren 0.ipt
02_Tanks_and_Pressure_Vessels,Industrial_Sand_Filter_Tank_D2100_SS304,loc tren 0_MIR.ipt,Part,177152,D:\INVENTOR_DATA\05_STANDARD_COMPONENTS\02_Tanks_and_Pressure_Vessels\Industrial_Sand_Filter_Tank_D2100_SS304\loc tren 0_MIR.ipt,D:\TAN -DU AN\TOSHIBA\120\3d\BON 1\FILTER\002 BON LOC CAT\ong loc tren\loc tren 0_MIR.ipt
02_Tanks_and_Pressure_Vessels,Industrial_Sand_Filter_Tank_D2100_SS304,loc tren 1.ipt,Part,177664,D:\INVENTOR_DATA\05_STANDARD_COMPONENTS\02_Tanks_and_Pressure_Vessels\Industrial_Sand_Filter_Tank_D2100_SS304\loc tren 1.ipt,D:\TAN -DU AN\TOSHIBA\120\3d\BON 1\FILTER\002 BON LOC CAT\ong loc tren\loc tren 1.ipt
02_Tanks_and_Pressure_Vessels,Industrial_Sand_Filter_Tank_D2100_SS304,loc tren 1_MIR.ipt,Part,180224,D:\INVENTOR_DATA\05_STANDARD_COMPONENTS\02_Tanks_and_Pressure_Vessels\Industrial_Sand_Filter_Tank_D2100_SS304\loc tren 1_MIR.ipt,D:\TAN -DU AN\TOSHIBA\120\3d\BON 1\FILTER\002 BON LOC CAT\ong loc tren\loc tren 1_MIR.ipt
02_Tanks_and_Pressure_Vessels,Industrial_Sand_Filter_Tank_D2100_SS304,loc tren 1_MIR1.ipt,Part,178688,D:\INVENTOR_DATA\05_STANDARD_COMPONENTS\02_Tanks_and_Pressure_Vessels\Industrial_Sand_Filter_Tank_D2100_SS304\loc tren 1_MIR1.ipt,D:\TAN -DU AN\TOSHIBA\120\3d\BON 1\FILTER\002 BON LOC CAT\ong loc tren\loc tren 1_MIR1.ipt
02_Tanks_and_Pressure_Vessels,Industrial_Sand_Filter_Tank_D2100_SS304,loc tren 1_MIR2.ipt,Part,180224,D:\INVENTOR_DATA\05_STANDARD_COMPONENTS\02_Tanks_and_Pressure_Vessels\Industrial_Sand_Filter_Tank_D2100_SS304\loc tren 1_MIR2.ipt,D:\TAN -DU AN\TOSHIBA\120\3d\BON 1\FILTER\002 BON LOC CAT\ong loc tren\loc tren 1_MIR2.ipt
02_Tanks_and_Pressure_Vessels,Industrial_Sand_Filter_Tank_D2100_SS304,loc tren 1_MIR2_MIR.ipt,Part,182272,D:\INVENTOR_DATA\05_STANDARD_COMPONENTS\02_Tanks_and_Pressure_Vessels\Industrial_Sand_Filter_Tank_D2100_SS304\loc tren 1_MIR2_MIR.ipt,D:\TAN -DU AN\TOSHIBA\120\3d\BON 1\FILTER\002 BON LOC CAT\ong loc tren\loc tren 1_MIR2_MIR.ipt
02_Tanks_and_Pressure_Vessels,Industrial_Sand_Filter_Tank_D2100_SS304,loc tren 1_MIR3.ipt,Part,178688,D:\INVENTOR_DATA\05_STANDARD_COMPONENTS\02_Tanks_and_Pressure_Vessels\Industrial_Sand_Filter_Tank_D2100_SS304\loc tren 1_MIR3.ipt,D:\TAN -DU AN\TOSHIBA\120\3d\BON 1\FILTER\002 BON LOC CAT\ong loc tren\loc tren 1_MIR3.ipt
02_Tanks_and_Pressure_Vessels,Industrial_Sand_Filter_Tank_D2100_SS304,loc tren 1_MIR_MIR.ipt,Part,182272,D:\INVENTOR_DATA\05_STANDARD_COMPONENTS\02_Tanks_and_Pressure_Vessels\Industrial_Sand_Filter_Tank_D2100_SS304\loc tren 1_MIR_MIR.ipt,D:\TAN -DU AN\TOSHIBA\120\3d\BON 1\FILTER\002 BON LOC CAT\ong loc tren\loc tren 1_MIR_MIR.ipt
02_Tanks_and_Pressure_Vessels,Industrial_Sand_Filter_Tank_D2100_SS304,loc tren 2.ipt,Part,400896,D:\INVENTOR_DATA\05_STANDARD_COMPONENTS\02_Tanks_and_Pressure_Vessels\Industrial_Sand_Filter_Tank_D2100_SS304\loc tren 2.ipt,D:\TAN -DU AN\TOSHIBA\120\3d\BON 1\FILTER\002 BON LOC CAT\ong loc tren\loc tren 2.ipt
02_Tanks_and_Pressure_Vessels,Industrial_Sand_Filter_Tank_D2100_SS304,loc tren 2_MIR.ipt,Part,181760,D:\INVENTOR_DATA\05_STANDARD_COMPONENTS\02_Tanks_and_Pressure_Vessels\Industrial_Sand_Filter_Tank_D2100_SS304\loc tren 2_MIR.ipt,D:\TAN -DU AN\TOSHIBA\120\3d\BON 1\FILTER\002 BON LOC CAT\ong loc tren\loc tren 2_MIR.ipt
02_Tanks_and_Pressure_Vessels,Industrial_Sand_Filter_Tank_D2100_SS304,loc tren 2_MIR1.ipt,Part,180224,D:\INVENTOR_DATA\05_STANDARD_COMPONENTS\02_Tanks_and_Pressure_Vessels\Industrial_Sand_Filter_Tank_D2100_SS304\loc tren 2_MIR1.ipt,D:\TAN -DU AN\TOSHIBA\120\3d\BON 1\FILTER\002 BON LOC CAT\ong loc tren\loc tren 2_MIR1.ipt
02_Tanks_and_Pressure_Vessels,Industrial_Sand_Filter_Tank_D2100_SS304,loc tren 2_MIR_MIR.ipt,Part,182784,D:\INVENTOR_DATA\05_STANDARD_COMPONENTS\02_Tanks_and_Pressure_Vessels\Industrial_Sand_Filter_Tank_D2100_SS304\loc tren 2_MIR_MIR.ipt,D:\TAN -DU AN\TOSHIBA\120\3d\BON 1\FILTER\002 BON LOC CAT\ong loc tren\loc tren 2_MIR_MIR.ipt
02_Tanks_and_Pressure_Vessels,Industrial_Sand_Filter_Tank_D2100_SS304,loc tren 3.ipt,Part,399872,D:\INVENTOR_DATA\05_STANDARD_COMPONENTS\02_Tanks_and_Pressure_Vessels\Industrial_Sand_Filter_Tank_D2100_SS304\loc tren 3.ipt,D:\TAN -DU AN\TOSHIBA\120\3d\BON 1\FILTER\002 BON LOC CAT\ong loc tren\loc tren 3.ipt
02_Tanks_and_Pressure_Vessels,Industrial_Sand_Filter_Tank_D2100_SS304,loc tren 3_MIR.ipt,Part,187392,D:\INVENTOR_DATA\05_STANDARD_COMPONENTS\02_Tanks_and_Pressure_Vessels\Industrial_Sand_Filter_Tank_D2100_SS304\loc tren 3_MIR.ipt,D:\TAN -DU AN\TOSHIBA\120\3d\BON 1\FILTER\002 BON LOC CAT\ong loc tren\loc tren 3_MIR.ipt
02_Tanks_and_Pressure_Vessels,Industrial_Sand_Filter_Tank_D2100_SS304,loc tren 3_MIR1.ipt,Part,184832,D:\INVENTOR_DATA\05_STANDARD_COMPONENTS\02_Tanks_and_Pressure_Vessels\Industrial_Sand_Filter_Tank_D2100_SS304\loc tren 3_MIR1.ipt,D:\TAN -DU AN\TOSHIBA\120\3d\BON 1\FILTER\002 BON LOC CAT\ong loc tren\loc tren 3_MIR1.ipt
02_Tanks_and_Pressure_Vessels,Industrial_Sand_Filter_Tank_D2100_SS304,loc tren 3_MIR_MIR.ipt,Part,187392,D:\INVENTOR_DATA\05_STANDARD_COMPONENTS\02_Tanks_and_Pressure_Vessels\Industrial_Sand_Filter_Tank_D2100_SS304\loc tren 3_MIR_MIR.ipt,D:\TAN -DU AN\TOSHIBA\120\3d\BON 1\FILTER\002 BON LOC CAT\ong loc tren\loc tren 3_MIR_MIR.ipt
02_Tanks_and_Pressure_Vessels,Industrial_Sand_Filter_Tank_D2100_SS304,MB DN100.ipt,Part,364032,D:\INVENTOR_DATA\05_STANDARD_COMPONENTS\02_Tanks_and_Pressure_Vessels\Industrial_Sand_Filter_Tank_D2100_SS304\MB DN100.ipt,D:\TAN -DU AN\TOSHIBA\120\3d\BON 1\FILTER\002 BON LOC CAT\MB DN100.ipt
02_Tanks_and_Pressure_Vessels,Industrial_Sand_Filter_Tank_D2100_SS304,MB hong.ipt,Part,359424,D:\INVENTOR_DATA\05_STANDARD_COMPONENTS\02_Tanks_and_Pressure_Vessels\Industrial_Sand_Filter_Tank_D2100_SS304\MB hong.ipt,D:\TAN -DU AN\TOSHIBA\120\3d\BON 1\FILTER\002 BON LOC CAT\MB hong.ipt
02_Tanks_and_Pressure_Vessels,Industrial_Sand_Filter_Tank_D2100_SS304,MB mu hong.ipt,Part,437248,D:\INVENTOR_DATA\05_STANDARD_COMPONENTS\02_Tanks_and_Pressure_Vessels\Industrial_Sand_Filter_Tank_D2100_SS304\MB mu hong.ipt,D:\TAN -DU AN\TOSHIBA\120\3d\BON 1\FILTER\002 BON LOC CAT\MB mu hong.ipt
02_Tanks_and_Pressure_Vessels,Industrial_Sand_Filter_Tank_D2100_SS304,MB mu tren .ipt,Part,472064,D:\INVENTOR_DATA\05_STANDARD_COMPONENTS\02_Tanks_and_Pressure_Vessels\Industrial_Sand_Filter_Tank_D2100_SS304\MB mu tren .ipt,D:\TAN -DU AN\TOSHIBA\120\3d\BON 1\FILTER\002 BON LOC CAT\MB mu tren .ipt
02_Tanks_and_Pressure_Vessels,Industrial_Sand_Filter_Tank_D2100_SS304,MB trong.ipt,Part,426496,D:\INVENTOR_DATA\05_STANDARD_COMPONENTS\02_Tanks_and_Pressure_Vessels\Industrial_Sand_Filter_Tank_D2100_SS304\MB trong.ipt,D:\TAN -DU AN\TOSHIBA\120\3d\BON 1\FILTER\002 BON LOC CAT\MB trong.ipt
02_Tanks_and_Pressure_Vessels,Industrial_Sand_Filter_Tank_D2100_SS304,MB.ipt,Part,429056,D:\INVENTOR_DATA\05_STANDARD_COMPONENTS\02_Tanks_and_Pressure_Vessels\Industrial_Sand_Filter_Tank_D2100_SS304\MB.ipt,D:\TAN -DU AN\TOSHIBA\120\3d\BON 1\FILTER\002 BON LOC CAT\MB.ipt
02_Tanks_and_Pressure_Vessels,Industrial_Sand_Filter_Tank_D2100_SS304,ong cap loc.ipt,Part,567296,D:\INVENTOR_DATA\05_STANDARD_COMPONENTS\02_Tanks_and_Pressure_Vessels\Industrial_Sand_Filter_Tank_D2100_SS304\ong cap loc.ipt,D:\TAN -DU AN\TOSHIBA\120\3d\BON 1\FILTER\002 BON LOC CAT\ong cap loc.ipt
02_Tanks_and_Pressure_Vessels,Industrial_Sand_Filter_Tank_D2100_SS304,ong chia duoi.ipt,Part,519168,D:\INVENTOR_DATA\05_STANDARD_COMPONENTS\02_Tanks_and_Pressure_Vessels\Industrial_Sand_Filter_Tank_D2100_SS304\ong chia duoi.ipt,D:\TAN -DU AN\TOSHIBA\120\3d\BON 1\FILTER\002 BON LOC CAT\ong chia duoi.ipt
02_Tanks_and_Pressure_Vessels,Industrial_Sand_Filter_Tank_D2100_SS304,ong loc.ipt,Part,392704,D:\INVENTOR_DATA\05_STANDARD_COMPONENTS\02_Tanks_and_Pressure_Vessels\Industrial_Sand_Filter_Tank_D2100_SS304\ong loc.ipt,D:\TAN -DU AN\TOSHIBA\120\3d\BON 1\FILTER\002 BON LOC CAT\ong loc.ipt
02_Tanks_and_Pressure_Vessels,Industrial_Sand_Filter_Tank_D2100_SS304,ong phan phoi duoi.iam,Assembly,463360,D:\INVENTOR_DATA\05_STANDARD_COMPONENTS\02_Tanks_and_Pressure_Vessels\Industrial_Sand_Filter_Tank_D2100_SS304\ong phan phoi duoi.iam,D:\TAN -DU AN\TOSHIBA\120\3d\BON 1\FILTER\002 BON LOC CAT\ong phan phoi duoi.iam
02_Tanks_and_Pressure_Vessels,Industrial_Sand_Filter_Tank_D2100_SS304,tai cau.ipt,Part,437248,D:\INVENTOR_DATA\05_STANDARD_COMPONENTS\02_Tanks_and_Pressure_Vessels\Industrial_Sand_Filter_Tank_D2100_SS304\tai cau.ipt,D:\TAN -DU AN\TOSHIBA\120\3d\BON 1\FILTER\002 BON LOC CAT\tai cau.ipt
02_Tanks_and_Pressure_Vessels,Industrial_Sand_Filter_Tank_D2100_SS304,than bon.ipt,Part,703488,D:\INVENTOR_DATA\05_STANDARD_COMPONENTS\02_Tanks_and_Pressure_Vessels\Industrial_Sand_Filter_Tank_D2100_SS304\than bon.ipt,D:\TAN -DU AN\TOSHIBA\120\3d\BON 1\FILTER\than bon.ipt
02_Tanks_and_Pressure_Vessels,Industrial_Sand_Filter_Tank_D2100_SS304,thang.ipt,Part,548352,D:\INVENTOR_DATA\05_STANDARD_COMPONENTS\02_Tanks_and_Pressure_Vessels\Industrial_Sand_Filter_Tank_D2100_SS304\thang.ipt,D:\TAN -DU AN\TOSHIBA\120\3d\BON 1\FILTER\002 BON LOC CAT\thang.ipt
02_Tanks_and_Pressure_Vessels,Industrial_Sand_Filter_Tank_D2100_SS304,vat trong chan.ipt,Part,143360,D:\INVENTOR_DATA\05_STANDARD_COMPONENTS\02_Tanks_and_Pressure_Vessels\Industrial_Sand_Filter_Tank_D2100_SS304\vat trong chan.ipt,D:\TAN -DU AN\TOSHIBA\120\3d\BON 1\FILTER\002 BON LOC CAT\vat trong chan.ipt
02_Tanks_and_Pressure_Vessels,Low_Profile_Square_Brine_Tank_100L,Low_Profile_Square_Brine_Tank_100L.ipt,Part,520704,D:\INVENTOR_DATA\05_STANDARD_COMPONENTS\02_Tanks_and_Pressure_Vessels\Low_Profile_Square_Brine_Tank_100L\Low_Profile_Square_Brine_Tank_100L.ipt,Origin Created in Module
02_Tanks_and_Pressure_Vessels,Round_PE_Brine_Tank_200L_Softener,Round_PE_Brine_Tank_200L_Softener.ipt,Part,232448,D:\INVENTOR_DATA\05_STANDARD_COMPONENTS\02_Tanks_and_Pressure_Vessels\Round_PE_Brine_Tank_200L_Softener\Round_PE_Brine_Tank_200L_Softener.ipt,Origin Created in Module
02_Tanks_and_Pressure_Vessels,Round_PE_Brine_Tank_300L_Softener,Round_PE_Brine_Tank_300L_Softener.ipt,Part,187904,D:\INVENTOR_DATA\05_STANDARD_COMPONENTS\02_Tanks_and_Pressure_Vessels\Round_PE_Brine_Tank_300L_Softener\Round_PE_Brine_Tank_300L_Softener.ipt,Origin Created in Module
02_Tanks_and_Pressure_Vessels,Stainless_RO_Water_Tank_3000L_SUS304,Stainless_RO_Water_Tank_3000L_SUS304.ipt,Part,927744,D:\INVENTOR_DATA\05_STANDARD_COMPONENTS\02_Tanks_and_Pressure_Vessels\Stainless_RO_Water_Tank_3000L_SUS304\Stainless_RO_Water_Tank_3000L_SUS304.ipt,Origin Created in Module
02_Tanks_and_Pressure_Vessels,Stainless_Steel_Storage_Tank_10m3_SUS304,Bon 10m3 TADT.ipt,Part,342016,D:\INVENTOR_DATA\05_STANDARD_COMPONENTS\02_Tanks_and_Pressure_Vessels\Stainless_Steel_Storage_Tank_10m3_SUS304\Bon 10m3 TADT.ipt,D:\TAN -DU AN\TOSHIBA\120\3d\BON 1\FILTER\0-LOC TONG HOP\tan tan loc\Workgroups\NotInProject\BON 10M3 TADT\Bon 10m3 TADT.ipt
02_Tanks_and_Pressure_Vessels,Stainless_Steel_Storage_Tank_10m3_SUS304,Khung bon 10m3 TADT.ipt,Part,134144,D:\INVENTOR_DATA\05_STANDARD_COMPONENTS\02_Tanks_and_Pressure_Vessels\Stainless_Steel_Storage_Tank_10m3_SUS304\Khung bon 10m3 TADT.ipt,D:\TAN -DU AN\TOSHIBA\120\3d\BON 1\FILTER\0-LOC TONG HOP\tan tan loc\Workgroups\NotInProject\BON 10M3 TADT\Khung bon 10m3 TADT.ipt
02_Tanks_and_Pressure_Vessels,Stainless_Steel_Storage_Tank_10m3_SUS304,Lap bon 10m3 TADT.iam,Assembly,203776,D:\INVENTOR_DATA\05_STANDARD_COMPONENTS\02_Tanks_and_Pressure_Vessels\Stainless_Steel_Storage_Tank_10m3_SUS304\Lap bon 10m3 TADT.iam,D:\TAN -DU AN\TOSHIBA\120\3d\BON 1\FILTER\0-LOC TONG HOP\tan tan loc\Workgroups\NotInProject\Lap bon 10m3 TADT.iam
02_Tanks_and_Pressure_Vessels,Stainless_Steel_Storage_Tank_10m3_SUS304,Stainless_Steel_Storage_Tank_10m3_SUS304.iam,Main Assembly,412160,D:\INVENTOR_DATA\05_STANDARD_COMPONENTS\02_Tanks_and_Pressure_Vessels\Stainless_Steel_Storage_Tank_10m3_SUS304\Stainless_Steel_Storage_Tank_10m3_SUS304.iam,Origin Created in Module
02_Tanks_and_Pressure_Vessels,Stainless_Steel_Storage_Tank_2000L_Vertical_SUS304,bon 2000l.ipt,Part,722432,D:\INVENTOR_DATA\05_STANDARD_COMPONENTS\02_Tanks_and_Pressure_Vessels\Stainless_Steel_Storage_Tank_2000L_Vertical_SUS304\bon 2000l.ipt,D:\TAN -DU AN\TOSHIBA\120\3d\BON 1\FILTER\2m3 xuong chao\bon 2000l.ipt
02_Tanks_and_Pressure_Vessels,Stainless_Steel_Storage_Tank_2000L_Vertical_SUS304,Stainless_Steel_Storage_Tank_2000L_Vertical_SUS304.iam,Main Assembly,376832,D:\INVENTOR_DATA\05_STANDARD_COMPONENTS\02_Tanks_and_Pressure_Vessels\Stainless_Steel_Storage_Tank_2000L_Vertical_SUS304\Stainless_Steel_Storage_Tank_2000L_Vertical_SUS304.iam,Origin Created in Module
03_Piping_and_Fittings,Clear_UPVC_Static_Mixer_DN25_Union,Clear_UPVC_Static_Mixer_DN25_Union.iam,Main Assembly,205824,D:\INVENTOR_DATA\05_STANDARD_COMPONENTS\03_Piping_and_Fittings\Clear_UPVC_Static_Mixer_DN25_Union\Clear_UPVC_Static_Mixer_DN25_Union.iam,Origin Created in Module
03_Piping_and_Fittings,Clear_UPVC_Static_Mixer_DN25_Union,lap dat tam mixer 34.iam,Assembly,128512,D:\INVENTOR_DATA\05_STANDARD_COMPONENTS\03_Piping_and_Fittings\Clear_UPVC_Static_Mixer_DN25_Union\lap dat tam mixer 34.iam,D:\TAN -DU AN\TOSHIBA\120\3d\BON 1\FILTER\0-LOC TONG HOP\nano bubble\Workgroups\NotInProject\lap dat tam mixer 34.iam
03_Piping_and_Fittings,Clear_UPVC_Static_Mixer_DN25_Union,ong PVC clear D34.ipt,Part,80384,D:\INVENTOR_DATA\05_STANDARD_COMPONENTS\03_Piping_and_Fittings\Clear_UPVC_Static_Mixer_DN25_Union\ong PVC clear D34.ipt,D:\TAN -DU AN\TOSHIBA\120\3d\BON 1\FILTER\0-LOC TONG HOP\nano bubble\Workgroups\NotInProject\ong PVC clear D34.ipt
03_Piping_and_Fittings,Clear_UPVC_Static_Mixer_DN25_Union,racco 34.ipt,Part,660992,D:\INVENTOR_DATA\05_STANDARD_COMPONENTS\03_Piping_and_Fittings\Clear_UPVC_Static_Mixer_DN25_Union\racco 34.ipt,D:\TAN -DU AN\TOSHIBA\120\3d\BON 1\FILTER\2m3 xuong chao\racco 34.ipt
03_Piping_and_Fittings,Clear_UPVC_Static_Mixer_DN25_Union,tam mixer 1 - Copy.ipt,Part,780288,D:\INVENTOR_DATA\05_STANDARD_COMPONENTS\03_Piping_and_Fittings\Clear_UPVC_Static_Mixer_DN25_Union\tam mixer 1 - Copy.ipt,D:\TAN -DU AN\TOSHIBA\120\3d\BON 1\FILTER\0-LOC TONG HOP\nano bubble\Workgroups\NotInProject\tam mixer 1 - Copy.ipt
03_Piping_and_Fittings,Clear_UPVC_Static_Mixer_DN25_Union,tam mixer 1.ipt,Part,995328,D:\INVENTOR_DATA\05_STANDARD_COMPONENTS\03_Piping_and_Fittings\Clear_UPVC_Static_Mixer_DN25_Union\tam mixer 1.ipt,D:\TAN -DU AN\TOSHIBA\120\3d\BON 1\FILTER\MIXER\ONG 34\tam mixer 1.ipt
03_Piping_and_Fittings,Clear_UPVC_Static_Mixer_DN50_Union,Clear_UPVC_Static_Mixer_DN50_Union.iam,Main Assembly,197120,D:\INVENTOR_DATA\05_STANDARD_COMPONENTS\03_Piping_and_Fittings\Clear_UPVC_Static_Mixer_DN50_Union\Clear_UPVC_Static_Mixer_DN50_Union.iam,Origin Created in Module
03_Piping_and_Fittings,Clear_UPVC_Static_Mixer_DN50_Union,LAP DAT ONG MIXER.iam,Assembly,379392,D:\INVENTOR_DATA\05_STANDARD_COMPONENTS\03_Piping_and_Fittings\Clear_UPVC_Static_Mixer_DN50_Union\LAP DAT ONG MIXER.iam,D:\TAN -DU AN\TOSHIBA\120\3d\BON 1\FILTER\MIXER\LAP DAT ONG MIXER.iam
03_Piping_and_Fittings,Clear_UPVC_Static_Mixer_DN50_Union,LAP DAT ONG MIXER_Simplify_1.ipt,Part,879616,D:\INVENTOR_DATA\05_STANDARD_COMPONENTS\03_Piping_and_Fittings\Clear_UPVC_Static_Mixer_DN50_Union\LAP DAT ONG MIXER_Simplify_1.ipt,D:\TAN -DU AN\TOSHIBA\120\3d\BON 1\FILTER\MIXER\LAP DAT ONG MIXER_Simplify_1.ipt
03_Piping_and_Fittings,Clear_UPVC_Static_Mixer_DN50_Union,lap dat tam mixer.iam,Assembly,254464,D:\INVENTOR_DATA\05_STANDARD_COMPONENTS\03_Piping_and_Fittings\Clear_UPVC_Static_Mixer_DN50_Union\lap dat tam mixer.iam,D:\TAN -DU AN\TOSHIBA\120\3d\BON 1\FILTER\MIXER\lap dat tam mixer.iam
03_Piping_and_Fittings,Clear_UPVC_Static_Mixer_DN50_Union,MAT BICH nhua 60 .ipt,Part,364544,D:\INVENTOR_DATA\05_STANDARD_COMPONENTS\03_Piping_and_Fittings\Clear_UPVC_Static_Mixer_DN50_Union\MAT BICH nhua 60 .ipt,D:\TAN -DU AN\TOSHIBA\120\3d\BON 1\phu kien nhua\MAT BICH nhua 60 .ipt
03_Piping_and_Fittings,Clear_UPVC_Static_Mixer_DN50_Union,ong PVC clear D60.ipt,Part,96256,D:\INVENTOR_DATA\05_STANDARD_COMPONENTS\03_Piping_and_Fittings\Clear_UPVC_Static_Mixer_DN50_Union\ong PVC clear D60.ipt,D:\TAN -DU AN\TOSHIBA\120\3d\BON 1\FILTER\MIXER\ong PVC clear D60.ipt
03_Piping_and_Fittings,Clear_UPVC_Static_Mixer_DN50_Union,RAC CO 60.ipt,Part,480768,D:\INVENTOR_DATA\05_STANDARD_COMPONENTS\03_Piping_and_Fittings\Clear_UPVC_Static_Mixer_DN50_Union\RAC CO 60.ipt,D:\TAN -DU AN\TOSHIBA\120\3d\BON 1\FILTER\2m3 xuong chao\RAC CO 60.ipt
03_Piping_and_Fittings,Clear_UPVC_Static_Mixer_DN50_Union,tam mixer 1 - Copy.ipt,Part,810496,D:\INVENTOR_DATA\05_STANDARD_COMPONENTS\03_Piping_and_Fittings\Clear_UPVC_Static_Mixer_DN50_Union\tam mixer 1 - Copy.ipt,D:\TAN -DU AN\TOSHIBA\120\3d\BON 1\FILTER\MIXER\tam mixer 1 - Copy.ipt
03_Piping_and_Fittings,Clear_UPVC_Static_Mixer_DN50_Union,tam mixer 1.ipt,Part,807936,D:\INVENTOR_DATA\05_STANDARD_COMPONENTS\03_Piping_and_Fittings\Clear_UPVC_Static_Mixer_DN50_Union\tam mixer 1.ipt,D:\TAN -DU AN\TOSHIBA\120\3d\BON 1\FILTER\MIXER\tam mixer 1.ipt
03_Piping_and_Fittings,Dual_UPVC_Flange_Connection_DN65,Bolted Connection1.iam,Assembly,168960,D:\INVENTOR_DATA\05_STANDARD_COMPONENTS\03_Piping_and_Fittings\Dual_UPVC_Flange_Connection_DN65\Bolted Connection1.iam,D:\TAN -DU AN\TOSHIBA\120\3d\BON 1\FILTER\bon frp 4272\lap 2 mat bich 76\Design Accelerator\Bolted Connection1.iam
03_Piping_and_Fittings,Dual_UPVC_Flange_Connection_DN65,Dual_UPVC_Flange_Connection_DN65.iam,Main Assembly,177664,D:\INVENTOR_DATA\05_STANDARD_COMPONENTS\03_Piping_and_Fittings\Dual_UPVC_Flange_Connection_DN65\Dual_UPVC_Flange_Connection_DN65.iam,Origin Created in Module
03_Piping_and_Fittings,Dual_UPVC_Flange_Connection_DN65,ISO 7092 - ST 14 - 140 HV.ipt,Part,108544,D:\INVENTOR_DATA\05_STANDARD_COMPONENTS\03_Piping_and_Fittings\Dual_UPVC_Flange_Connection_DN65\ISO 7092 - ST 14 - 140 HV.ipt,D:\TAN -DU AN\TOSHIBA\120\3d\BON 1\FILTER\0-LOC TONG HOP\XLNT toshiba\Libraries\Content Center Files\en-US\ISO 7092\ISO 7092 - ST 14 - 140 HV.ipt
03_Piping_and_Fittings,Dual_UPVC_Flange_Connection_DN65,"ISO 8673 - M14 x 1,5ISO.ipt",Part,167424,"D:\INVENTOR_DATA\05_STANDARD_COMPONENTS\03_Piping_and_Fittings\Dual_UPVC_Flange_Connection_DN65\ISO 8673 - M14 x 1,5ISO.ipt","D:\Autodesk\Inventor 2025\Content Center Files\en-US\ISO 8673(2)\ISO 8673 - M14 x 1,5ISO.ipt"
03_Piping_and_Fittings,Dual_UPVC_Flange_Connection_DN65,"ISO 8676 - M14 x 1,5 x 70 - ISO.ipt",Part,195072,"D:\INVENTOR_DATA\05_STANDARD_COMPONENTS\03_Piping_and_Fittings\Dual_UPVC_Flange_Connection_DN65\ISO 8676 - M14 x 1,5 x 70 - ISO.ipt","D:\Autodesk\Inventor 2025\Content Center Files\en-US\ISO 8676(2)\ISO 8676 - M14 x 1,5 x 70 - ISO.ipt"
03_Piping_and_Fittings,Dual_UPVC_Flange_Connection_DN65,ISO 8676 - M14 x 1.5 x 70 - ISO.ipt,Part,195584,D:\INVENTOR_DATA\05_STANDARD_COMPONENTS\03_Piping_and_Fittings\Dual_UPVC_Flange_Connection_DN65\ISO 8676 - M14 x 1.5 x 70 - ISO.ipt,D:\TAN -DU AN\TOSHIBA\120\3d\BON 1\FILTER\ISO 8676 - M14 x 1.5 x 70 - ISO.ipt
03_Piping_and_Fittings,Dual_UPVC_Flange_Connection_DN65,lap 2 mat bich 76.iam,Assembly,184832,D:\INVENTOR_DATA\05_STANDARD_COMPONENTS\03_Piping_and_Fittings\Dual_UPVC_Flange_Connection_DN65\lap 2 mat bich 76.iam,D:\TAN -DU AN\TOSHIBA\120\3d\BON 1\FILTER\bon frp 4272\lap 2 mat bich 76.iam
03_Piping_and_Fittings,Dual_UPVC_Flange_Connection_DN65,MAT BICH nhua 76.ipt,Part,369152,D:\INVENTOR_DATA\05_STANDARD_COMPONENTS\03_Piping_and_Fittings\Dual_UPVC_Flange_Connection_DN65\MAT BICH nhua 76.ipt,D:\TAN -DU AN\TOSHIBA\120\3d\BON 1\FILTER\MAT BICH nhua 76.ipt
03_Piping_and_Fittings,Dual_UPVC_Flange_Connection_DN80,Bolted Connection1.iam,Assembly,209920,D:\INVENTOR_DATA\05_STANDARD_COMPONENTS\03_Piping_and_Fittings\Dual_UPVC_Flange_Connection_DN80\Bolted Connection1.iam,D:\TAN -DU AN\TOSHIBA\120\3d\BON 1\FILTER\bon frp 4272\lap 2 mat bich 90\Design Accelerator\Bolted Connection1.iam
03_Piping_and_Fittings,Dual_UPVC_Flange_Connection_DN80,Dual_UPVC_Flange_Connection_DN80.iam,Main Assembly,207360,D:\INVENTOR_DATA\05_STANDARD_COMPONENTS\03_Piping_and_Fittings\Dual_UPVC_Flange_Connection_DN80\Dual_UPVC_Flange_Connection_DN80.iam,Origin Created in Module
03_Piping_and_Fittings,Dual_UPVC_Flange_Connection_DN80,ISO 8676 - M14 x 1.5 x 70 - ISO.ipt,Part,195584,D:\INVENTOR_DATA\05_STANDARD_COMPONENTS\03_Piping_and_Fittings\Dual_UPVC_Flange_Connection_DN80\ISO 8676 - M14 x 1.5 x 70 - ISO.ipt,D:\TAN -DU AN\TOSHIBA\120\3d\BON 1\FILTER\ISO 8676 - M14 x 1.5 x 70 - ISO.ipt
03_Piping_and_Fittings,Dual_UPVC_Flange_Connection_DN80,lap 2 mat bich 90.iam,Assembly,207360,D:\INVENTOR_DATA\05_STANDARD_COMPONENTS\03_Piping_and_Fittings\Dual_UPVC_Flange_Connection_DN80\lap 2 mat bich 90.iam,D:\TAN -DU AN\TOSHIBA\120\3d\BON 1\FILTER\bon frp 4272\lap 2 mat bich 90.iam
03_Piping_and_Fittings,Dual_UPVC_Flange_Connection_DN80,MAT BICH nhua 90.ipt,Part,203776,D:\INVENTOR_DATA\05_STANDARD_COMPONENTS\03_Piping_and_Fittings\Dual_UPVC_Flange_Connection_DN80\MAT BICH nhua 90.ipt,D:\TAN -DU AN\TOSHIBA\120\3d\BON 1\MAT BICH nhua 90.ipt
03_Piping_and_Fittings,HDPE_Clamp_Saddle_DN80_to_DN15,dai khoi thuy 90-34.ipt,Part,201216,D:\INVENTOR_DATA\05_STANDARD_COMPONENTS\03_Piping_and_Fittings\HDPE_Clamp_Saddle_DN80_to_DN15\dai khoi thuy 90-34.ipt,D:\TAN -DU AN\TOSHIBA\120\3d\BON 1\phu kien nhua\dai khoi thuy 90-34.ipt
03_Piping_and_Fittings,HDPE_Clamp_Saddle_DN80_to_DN15,DIN 6926 - M8 x 1.ipt,Part,214528,D:\INVENTOR_DATA\05_STANDARD_COMPONENTS\03_Piping_and_Fittings\HDPE_Clamp_Saddle_DN80_to_DN15\DIN 6926 - M8 x 1.ipt,D:\TAN -DU AN\RO 8M3 BD\INVENTOR\Workgroups\NotInProject\DIN 6926 - M8 x 1.ipt
03_Piping_and_Fittings,HDPE_Clamp_Saddle_DN80_to_DN15,HDPE_Clamp_Saddle_DN80_to_DN15.iam,Main Assembly,352256,D:\INVENTOR_DATA\05_STANDARD_COMPONENTS\03_Piping_and_Fittings\HDPE_Clamp_Saddle_DN80_to_DN15\HDPE_Clamp_Saddle_DN80_to_DN15.iam,Origin Created in Module
03_Piping_and_Fittings,HDPE_Clamp_Saddle_DN80_to_DN15,ISO 8676 - M8 x 1 x 25 - ISO.ipt,Part,192512,D:\INVENTOR_DATA\05_STANDARD_COMPONENTS\03_Piping_and_Fittings\HDPE_Clamp_Saddle_DN80_to_DN15\ISO 8676 - M8 x 1 x 25 - ISO.ipt,D:\TAN -DU AN\TOSHIBA\120\3d\BON 1\FILTER\0-LOC TONG HOP\LOC TONG LAP RAP\Libraries\Content Center Files\en-US\ISO 8676(2)\ISO 8676 - M8 x 1 x 25 - ISO.ipt
03_Piping_and_Fittings,HDPE_Clamp_Saddle_DN80_to_DN15,lap khoi thuy 90-21.iam,Assembly,352256,D:\INVENTOR_DATA\05_STANDARD_COMPONENTS\03_Piping_and_Fittings\HDPE_Clamp_Saddle_DN80_to_DN15\lap khoi thuy 90-21.iam,D:\TAN -DU AN\TOSHIBA\120\3d\BON 1\FILTER\cam bien ap suat\lap khoi thuy 90-21.iam
03_Piping_and_Fittings,Tied_Flexible_Pump_Connector_SUS304,Bellows-SUS304.ipt,Part,881664,D:\INVENTOR_DATA\05_STANDARD_COMPONENTS\03_Piping_and_Fittings\Tied_Flexible_Pump_Connector_SUS304\Bellows-SUS304.ipt,D:\TAN -DU AN\TOSHIBA\120\3d\BON 1\ances-khopmem\Bellows-SUS304.ipt
03_Piping_and_Fittings,Tied_Flexible_Pump_Connector_SUS304,Bolted Connection1.iam,Assembly,138752,D:\INVENTOR_DATA\05_STANDARD_COMPONENTS\03_Piping_and_Fittings\Tied_Flexible_Pump_Connector_SUS304\Bolted Connection1.iam,D:\TAN -DU AN\TOSHIBA\120\3d\BON 1\ances-khopmem\Tied Pump Connector\Design Accelerator\Bolted Connection1.iam
03_Piping_and_Fittings,Tied_Flexible_Pump_Connector_SUS304,flange-carbon steel.ipt,Part,272896,D:\INVENTOR_DATA\05_STANDARD_COMPONENTS\03_Piping_and_Fittings\Tied_Flexible_Pump_Connector_SUS304\flange-carbon steel.ipt,D:\TAN -DU AN\TOSHIBA\120\3d\BON 1\ances-khopmem\flange-carbon steel.ipt
03_Piping_and_Fittings,Tied_Flexible_Pump_Connector_SUS304,ISO 4017 - M14 x 130 - ISO.ipt,Part,193536,D:\INVENTOR_DATA\05_STANDARD_COMPONENTS\03_Piping_and_Fittings\Tied_Flexible_Pump_Connector_SUS304\ISO 4017 - M14 x 130 - ISO.ipt,D:\Autodesk\Inventor 2025\Content Center Files\en-US\ISO 4017(1)\ISO 4017 - M14 x 130 - ISO.ipt
03_Piping_and_Fittings,Tied_Flexible_Pump_Connector_SUS304,ISO 7041 - M14 - ISO.ipt,Part,179200,D:\INVENTOR_DATA\05_STANDARD_COMPONENTS\03_Piping_and_Fittings\Tied_Flexible_Pump_Connector_SUS304\ISO 7041 - M14 - ISO.ipt,D:\Autodesk\Inventor 2025\Content Center Files\en-US\ISO 7041\ISO 7041 - M14 - ISO.ipt
03_Piping_and_Fittings,Tied_Flexible_Pump_Connector_SUS304,Plastic Ring.ipt,Part,158208,D:\INVENTOR_DATA\05_STANDARD_COMPONENTS\03_Piping_and_Fittings\Tied_Flexible_Pump_Connector_SUS304\Plastic Ring.ipt,D:\TAN -DU AN\TOSHIBA\120\3d\BON 1\ances-khopmem\Plastic Ring.ipt
03_Piping_and_Fittings,Tied_Flexible_Pump_Connector_SUS304,Tied Pump Connector.iam,Assembly,568320,D:\INVENTOR_DATA\05_STANDARD_COMPONENTS\03_Piping_and_Fittings\Tied_Flexible_Pump_Connector_SUS304\Tied Pump Connector.iam,D:\TAN -DU AN\TOSHIBA\120\3d\BON 1\ances-khopmem\Tied Pump Connector.iam
03_Piping_and_Fittings,Tied_Flexible_Pump_Connector_SUS304,Tied_Flexible_Pump_Connector_SUS304.iam,Main Assembly,568320,D:\INVENTOR_DATA\05_STANDARD_COMPONENTS\03_Piping_and_Fittings\Tied_Flexible_Pump_Connector_SUS304\Tied_Flexible_Pump_Connector_SUS304.iam,Origin Created in Module
03_Piping_and_Fittings,Victaulic_Grooved_Joint_DN40_SS,Bolted Connection1.iam,Assembly,148992,D:\INVENTOR_DATA\05_STANDARD_COMPONENTS\03_Piping_and_Fittings\Victaulic_Grooved_Joint_DN40_SS\Bolted Connection1.iam,D:\TAN -DU AN\TOSHIBA\120\3d\BON 1\FILTER\VO RO\LAP VICTAULIC 49\Design Accelerator\Bolted Connection1.iam
03_Piping_and_Fittings,Victaulic_Grooved_Joint_DN40_SS,CUM VICTAULIC 49.ipt,Part,253440,D:\INVENTOR_DATA\05_STANDARD_COMPONENTS\03_Piping_and_Fittings\Victaulic_Grooved_Joint_DN40_SS\CUM VICTAULIC 49.ipt,D:\TAN -DU AN\TOSHIBA\120\3d\BON 1\FILTER\VO RO\CUM VICTAULIC 49.ipt
03_Piping_and_Fittings,Victaulic_Grooved_Joint_DN40_SS,LAP VICTAULIC 49.iam,Assembly,350720,D:\INVENTOR_DATA\05_STANDARD_COMPONENTS\03_Piping_and_Fittings\Victaulic_Grooved_Joint_DN40_SS\LAP VICTAULIC 49.iam,D:\TAN -DU AN\TOSHIBA\120\3d\BON 1\FILTER\VO RO\LAP VICTAULIC 49.iam
03_Piping_and_Fittings,Victaulic_Grooved_Joint_DN40_SS,Victaulic_Grooved_Joint_DN40_SS.iam,Main Assembly,350720,D:\INVENTOR_DATA\05_STANDARD_COMPONENTS\03_Piping_and_Fittings\Victaulic_Grooved_Joint_DN40_SS\Victaulic_Grooved_Joint_DN40_SS.iam,Origin Created in Module
03_Piping_and_Fittings,Victaulic_Grooved_Joint_DN50_SS,Bolted Connection1.iam,Assembly,143360,D:\INVENTOR_DATA\05_STANDARD_COMPONENTS\03_Piping_and_Fittings\Victaulic_Grooved_Joint_DN50_SS\Bolted Connection1.iam,D:\TAN -DU AN\TOSHIBA\120\3d\BON 1\FILTER\VO RO\victaulic 60\Lap victaulic 60\Design Accelerator\Bolted Connection1.iam
03_Piping_and_Fittings,Victaulic_Grooved_Joint_DN50_SS,Bolted Connection1_MIR.iam,Assembly,169984,D:\INVENTOR_DATA\05_STANDARD_COMPONENTS\03_Piping_and_Fittings\Victaulic_Grooved_Joint_DN50_SS\Bolted Connection1_MIR.iam,D:\TAN -DU AN\TOSHIBA\120\3d\BON 1\FILTER\VO RO\victaulic 60\Lap victaulic 60\Design Accelerator\Bolted Connection1_MIR.iam
03_Piping_and_Fittings,Victaulic_Grooved_Joint_DN50_SS,cum victaulic 1.ipt,Part,354816,D:\INVENTOR_DATA\05_STANDARD_COMPONENTS\03_Piping_and_Fittings\Victaulic_Grooved_Joint_DN50_SS\cum victaulic 1.ipt,D:\TAN -DU AN\TOSHIBA\120\3d\BON 1\FILTER\VO RO\victaulic 60\cum victaulic 1.ipt
03_Piping_and_Fittings,Victaulic_Grooved_Joint_DN50_SS,KHOP NOI VICTAULIC 60.ipt,Part,120320,D:\INVENTOR_DATA\05_STANDARD_COMPONENTS\03_Piping_and_Fittings\Victaulic_Grooved_Joint_DN50_SS\KHOP NOI VICTAULIC 60.ipt,D:\TAN -DU AN\TOSHIBA\120\3d\BON 1\FILTER\VO RO\victaulic 60\KHOP NOI VICTAULIC 60.ipt
03_Piping_and_Fittings,Victaulic_Grooved_Joint_DN50_SS,Lap victaulic 60.iam,Assembly,229888,D:\INVENTOR_DATA\05_STANDARD_COMPONENTS\03_Piping_and_Fittings\Victaulic_Grooved_Joint_DN50_SS\Lap victaulic 60.iam,D:\TAN -DU AN\TOSHIBA\120\3d\BON 1\FILTER\VO RO\victaulic 60\Lap victaulic 60.iam
03_Piping_and_Fittings,Victaulic_Grooved_Joint_DN50_SS,Victaulic_Grooved_Joint_DN50_SS.iam,Main Assembly,229888,D:\INVENTOR_DATA\05_STANDARD_COMPONENTS\03_Piping_and_Fittings\Victaulic_Grooved_Joint_DN50_SS\Victaulic_Grooved_Joint_DN50_SS.iam,Origin Created in Module
04_Valves_and_Actuators,Anti_Siphon_Chemical_Injection_Valve,Anti_Siphon_Chemical_Injection_Valve.ipt,Part,477184,D:\INVENTOR_DATA\05_STANDARD_COMPONENTS\04_Valves_and_Actuators\Anti_Siphon_Chemical_Injection_Valve\Anti_Siphon_Chemical_Injection_Valve.ipt,Origin Created in Module
04_Valves_and_Actuators,Auto_3Way_Backwash_Valve_DN50_Victaulic,Auto_3Way_Backwash_Valve_DN50_Victaulic.iam,Main Assembly,489472,D:\INVENTOR_DATA\05_STANDARD_COMPONENTS\04_Valves_and_Actuators\Auto_3Way_Backwash_Valve_DN50_Victaulic\Auto_3Way_Backwash_Valve_DN50_Victaulic.iam,Origin Created in Module
04_Valves_and_Actuators,Auto_3Way_Backwash_Valve_DN50_Victaulic,LAP VAN DIEN LOC DIA.iam,Assembly,445952,D:\INVENTOR_DATA\05_STANDARD_COMPONENTS\04_Valves_and_Actuators\Auto_3Way_Backwash_Valve_DN50_Victaulic\LAP VAN DIEN LOC DIA.iam,D:\TAN -DU AN\TOSHIBA\120\3d\BON 1\FILTER\loc dia\LOC TU DONG\LAP VAN DIEN LOC DIA.iam
04_Valves_and_Actuators,Auto_3Way_Backwash_Valve_DN50_Victaulic,LAP VAN DIEN VAN 3 NGA.iam,Assembly,489472,D:\INVENTOR_DATA\05_STANDARD_COMPONENTS\04_Valves_and_Actuators\Auto_3Way_Backwash_Valve_DN50_Victaulic\LAP VAN DIEN VAN 3 NGA.iam,D:\TAN -DU AN\TOSHIBA\120\3d\BON 1\FILTER\loc dia\LOC TU DONG\LAP VAN DIEN VAN 3 NGA.iam
04_Valves_and_Actuators,Auto_3Way_Backwash_Valve_DN50_Victaulic,LAP VAN DIEN VAN 3 NGA_Simplify_1.ipt,Part,1385984,D:\INVENTOR_DATA\05_STANDARD_COMPONENTS\04_Valves_and_Actuators\Auto_3Way_Backwash_Valve_DN50_Victaulic\LAP VAN DIEN VAN 3 NGA_Simplify_1.ipt,D:\TAN -DU AN\TOSHIBA\120\3d\BON 1\FILTER\loc dia\LOC TU DONG\LAP VAN DIEN VAN 3 NGA_Simplify_1.ipt
04_Valves_and_Actuators,Auto_3Way_Backwash_Valve_DN50_Victaulic,R13-8.ipt,Part,414208,D:\INVENTOR_DATA\05_STANDARD_COMPONENTS\04_Valves_and_Actuators\Auto_3Way_Backwash_Valve_DN50_Victaulic\R13-8.ipt,D:\TAN -DU AN\TOSHIBA\120\3d\BON 1\FILTER\loc dia\LOC TU DONG\R13-8.ipt
04_Valves_and_Actuators,Auto_3Way_Backwash_Valve_DN50_Victaulic,TR13-8.ipt,Part,523264,D:\INVENTOR_DATA\05_STANDARD_COMPONENTS\04_Valves_and_Actuators\Auto_3Way_Backwash_Valve_DN50_Victaulic\TR13-8.ipt,D:\TAN -DU AN\TOSHIBA\120\3d\BON 1\FILTER\loc dia\LOC TU DONG\TR13-8.ipt
04_Valves_and_Actuators,Auto_3Way_Backwash_Valve_DN50_Victaulic,VAN 3 NGA AUTO.ipt,Part,1542144,D:\INVENTOR_DATA\05_STANDARD_COMPONENTS\04_Valves_and_Actuators\Auto_3Way_Backwash_Valve_DN50_Victaulic\VAN 3 NGA AUTO.ipt,D:\TAN -DU AN\TOSHIBA\120\3d\BON 1\FILTER\loc dia\LOC TU DONG\VAN 3 NGA AUTO.ipt
04_Valves_and_Actuators,Auto_3Way_Backwash_Valve_DN50_Victaulic,VAN DIEN BALDR.ipt,Part,742912,D:\INVENTOR_DATA\05_STANDARD_COMPONENTS\04_Valves_and_Actuators\Auto_3Way_Backwash_Valve_DN50_Victaulic\VAN DIEN BALDR.ipt,D:\TAN -DU AN\TOSHIBA\120\3d\BON 1\FILTER\loc dia\LOC TU DONG\VAN DIEN BALDR.ipt
04_Valves_and_Actuators,Ball_Valve_Compact_DN25_PPR,Ball_Valve_Compact_DN25_PPR.iam,Main Assembly,434176,D:\INVENTOR_DATA\05_STANDARD_COMPONENTS\04_Valves_and_Actuators\Ball_Valve_Compact_DN25_PPR\Ball_Valve_Compact_DN25_PPR.iam,Origin Created in Module
04_Valves_and_Actuators,Ball_Valve_Compact_DN25_PPR,RACCO RN32.ipt,Part,377344,D:\INVENTOR_DATA\05_STANDARD_COMPONENTS\04_Valves_and_Actuators\Ball_Valve_Compact_DN25_PPR\RACCO RN32.ipt,D:\TAN -DU AN\TOSHIBA\120\3d\BON 1\FILTER\2m3 xuong chao\RACCO RN32.ipt
04_Valves_and_Actuators,Ball_Valve_Compact_DN25_PPR,REN NGOAI 34.ipt,Part,198144,D:\INVENTOR_DATA\05_STANDARD_COMPONENTS\04_Valves_and_Actuators\Ball_Valve_Compact_DN25_PPR\REN NGOAI 34.ipt,D:\TAN -DU AN\TOSHIBA\120\3d\BON 1\FILTER\0-LOC TONG HOP\1 COT 1PHIN- BOM\Workgroups\NotInProject\REN NGOAI 34.ipt
04_Valves_and_Actuators,Ball_Valve_Compact_DN25_PPR,REN NGOAI 34_MIR.ipt,Part,214528,D:\INVENTOR_DATA\05_STANDARD_COMPONENTS\04_Valves_and_Actuators\Ball_Valve_Compact_DN25_PPR\REN NGOAI 34_MIR.ipt,D:\TAN -DU AN\TOSHIBA\120\3d\BON 1\FILTER\2m3 xuong chao\REN NGOAI 34_MIR.ipt
04_Valves_and_Actuators,Ball_Valve_Compact_DN25_PPR,VAN CAU 34.ipt,Part,719872,D:\INVENTOR_DATA\05_STANDARD_COMPONENTS\04_Valves_and_Actuators\Ball_Valve_Compact_DN25_PPR\VAN CAU 34.ipt,D:\TAN -DU AN\TOSHIBA\120\3d\BON 1\FILTER\2m3 xuong chao\VAN CAU 34.ipt
04_Valves_and_Actuators,Ball_Valve_Compact_DN25_PPR,VC34-RN34 PPR_inline.iam,Assembly,434176,D:\INVENTOR_DATA\05_STANDARD_COMPONENTS\04_Valves_and_Actuators\Ball_Valve_Compact_DN25_PPR\VC34-RN34 PPR_inline.iam,D:\TAN -DU AN\TOSHIBA\120\3d\BON 1\FILTER\2m3 xuong chao\01 TO REVIT\VC34-RN34 PPR_inline.iam
04_Valves_and_Actuators,Ball_Valve_True_Union_DN32_PPR,Ball_Valve_True_Union_DN32_PPR.iam,Main Assembly,345088,D:\INVENTOR_DATA\05_STANDARD_COMPONENTS\04_Valves_and_Actuators\Ball_Valve_True_Union_DN32_PPR\Ball_Valve_True_Union_DN32_PPR.iam,Origin Created in Module
04_Valves_and_Actuators,Ball_Valve_True_Union_DN32_PPR,RN42.ipt,Part,352256,D:\INVENTOR_DATA\05_STANDARD_COMPONENTS\04_Valves_and_Actuators\Ball_Valve_True_Union_DN32_PPR\RN42.ipt,D:\TAN -DU AN\TOSHIBA\120\3d\BON 1\FILTER\2m3 xuong chao\RN42.ipt
04_Valves_and_Actuators,Ball_Valve_True_Union_DN32_PPR,V1V43-RN42 PPR_inline.iam,Assembly,345088,D:\INVENTOR_DATA\05_STANDARD_COMPONENTS\04_Valves_and_Actuators\Ball_Valve_True_Union_DN32_PPR\V1V43-RN42 PPR_inline.iam,D:\TAN -DU AN\TOSHIBA\120\3d\BON 1\FILTER\2m3 xuong chao\01 TO REVIT\V1V43-RN42 PPR_inline.iam
04_Valves_and_Actuators,Ball_Valve_True_Union_DN32_PPR,van 1 chieu 42.ipt,Part,446976,D:\INVENTOR_DATA\05_STANDARD_COMPONENTS\04_Valves_and_Actuators\Ball_Valve_True_Union_DN32_PPR\van 1 chieu 42.ipt,D:\TAN -DU AN\TOSHIBA\120\3d\BON 1\FILTER\2m3 xuong chao\van 1 chieu 42.ipt
04_Valves_and_Actuators,Check_Valve_Swing_Type_DN25_PPR_uPVC,Check_Valve_Swing_Type_DN25_PPR_uPVC.iam,Main Assembly,232448,D:\INVENTOR_DATA\05_STANDARD_COMPONENTS\04_Valves_and_Actuators\Check_Valve_Swing_Type_DN25_PPR_uPVC\Check_Valve_Swing_Type_DN25_PPR_uPVC.iam,Origin Created in Module
04_Valves_and_Actuators,Check_Valve_Swing_Type_DN25_PPR_uPVC,RACCO RN32.ipt,Part,377344,D:\INVENTOR_DATA\05_STANDARD_COMPONENTS\04_Valves_and_Actuators\Check_Valve_Swing_Type_DN25_PPR_uPVC\RACCO RN32.ipt,D:\TAN -DU AN\TOSHIBA\120\3d\BON 1\FILTER\2m3 xuong chao\RACCO RN32.ipt
04_Valves_and_Actuators,Check_Valve_Swing_Type_DN25_PPR_uPVC,REN NGOAI 34.ipt,Part,239616,D:\INVENTOR_DATA\05_STANDARD_COMPONENTS\04_Valves_and_Actuators\Check_Valve_Swing_Type_DN25_PPR_uPVC\REN NGOAI 34.ipt,D:\TAN -DU AN\TOSHIBA\120\3d\BON 1\FILTER\2m3 xuong chao\REN NGOAI 34.ipt
04_Valves_and_Actuators,Check_Valve_Swing_Type_DN25_PPR_uPVC,REN NGOAI 34_MIR1.ipt,Part,214528,D:\INVENTOR_DATA\05_STANDARD_COMPONENTS\04_Valves_and_Actuators\Check_Valve_Swing_Type_DN25_PPR_uPVC\REN NGOAI 34_MIR1.ipt,D:\TAN -DU AN\TOSHIBA\120\3d\BON 1\FILTER\2m3 xuong chao\REN NGOAI 34_MIR1.ipt
04_Valves_and_Actuators,Check_Valve_Swing_Type_DN25_PPR_uPVC,V1C34-RN PPR PVC_inline.iam,Assembly,232448,D:\INVENTOR_DATA\05_STANDARD_COMPONENTS\04_Valves_and_Actuators\Check_Valve_Swing_Type_DN25_PPR_uPVC\V1C34-RN PPR PVC_inline.iam,D:\TAN -DU AN\TOSHIBA\120\3d\BON 1\FILTER\2m3 xuong chao\01 TO REVIT\V1C34-RN PPR PVC_inline.iam
04_Valves_and_Actuators,Check_Valve_Swing_Type_DN25_PPR_uPVC,VAN 1 CHIEU - 34.ipt,Part,519680,D:\INVENTOR_DATA\05_STANDARD_COMPONENTS\04_Valves_and_Actuators\Check_Valve_Swing_Type_DN25_PPR_uPVC\VAN 1 CHIEU - 34.ipt,D:\TAN -DU AN\TOSHIBA\120\3d\BON 1\FILTER\2m3 xuong chao\VAN 1 CHIEU - 34.ipt
04_Valves_and_Actuators,Electric_Ball_Valve_DN40_KE006_SUS304,Electric_Ball_Valve_DN40_KE006_SUS304.iam,Main Assembly,209920,D:\INVENTOR_DATA\05_STANDARD_COMPONENTS\04_Valves_and_Actuators\Electric_Ball_Valve_DN40_KE006_SUS304\Electric_Ball_Valve_DN40_KE006_SUS304.iam,D:\TAN -DU AN\TOSHIBA\120\3d\BON 1\FILTER\van\van bi dien\Electric_Ball_Valve_DN40_KE006_SUS304.iam
04_Valves_and_Actuators,Electric_Ball_Valve_DN40_KE006_SUS304,van bi 49.ipt,Part,349184,D:\INVENTOR_DATA\05_STANDARD_COMPONENTS\04_Valves_and_Actuators\Electric_Ball_Valve_DN40_KE006_SUS304\van bi 49.ipt,D:\TAN -DU AN\TOSHIBA\120\3d\BON 1\FILTER\van\van bi dien\van bi 49.ipt
04_Valves_and_Actuators,Electric_Ball_Valve_DN40_KE006_SUS304,đau dien kosaplus KE006.ipt,Part,264704,D:\INVENTOR_DATA\05_STANDARD_COMPONENTS\04_Valves_and_Actuators\Electric_Ball_Valve_DN40_KE006_SUS304\đau dien kosaplus KE006.ipt,D:\TAN -DU AN\TOSHIBA\120\3d\BON 1\FILTER\van\van bi dien\đau dien kosaplus KE006.ipt
04_Valves_and_Actuators,Electromagnetic_Solenoid_Valve_DN20_220VAC,Electromagnetic_Solenoid_Valve_DN20_220VAC.iam,Main Assembly,474624,D:\INVENTOR_DATA\05_STANDARD_COMPONENTS\04_Valves_and_Actuators\Electromagnetic_Solenoid_Valve_DN20_220VAC\Electromagnetic_Solenoid_Valve_DN20_220VAC.iam,Origin Created in Module
04_Valves_and_Actuators,Electromagnetic_Solenoid_Valve_DN20_220VAC,REN NGOAI 27.ipt,Part,349696,D:\INVENTOR_DATA\05_STANDARD_COMPONENTS\04_Valves_and_Actuators\Electromagnetic_Solenoid_Valve_DN20_220VAC\REN NGOAI 27.ipt,D:\TAN -DU AN\TOSHIBA\120\3d\BON 1\FILTER\2m3 xuong chao\REN NGOAI 27.ipt
04_Valves_and_Actuators,Electromagnetic_Solenoid_Valve_DN20_220VAC,van dien 27.ipt,Part,899584,D:\INVENTOR_DATA\05_STANDARD_COMPONENTS\04_Valves_and_Actuators\Electromagnetic_Solenoid_Valve_DN20_220VAC\van dien 27.ipt,D:\TAN -DU AN\TOSHIBA\120\3d\BON 1\FILTER\2m3 xuong chao\van dien 27.ipt
04_Valves_and_Actuators,Electromagnetic_Solenoid_Valve_DN20_220VAC,VD27-RN27_inline.iam,Assembly,474624,D:\INVENTOR_DATA\05_STANDARD_COMPONENTS\04_Valves_and_Actuators\Electromagnetic_Solenoid_Valve_DN20_220VAC\VD27-RN27_inline.iam,D:\TAN -DU AN\TOSHIBA\120\3d\BON 1\FILTER\2m3 xuong chao\01 TO REVIT\VD27-RN27_inline.iam
04_Valves_and_Actuators,Electromagnetic_Solenoid_Valve_DN32_PPR_220VAC,Electromagnetic_Solenoid_Valve_DN32_PPR_220VAC.iam,Main Assembly,484864,D:\INVENTOR_DATA\05_STANDARD_COMPONENTS\04_Valves_and_Actuators\Electromagnetic_Solenoid_Valve_DN32_PPR_220VAC\Electromagnetic_Solenoid_Valve_DN32_PPR_220VAC.iam,Origin Created in Module
04_Valves_and_Actuators,Electromagnetic_Solenoid_Valve_DN32_PPR_220VAC,REN NGOAI 42.ipt,Part,363520,D:\INVENTOR_DATA\05_STANDARD_COMPONENTS\04_Valves_and_Actuators\Electromagnetic_Solenoid_Valve_DN32_PPR_220VAC\REN NGOAI 42.ipt,D:\TAN -DU AN\TOSHIBA\120\3d\BON 1\FILTER\2m3 xuong chao\REN NGOAI 42.ipt
04_Valves_and_Actuators,Electromagnetic_Solenoid_Valve_DN32_PPR_220VAC,RN42.ipt,Part,352256,D:\INVENTOR_DATA\05_STANDARD_COMPONENTS\04_Valves_and_Actuators\Electromagnetic_Solenoid_Valve_DN32_PPR_220VAC\RN42.ipt,D:\TAN -DU AN\TOSHIBA\120\3d\BON 1\FILTER\2m3 xuong chao\RN42.ipt
04_Valves_and_Actuators,Electromagnetic_Solenoid_Valve_DN32_PPR_220VAC,VAN DIEN 42 DUOI.ipt,Part,772608,D:\INVENTOR_DATA\05_STANDARD_COMPONENTS\04_Valves_and_Actuators\Electromagnetic_Solenoid_Valve_DN32_PPR_220VAC\VAN DIEN 42 DUOI.ipt,D:\TAN -DU AN\TOSHIBA\120\3d\BON 1\FILTER\2m3 xuong chao\VAN DIEN 42 DUOI.ipt
04_Valves_and_Actuators,Electromagnetic_Solenoid_Valve_DN32_PPR_220VAC,VD42-RN42 PPR_inline.iam,Assembly,484864,D:\INVENTOR_DATA\05_STANDARD_COMPONENTS\04_Valves_and_Actuators\Electromagnetic_Solenoid_Valve_DN32_PPR_220VAC\VD42-RN42 PPR_inline.iam,D:\TAN -DU AN\TOSHIBA\120\3d\BON 1\FILTER\2m3 xuong chao\01 TO REVIT\VD42-RN42 PPR_inline.iam
04_Valves_and_Actuators,Electromagnetic_Solenoid_Valve_DN32_uPVC_220VAC,Electromagnetic_Solenoid_Valve_DN32_uPVC_220VAC.iam,Main Assembly,285696,D:\INVENTOR_DATA\05_STANDARD_COMPONENTS\04_Valves_and_Actuators\Electromagnetic_Solenoid_Valve_DN32_uPVC_220VAC\Electromagnetic_Solenoid_Valve_DN32_uPVC_220VAC.iam,Origin Created in Module
04_Valves_and_Actuators,Electromagnetic_Solenoid_Valve_DN32_uPVC_220VAC,REN NGOAI 42.ipt,Part,363520,D:\INVENTOR_DATA\05_STANDARD_COMPONENTS\04_Valves_and_Actuators\Electromagnetic_Solenoid_Valve_DN32_uPVC_220VAC\REN NGOAI 42.ipt,D:\TAN -DU AN\TOSHIBA\120\3d\BON 1\FILTER\2m3 xuong chao\REN NGOAI 42.ipt
04_Valves_and_Actuators,Electromagnetic_Solenoid_Valve_DN32_uPVC_220VAC,VAN DIEN 42 DUOI.ipt,Part,772608,D:\INVENTOR_DATA\05_STANDARD_COMPONENTS\04_Valves_and_Actuators\Electromagnetic_Solenoid_Valve_DN32_uPVC_220VAC\VAN DIEN 42 DUOI.ipt,D:\TAN -DU AN\TOSHIBA\120\3d\BON 1\FILTER\2m3 xuong chao\VAN DIEN 42 DUOI.ipt
04_Valves_and_Actuators,Electromagnetic_Solenoid_Valve_DN32_uPVC_220VAC,VD42-RN42 PVC_inline.iam,Assembly,285696,D:\INVENTOR_DATA\05_STANDARD_COMPONENTS\04_Valves_and_Actuators\Electromagnetic_Solenoid_Valve_DN32_uPVC_220VAC\VD42-RN42 PVC_inline.iam,D:\TAN -DU AN\TOSHIBA\120\3d\BON 1\FILTER\2m3 xuong chao\01 TO REVIT\VD42-RN42 PVC_inline.iam
04_Valves_and_Actuators,Lever_Butterfly_Valve_DN50_Flanged,ISO 4017 - M12 x 25DIN EN A2-70 (ST_STL).ipt,Part,193024,D:\INVENTOR_DATA\05_STANDARD_COMPONENTS\04_Valves_and_Actuators\Lever_Butterfly_Valve_DN50_Flanged\ISO 4017 - M12 x 25DIN EN A2-70 (ST_STL).ipt,D:\TAN -DU AN\TOSHIBA\120\3d\BON 1\FILTER\RO CONTAINER\ISO CONTAINER - 1AAA  - (HICUBE) 40' (12m)\ISO 4017 - M12 x 25DIN EN A2-70 (ST_STL).ipt
04_Valves_and_Actuators,Lever_Butterfly_Valve_DN50_Flanged,ISO 4017 - M16 x 100 - ISO.ipt,Part,190464,D:\INVENTOR_DATA\05_STANDARD_COMPONENTS\04_Valves_and_Actuators\Lever_Butterfly_Valve_DN50_Flanged\ISO 4017 - M16 x 100 - ISO.ipt,D:\TAN -DU AN\TOSHIBA\120\3d\BON 1\FILTER\0-LOC TONG HOP\XLNT toshiba\Libraries\Content Center Files\en-US\ISO 4017(1)\ISO 4017 - M16 x 100 - ISO.ipt
04_Valves_and_Actuators,Lever_Butterfly_Valve_DN50_Flanged,ISO 4017 - M16 x 60 - ISO.ipt,Part,192512,D:\INVENTOR_DATA\05_STANDARD_COMPONENTS\04_Valves_and_Actuators\Lever_Butterfly_Valve_DN50_Flanged\ISO 4017 - M16 x 60 - ISO.ipt,D:\TAN -DU AN\TOSHIBA\120\3d\BON 1\FILTER\0-LOC TONG HOP\XLNT toshiba\Libraries\Content Center Files\en-US\ISO 4017(1)\ISO 4017 - M16 x 60 - ISO.ipt
04_Valves_and_Actuators,Lever_Butterfly_Valve_DN50_Flanged,ISO 4032 - M12DIN EN A2-70 (ST_STL).ipt,Part,163840,D:\INVENTOR_DATA\05_STANDARD_COMPONENTS\04_Valves_and_Actuators\Lever_Butterfly_Valve_DN50_Flanged\ISO 4032 - M12DIN EN A2-70 (ST_STL).ipt,D:\TAN -DU AN\TOSHIBA\120\3d\BON 1\FILTER\RO CONTAINER\ISO CONTAINER - 1AAA  - (HICUBE) 40' (12m)\ISO 4032 - M12DIN EN A2-70 (ST_STL).ipt
04_Valves_and_Actuators,Lever_Butterfly_Valve_DN50_Flanged,ISO 4032 - M14 - ISO.ipt,Part,163840,D:\INVENTOR_DATA\05_STANDARD_COMPONENTS\04_Valves_and_Actuators\Lever_Butterfly_Valve_DN50_Flanged\ISO 4032 - M14 - ISO.ipt,D:\TAN -DU AN\TOSHIBA\120\3d\BON 1\FILTER\0-LOC TONG HOP\XLNT toshiba\Libraries\Content Center Files\en-US\ISO 4032(2)\ISO 4032 - M14 - ISO.ipt
04_Valves_and_Actuators,Lever_Butterfly_Valve_DN50_Flanged,ISO 4032 - M16 - ISO.ipt,Part,164352,D:\INVENTOR_DATA\05_STANDARD_COMPONENTS\04_Valves_and_Actuators\Lever_Butterfly_Valve_DN50_Flanged\ISO 4032 - M16 - ISO.ipt,D:\TAN -DU AN\TOSHIBA\120\3d\BON 1\FILTER\0-LOC TONG HOP\XLNT toshiba\Libraries\Content Center Files\en-US\ISO 4032(2)\ISO 4032 - M16 - ISO.ipt
04_Valves_and_Actuators,Lever_Butterfly_Valve_DN50_Flanged,ISO 4032 - M4 - ISO.ipt,Part,162304,D:\INVENTOR_DATA\05_STANDARD_COMPONENTS\04_Valves_and_Actuators\Lever_Butterfly_Valve_DN50_Flanged\ISO 4032 - M4 - ISO.ipt,D:\TAN -DU AN\TOSHIBA\120\3d\BON 1\FILTER\0-LOC TONG HOP\tan tan loc\Libraries\Content Center Files\en-US\ISO 4032(2)\ISO 4032 - M4 - ISO.ipt
04_Valves_and_Actuators,Lever_Butterfly_Valve_DN50_Flanged,ISO 4032 - M6 - ISO.ipt,Part,165888,D:\INVENTOR_DATA\05_STANDARD_COMPONENTS\04_Valves_and_Actuators\Lever_Butterfly_Valve_DN50_Flanged\ISO 4032 - M6 - ISO.ipt,D:\TAN -DU AN\TOSHIBA\120\3d\BON 1\FILTER\ISO 4032 - M6 - ISO.ipt
04_Valves_and_Actuators,Lever_Butterfly_Valve_DN50_Flanged,ISO 7089 - 12 - 140 HV(1).ipt,Part,106496,D:\INVENTOR_DATA\05_STANDARD_COMPONENTS\04_Valves_and_Actuators\Lever_Butterfly_Valve_DN50_Flanged\ISO 7089 - 12 - 140 HV(1).ipt,D:\TAN -DU AN\TOSHIBA\120\3d\BON 1\FILTER\0-LOC TONG HOP\XLNT toshiba\Libraries\Content Center Files\en-US\ISO 7089\ISO 7089 - 12 - 140 HV(1).ipt
04_Valves_and_Actuators,Lever_Butterfly_Valve_DN50_Flanged,ISO 7089 - 16 - 140 HV(1).ipt,Part,106496,D:\INVENTOR_DATA\05_STANDARD_COMPONENTS\04_Valves_and_Actuators\Lever_Butterfly_Valve_DN50_Flanged\ISO 7089 - 16 - 140 HV(1).ipt,D:\TAN -DU AN\TOSHIBA\120\3d\BON 1\FILTER\0-LOC TONG HOP\XLNT toshiba\Libraries\Content Center Files\en-US\ISO 7089\ISO 7089 - 16 - 140 HV(1).ipt
04_Valves_and_Actuators,Lever_Butterfly_Valve_DN50_Flanged,ISO 7089 - 8 - 140 HV(1).ipt,Part,106496,D:\INVENTOR_DATA\05_STANDARD_COMPONENTS\04_Valves_and_Actuators\Lever_Butterfly_Valve_DN50_Flanged\ISO 7089 - 8 - 140 HV(1).ipt,D:\TAN -DU AN\TOSHIBA\120\3d\BON 1\FILTER\0-LOC TONG HOP\XLNT toshiba\Libraries\Content Center Files\en-US\ISO 7089\ISO 7089 - 8 - 140 HV(1).ipt
04_Valves_and_Actuators,Lever_Butterfly_Valve_DN50_Flanged,ISO 7092 - ST 14 - 140 HV.ipt,Part,110080,D:\INVENTOR_DATA\05_STANDARD_COMPONENTS\04_Valves_and_Actuators\Lever_Butterfly_Valve_DN50_Flanged\ISO 7092 - ST 14 - 140 HV.ipt,D:\Autodesk\Inventor 2025\Content Center Files\en-US\ISO 7092\ISO 7092 - ST 14 - 140 HV.ipt
04_Valves_and_Actuators,Lever_Butterfly_Valve_DN50_Flanged,ISO 8673 - M14 x 1.5ISO.ipt,Part,164352,D:\INVENTOR_DATA\05_STANDARD_COMPONENTS\04_Valves_and_Actuators\Lever_Butterfly_Valve_DN50_Flanged\ISO 8673 - M14 x 1.5ISO.ipt,D:\TAN -DU AN\TOSHIBA\120\3d\BON 1\FILTER\ISO 8673 - M14 x 1.5ISO.ipt
04_Valves_and_Actuators,Lever_Butterfly_Valve_DN50_Flanged,ISO 8676 - M10 x 1 x 30 - ISO.ipt,Part,192512,D:\INVENTOR_DATA\05_STANDARD_COMPONENTS\04_Valves_and_Actuators\Lever_Butterfly_Valve_DN50_Flanged\ISO 8676 - M10 x 1 x 30 - ISO.ipt,D:\TAN -DU AN\TOSHIBA\120\3d\BON 1\FILTER\0-LOC TONG HOP\THUNG SIEU LOC\Libraries\Content Center Files\en-US\ISO 8676(2)\ISO 8676 - M10 x 1 x 30 - ISO.ipt
04_Valves_and_Actuators,Lever_Butterfly_Valve_DN50_Flanged,ISO 8676 - M10 x 1 x 55 - ISO.ipt,Part,190464,D:\INVENTOR_DATA\05_STANDARD_COMPONENTS\04_Valves_and_Actuators\Lever_Butterfly_Valve_DN50_Flanged\ISO 8676 - M10 x 1 x 55 - ISO.ipt,D:\TAN -DU AN\TOSHIBA\120\3d\BON 1\FILTER\0-LOC TONG HOP\HE SIEU LOC\Libraries\Content Center Files\en-US\ISO 8676(2)\ISO 8676 - M10 x 1 x 55 - ISO.ipt
04_Valves_and_Actuators,Lever_Butterfly_Valve_DN50_Flanged,ISO 8676 - M10 x 1 x 60 - ISO.ipt,Part,189952,D:\INVENTOR_DATA\05_STANDARD_COMPONENTS\04_Valves_and_Actuators\Lever_Butterfly_Valve_DN50_Flanged\ISO 8676 - M10 x 1 x 60 - ISO.ipt,D:\TAN -DU AN\TOSHIBA\120\3d\BON 1\FILTER\0-LOC TONG HOP\tan tan loc\Libraries\Content Center Files\en-US\ISO 8676(2)\ISO 8676 - M10 x 1 x 60 - ISO.ipt
04_Valves_and_Actuators,Lever_Butterfly_Valve_DN50_Flanged,ISO 8676 - M10 x 1 x 80 - ISO.ipt,Part,188928,D:\INVENTOR_DATA\05_STANDARD_COMPONENTS\04_Valves_and_Actuators\Lever_Butterfly_Valve_DN50_Flanged\ISO 8676 - M10 x 1 x 80 - ISO.ipt,D:\TAN -DU AN\TOSHIBA\120\3d\BON 1\FILTER\0-LOC TONG HOP\tan tan loc\Libraries\Content Center Files\en-US\ISO 8676(2)\ISO 8676 - M10 x 1 x 80 - ISO.ipt
04_Valves_and_Actuators,Lever_Butterfly_Valve_DN50_Flanged,ISO 8676 - M14 x 1.5 x 110 - ISO.ipt,Part,189952,D:\INVENTOR_DATA\05_STANDARD_COMPONENTS\04_Valves_and_Actuators\Lever_Butterfly_Valve_DN50_Flanged\ISO 8676 - M14 x 1.5 x 110 - ISO.ipt,D:\TAN -DU AN\RO 8M3 BD\INVENTOR\Workgroups\NotInProject\ISO 8676 - M14 x 1.5 x 110 - ISO.ipt
04_Valves_and_Actuators,Lever_Butterfly_Valve_DN50_Flanged,ISO 8676 - M16 x 1.5 x 100 - ISO.ipt,Part,189952,D:\INVENTOR_DATA\05_STANDARD_COMPONENTS\04_Valves_and_Actuators\Lever_Butterfly_Valve_DN50_Flanged\ISO 8676 - M16 x 1.5 x 100 - ISO.ipt,D:\TAN -DU AN\TOSHIBA\120\3d\BON 1\FILTER\0-LOC TONG HOP\XLNT toshiba\Libraries\Content Center Files\en-US\ISO 8676(2)\ISO 8676 - M16 x 1.5 x 100 - ISO.ipt
04_Valves_and_Actuators,Lever_Butterfly_Valve_DN50_Flanged,ISO 8676 - M16 x 1.5 x 90 - ISO.ipt,Part,190464,D:\INVENTOR_DATA\05_STANDARD_COMPONENTS\04_Valves_and_Actuators\Lever_Butterfly_Valve_DN50_Flanged\ISO 8676 - M16 x 1.5 x 90 - ISO.ipt,D:\TAN -DU AN\TOSHIBA\120\3d\BON 1\FILTER\0-LOC TONG HOP\XLNT toshiba\Libraries\Content Center Files\en-US\ISO 8676(2)\ISO 8676 - M16 x 1.5 x 90 - ISO.ipt
04_Valves_and_Actuators,Lever_Butterfly_Valve_DN50_Flanged,ISO 8676 - M8 x 1 x 45 - ISO.ipt,Part,190464,D:\INVENTOR_DATA\05_STANDARD_COMPONENTS\04_Valves_and_Actuators\Lever_Butterfly_Valve_DN50_Flanged\ISO 8676 - M8 x 1 x 45 - ISO.ipt,D:\TAN -DU AN\TOSHIBA\120\3d\BON 1\FILTER\0-LOC TONG HOP\nano bubble\Libraries\Content Center Files\en-US\ISO 8676(2)\ISO 8676 - M8 x 1 x 45 - ISO.ipt
04_Valves_and_Actuators,Lever_Butterfly_Valve_DN50_Flanged,ISO 8676 - M8 x 1 x 50 - ISO.ipt,Part,189952,D:\INVENTOR_DATA\05_STANDARD_COMPONENTS\04_Valves_and_Actuators\Lever_Butterfly_Valve_DN50_Flanged\ISO 8676 - M8 x 1 x 50 - ISO.ipt,D:\TAN -DU AN\TOSHIBA\120\3d\BON 1\FILTER\0-LOC TONG HOP\LOC TONG LAP RAP\Libraries\Content Center Files\en-US\ISO 8676(2)\ISO 8676 - M8 x 1 x 50 - ISO.ipt
04_Valves_and_Actuators,Lever_Butterfly_Valve_DN50_Flanged,ISO 8676 - M8 x 1 x 55 - ISO.ipt,Part,189952,D:\INVENTOR_DATA\05_STANDARD_COMPONENTS\04_Valves_and_Actuators\Lever_Butterfly_Valve_DN50_Flanged\ISO 8676 - M8 x 1 x 55 - ISO.ipt,D:\TAN -DU AN\TOSHIBA\120\3d\BON 1\FILTER\0-LOC TONG HOP\tan tan loc\Libraries\Content Center Files\en-US\ISO 8676(2)\ISO 8676 - M8 x 1 x 55 - ISO.ipt
04_Valves_and_Actuators,Lever_Butterfly_Valve_DN50_Flanged,lap mat bich van tay 60 MO.iam,Assembly,232960,D:\INVENTOR_DATA\05_STANDARD_COMPONENTS\04_Valves_and_Actuators\Lever_Butterfly_Valve_DN50_Flanged\lap mat bich van tay 60 MO.iam,D:\TAN -DU AN\TOSHIBA\120\3d\BON 1\FILTER\bon frp 4272\lap mat bich van tay 60 MO.iam
04_Valves_and_Actuators,Lever_Butterfly_Valve_DN50_Flanged,Lever_Butterfly_Valve_DN50_Flanged.iam,Main Assembly,232960,D:\INVENTOR_DATA\05_STANDARD_COMPONENTS\04_Valves_and_Actuators\Lever_Butterfly_Valve_DN50_Flanged\Lever_Butterfly_Valve_DN50_Flanged.iam,Origin Created in Module
04_Valves_and_Actuators,Lever_Butterfly_Valve_DN50_Flanged,MAT BICH nhua 60  - dai.ipt,Part,380928,D:\INVENTOR_DATA\05_STANDARD_COMPONENTS\04_Valves_and_Actuators\Lever_Butterfly_Valve_DN50_Flanged\MAT BICH nhua 60  - dai.ipt,D:\TAN -DU AN\TOSHIBA\120\3d\BON 1\phu kien nhua\MAT BICH nhua 60  - dai.ipt
04_Valves_and_Actuators,Lever_Butterfly_Valve_DN50_Flanged,TAY VAN BUOM_MIR.ipt,Part,157184,D:\INVENTOR_DATA\05_STANDARD_COMPONENTS\04_Valves_and_Actuators\Lever_Butterfly_Valve_DN50_Flanged\TAY VAN BUOM_MIR.ipt,D:\TAN -DU AN\TOSHIBA\120\3d\BON 1\FILTER\TAY VAN BUOM_MIR.ipt
04_Valves_and_Actuators,Lever_Butterfly_Valve_DN50_Flanged,than van 76_MIR.ipt,Part,161280,D:\INVENTOR_DATA\05_STANDARD_COMPONENTS\04_Valves_and_Actuators\Lever_Butterfly_Valve_DN50_Flanged\than van 76_MIR.ipt,D:\TAN -DU AN\TOSHIBA\120\3d\BON 1\FILTER\than van 76_MIR.ipt
04_Valves_and_Actuators,Lever_Butterfly_Valve_DN50_Flanged,van buom 76_MIR.iam,Assembly,273408,D:\INVENTOR_DATA\05_STANDARD_COMPONENTS\04_Valves_and_Actuators\Lever_Butterfly_Valve_DN50_Flanged\van buom 76_MIR.iam,D:\TAN -DU AN\TOSHIBA\120\3d\BON 1\FILTER\van buom 76_MIR.iam
04_Valves_and_Actuators,Lever_Butterfly_Valve_DN65_Flanged,ISO 4017 - M12 x 25DIN EN A2-70 (ST_STL).ipt,Part,193024,D:\INVENTOR_DATA\05_STANDARD_COMPONENTS\04_Valves_and_Actuators\Lever_Butterfly_Valve_DN65_Flanged\ISO 4017 - M12 x 25DIN EN A2-70 (ST_STL).ipt,D:\TAN -DU AN\TOSHIBA\120\3d\BON 1\FILTER\RO CONTAINER\ISO CONTAINER - 1AAA  - (HICUBE) 40' (12m)\ISO 4017 - M12 x 25DIN EN A2-70 (ST_STL).ipt
04_Valves_and_Actuators,Lever_Butterfly_Valve_DN65_Flanged,ISO 4017 - M16 x 100 - ISO.ipt,Part,190464,D:\INVENTOR_DATA\05_STANDARD_COMPONENTS\04_Valves_and_Actuators\Lever_Butterfly_Valve_DN65_Flanged\ISO 4017 - M16 x 100 - ISO.ipt,D:\TAN -DU AN\TOSHIBA\120\3d\BON 1\FILTER\0-LOC TONG HOP\XLNT toshiba\Libraries\Content Center Files\en-US\ISO 4017(1)\ISO 4017 - M16 x 100 - ISO.ipt
04_Valves_and_Actuators,Lever_Butterfly_Valve_DN65_Flanged,ISO 4017 - M16 x 60 - ISO.ipt,Part,192512,D:\INVENTOR_DATA\05_STANDARD_COMPONENTS\04_Valves_and_Actuators\Lever_Butterfly_Valve_DN65_Flanged\ISO 4017 - M16 x 60 - ISO.ipt,D:\TAN -DU AN\TOSHIBA\120\3d\BON 1\FILTER\0-LOC TONG HOP\XLNT toshiba\Libraries\Content Center Files\en-US\ISO 4017(1)\ISO 4017 - M16 x 60 - ISO.ipt
04_Valves_and_Actuators,Lever_Butterfly_Valve_DN65_Flanged,ISO 4032 - M12DIN EN A2-70 (ST_STL).ipt,Part,163840,D:\INVENTOR_DATA\05_STANDARD_COMPONENTS\04_Valves_and_Actuators\Lever_Butterfly_Valve_DN65_Flanged\ISO 4032 - M12DIN EN A2-70 (ST_STL).ipt,D:\TAN -DU AN\TOSHIBA\120\3d\BON 1\FILTER\RO CONTAINER\ISO CONTAINER - 1AAA  - (HICUBE) 40' (12m)\ISO 4032 - M12DIN EN A2-70 (ST_STL).ipt
04_Valves_and_Actuators,Lever_Butterfly_Valve_DN65_Flanged,ISO 4032 - M14 - ISO.ipt,Part,163840,D:\INVENTOR_DATA\05_STANDARD_COMPONENTS\04_Valves_and_Actuators\Lever_Butterfly_Valve_DN65_Flanged\ISO 4032 - M14 - ISO.ipt,D:\TAN -DU AN\TOSHIBA\120\3d\BON 1\FILTER\0-LOC TONG HOP\XLNT toshiba\Libraries\Content Center Files\en-US\ISO 4032(2)\ISO 4032 - M14 - ISO.ipt
04_Valves_and_Actuators,Lever_Butterfly_Valve_DN65_Flanged,ISO 4032 - M16 - ISO.ipt,Part,164352,D:\INVENTOR_DATA\05_STANDARD_COMPONENTS\04_Valves_and_Actuators\Lever_Butterfly_Valve_DN65_Flanged\ISO 4032 - M16 - ISO.ipt,D:\TAN -DU AN\TOSHIBA\120\3d\BON 1\FILTER\0-LOC TONG HOP\XLNT toshiba\Libraries\Content Center Files\en-US\ISO 4032(2)\ISO 4032 - M16 - ISO.ipt
04_Valves_and_Actuators,Lever_Butterfly_Valve_DN65_Flanged,ISO 4032 - M4 - ISO.ipt,Part,162304,D:\INVENTOR_DATA\05_STANDARD_COMPONENTS\04_Valves_and_Actuators\Lever_Butterfly_Valve_DN65_Flanged\ISO 4032 - M4 - ISO.ipt,D:\TAN -DU AN\TOSHIBA\120\3d\BON 1\FILTER\0-LOC TONG HOP\tan tan loc\Libraries\Content Center Files\en-US\ISO 4032(2)\ISO 4032 - M4 - ISO.ipt
04_Valves_and_Actuators,Lever_Butterfly_Valve_DN65_Flanged,ISO 4032 - M6 - ISO.ipt,Part,165888,D:\INVENTOR_DATA\05_STANDARD_COMPONENTS\04_Valves_and_Actuators\Lever_Butterfly_Valve_DN65_Flanged\ISO 4032 - M6 - ISO.ipt,D:\TAN -DU AN\TOSHIBA\120\3d\BON 1\FILTER\ISO 4032 - M6 - ISO.ipt
04_Valves_and_Actuators,Lever_Butterfly_Valve_DN65_Flanged,ISO 7089 - 12 - 140 HV(1).ipt,Part,106496,D:\INVENTOR_DATA\05_STANDARD_COMPONENTS\04_Valves_and_Actuators\Lever_Butterfly_Valve_DN65_Flanged\ISO 7089 - 12 - 140 HV(1).ipt,D:\TAN -DU AN\TOSHIBA\120\3d\BON 1\FILTER\0-LOC TONG HOP\XLNT toshiba\Libraries\Content Center Files\en-US\ISO 7089\ISO 7089 - 12 - 140 HV(1).ipt
04_Valves_and_Actuators,Lever_Butterfly_Valve_DN65_Flanged,ISO 7089 - 16 - 140 HV(1).ipt,Part,106496,D:\INVENTOR_DATA\05_STANDARD_COMPONENTS\04_Valves_and_Actuators\Lever_Butterfly_Valve_DN65_Flanged\ISO 7089 - 16 - 140 HV(1).ipt,D:\TAN -DU AN\TOSHIBA\120\3d\BON 1\FILTER\0-LOC TONG HOP\XLNT toshiba\Libraries\Content Center Files\en-US\ISO 7089\ISO 7089 - 16 - 140 HV(1).ipt
04_Valves_and_Actuators,Lever_Butterfly_Valve_DN65_Flanged,ISO 7089 - 8 - 140 HV(1).ipt,Part,106496,D:\INVENTOR_DATA\05_STANDARD_COMPONENTS\04_Valves_and_Actuators\Lever_Butterfly_Valve_DN65_Flanged\ISO 7089 - 8 - 140 HV(1).ipt,D:\TAN -DU AN\TOSHIBA\120\3d\BON 1\FILTER\0-LOC TONG HOP\XLNT toshiba\Libraries\Content Center Files\en-US\ISO 7089\ISO 7089 - 8 - 140 HV(1).ipt
04_Valves_and_Actuators,Lever_Butterfly_Valve_DN65_Flanged,ISO 7092 - ST 14 - 140 HV.ipt,Part,108544,D:\INVENTOR_DATA\05_STANDARD_COMPONENTS\04_Valves_and_Actuators\Lever_Butterfly_Valve_DN65_Flanged\ISO 7092 - ST 14 - 140 HV.ipt,D:\TAN -DU AN\TOSHIBA\120\3d\BON 1\FILTER\0-LOC TONG HOP\XLNT toshiba\Libraries\Content Center Files\en-US\ISO 7092\ISO 7092 - ST 14 - 140 HV.ipt
04_Valves_and_Actuators,Lever_Butterfly_Valve_DN65_Flanged,ISO 8673 - M14 x 1.5ISO.ipt,Part,164352,D:\INVENTOR_DATA\05_STANDARD_COMPONENTS\04_Valves_and_Actuators\Lever_Butterfly_Valve_DN65_Flanged\ISO 8673 - M14 x 1.5ISO.ipt,D:\TAN -DU AN\TOSHIBA\120\3d\BON 1\FILTER\ISO 8673 - M14 x 1.5ISO.ipt
04_Valves_and_Actuators,Lever_Butterfly_Valve_DN65_Flanged,ISO 8676 - M10 x 1 x 30 - ISO.ipt,Part,192512,D:\INVENTOR_DATA\05_STANDARD_COMPONENTS\04_Valves_and_Actuators\Lever_Butterfly_Valve_DN65_Flanged\ISO 8676 - M10 x 1 x 30 - ISO.ipt,D:\TAN -DU AN\TOSHIBA\120\3d\BON 1\FILTER\0-LOC TONG HOP\THUNG SIEU LOC\Libraries\Content Center Files\en-US\ISO 8676(2)\ISO 8676 - M10 x 1 x 30 - ISO.ipt
04_Valves_and_Actuators,Lever_Butterfly_Valve_DN65_Flanged,ISO 8676 - M10 x 1 x 55 - ISO.ipt,Part,190464,D:\INVENTOR_DATA\05_STANDARD_COMPONENTS\04_Valves_and_Actuators\Lever_Butterfly_Valve_DN65_Flanged\ISO 8676 - M10 x 1 x 55 - ISO.ipt,D:\TAN -DU AN\TOSHIBA\120\3d\BON 1\FILTER\0-LOC TONG HOP\HE SIEU LOC\Libraries\Content Center Files\en-US\ISO 8676(2)\ISO 8676 - M10 x 1 x 55 - ISO.ipt
04_Valves_and_Actuators,Lever_Butterfly_Valve_DN65_Flanged,ISO 8676 - M10 x 1 x 60 - ISO.ipt,Part,189952,D:\INVENTOR_DATA\05_STANDARD_COMPONENTS\04_Valves_and_Actuators\Lever_Butterfly_Valve_DN65_Flanged\ISO 8676 - M10 x 1 x 60 - ISO.ipt,D:\TAN -DU AN\TOSHIBA\120\3d\BON 1\FILTER\0-LOC TONG HOP\tan tan loc\Libraries\Content Center Files\en-US\ISO 8676(2)\ISO 8676 - M10 x 1 x 60 - ISO.ipt
04_Valves_and_Actuators,Lever_Butterfly_Valve_DN65_Flanged,ISO 8676 - M10 x 1 x 80 - ISO.ipt,Part,188928,D:\INVENTOR_DATA\05_STANDARD_COMPONENTS\04_Valves_and_Actuators\Lever_Butterfly_Valve_DN65_Flanged\ISO 8676 - M10 x 1 x 80 - ISO.ipt,D:\TAN -DU AN\TOSHIBA\120\3d\BON 1\FILTER\0-LOC TONG HOP\tan tan loc\Libraries\Content Center Files\en-US\ISO 8676(2)\ISO 8676 - M10 x 1 x 80 - ISO.ipt
04_Valves_and_Actuators,Lever_Butterfly_Valve_DN65_Flanged,ISO 8676 - M14 x 1.5 x 120 - ISO.ipt,Part,189952,D:\INVENTOR_DATA\05_STANDARD_COMPONENTS\04_Valves_and_Actuators\Lever_Butterfly_Valve_DN65_Flanged\ISO 8676 - M14 x 1.5 x 120 - ISO.ipt,D:\TAN -DU AN\TOSHIBA\120\3d\BON 1\FILTER\ISO 8676 - M14 x 1.5 x 120 - ISO.ipt
04_Valves_and_Actuators,Lever_Butterfly_Valve_DN65_Flanged,ISO 8676 - M16 x 1.5 x 100 - ISO.ipt,Part,189952,D:\INVENTOR_DATA\05_STANDARD_COMPONENTS\04_Valves_and_Actuators\Lever_Butterfly_Valve_DN65_Flanged\ISO 8676 - M16 x 1.5 x 100 - ISO.ipt,D:\TAN -DU AN\TOSHIBA\120\3d\BON 1\FILTER\0-LOC TONG HOP\XLNT toshiba\Libraries\Content Center Files\en-US\ISO 8676(2)\ISO 8676 - M16 x 1.5 x 100 - ISO.ipt
04_Valves_and_Actuators,Lever_Butterfly_Valve_DN65_Flanged,ISO 8676 - M16 x 1.5 x 90 - ISO.ipt,Part,190464,D:\INVENTOR_DATA\05_STANDARD_COMPONENTS\04_Valves_and_Actuators\Lever_Butterfly_Valve_DN65_Flanged\ISO 8676 - M16 x 1.5 x 90 - ISO.ipt,D:\TAN -DU AN\TOSHIBA\120\3d\BON 1\FILTER\0-LOC TONG HOP\XLNT toshiba\Libraries\Content Center Files\en-US\ISO 8676(2)\ISO 8676 - M16 x 1.5 x 90 - ISO.ipt
04_Valves_and_Actuators,Lever_Butterfly_Valve_DN65_Flanged,ISO 8676 - M8 x 1 x 45 - ISO.ipt,Part,190464,D:\INVENTOR_DATA\05_STANDARD_COMPONENTS\04_Valves_and_Actuators\Lever_Butterfly_Valve_DN65_Flanged\ISO 8676 - M8 x 1 x 45 - ISO.ipt,D:\TAN -DU AN\TOSHIBA\120\3d\BON 1\FILTER\0-LOC TONG HOP\nano bubble\Libraries\Content Center Files\en-US\ISO 8676(2)\ISO 8676 - M8 x 1 x 45 - ISO.ipt
04_Valves_and_Actuators,Lever_Butterfly_Valve_DN65_Flanged,ISO 8676 - M8 x 1 x 50 - ISO.ipt,Part,189952,D:\INVENTOR_DATA\05_STANDARD_COMPONENTS\04_Valves_and_Actuators\Lever_Butterfly_Valve_DN65_Flanged\ISO 8676 - M8 x 1 x 50 - ISO.ipt,D:\TAN -DU AN\TOSHIBA\120\3d\BON 1\FILTER\0-LOC TONG HOP\LOC TONG LAP RAP\Libraries\Content Center Files\en-US\ISO 8676(2)\ISO 8676 - M8 x 1 x 50 - ISO.ipt
04_Valves_and_Actuators,Lever_Butterfly_Valve_DN65_Flanged,ISO 8676 - M8 x 1 x 55 - ISO.ipt,Part,189952,D:\INVENTOR_DATA\05_STANDARD_COMPONENTS\04_Valves_and_Actuators\Lever_Butterfly_Valve_DN65_Flanged\ISO 8676 - M8 x 1 x 55 - ISO.ipt,D:\TAN -DU AN\TOSHIBA\120\3d\BON 1\FILTER\0-LOC TONG HOP\tan tan loc\Libraries\Content Center Files\en-US\ISO 8676(2)\ISO 8676 - M8 x 1 x 55 - ISO.ipt
04_Valves_and_Actuators,Lever_Butterfly_Valve_DN65_Flanged,lap mat bich van tay 76 MO.iam,Assembly,268288,D:\INVENTOR_DATA\05_STANDARD_COMPONENTS\04_Valves_and_Actuators\Lever_Butterfly_Valve_DN65_Flanged\lap mat bich van tay 76 MO.iam,D:\TAN -DU AN\TOSHIBA\120\3d\BON 1\FILTER\lap mat bich van tay 76 MO.iam
04_Valves_and_Actuators,Lever_Butterfly_Valve_DN65_Flanged,Lever_Butterfly_Valve_DN65_Flanged.iam,Main Assembly,268288,D:\INVENTOR_DATA\05_STANDARD_COMPONENTS\04_Valves_and_Actuators\Lever_Butterfly_Valve_DN65_Flanged\Lever_Butterfly_Valve_DN65_Flanged.iam,Origin Created in Module
04_Valves_and_Actuators,Lever_Butterfly_Valve_DN65_Flanged,MAT BICH nhua 76_MIR.ipt,Part,346112,D:\INVENTOR_DATA\05_STANDARD_COMPONENTS\04_Valves_and_Actuators\Lever_Butterfly_Valve_DN65_Flanged\MAT BICH nhua 76_MIR.ipt,D:\TAN -DU AN\TOSHIBA\120\3d\BON 1\FILTER\MAT BICH nhua 76_MIR.ipt
04_Valves_and_Actuators,Lever_Butterfly_Valve_DN65_Flanged,TAY VAN BUOM_MIR.ipt,Part,157184,D:\INVENTOR_DATA\05_STANDARD_COMPONENTS\04_Valves_and_Actuators\Lever_Butterfly_Valve_DN65_Flanged\TAY VAN BUOM_MIR.ipt,D:\TAN -DU AN\TOSHIBA\120\3d\BON 1\FILTER\TAY VAN BUOM_MIR.ipt
04_Valves_and_Actuators,Lever_Butterfly_Valve_DN65_Flanged,than van 76_MIR.ipt,Part,161280,D:\INVENTOR_DATA\05_STANDARD_COMPONENTS\04_Valves_and_Actuators\Lever_Butterfly_Valve_DN65_Flanged\than van 76_MIR.ipt,D:\TAN -DU AN\TOSHIBA\120\3d\BON 1\FILTER\than van 76_MIR.ipt
04_Valves_and_Actuators,Lever_Butterfly_Valve_DN65_Flanged,van buom 76_MIR.iam,Assembly,273408,D:\INVENTOR_DATA\05_STANDARD_COMPONENTS\04_Valves_and_Actuators\Lever_Butterfly_Valve_DN65_Flanged\van buom 76_MIR.iam,D:\TAN -DU AN\TOSHIBA\120\3d\BON 1\FILTER\van buom 76_MIR.iam
04_Valves_and_Actuators,Lever_Butterfly_Valve_DN65_Wafer,Lever_Butterfly_Valve_DN65_Wafer.iam,Main Assembly,116736,D:\INVENTOR_DATA\05_STANDARD_COMPONENTS\04_Valves_and_Actuators\Lever_Butterfly_Valve_DN65_Wafer\Lever_Butterfly_Valve_DN65_Wafer.iam,D:\TAN -DU AN\TOSHIBA\120\3d\BON 1\FILTER\van\van buom dien 76\Lever_Butterfly_Valve_DN65_Wafer.iam
04_Valves_and_Actuators,Lever_Butterfly_Valve_DN65_Wafer,TAY VAN BUOM.ipt,Part,168960,D:\INVENTOR_DATA\05_STANDARD_COMPONENTS\04_Valves_and_Actuators\Lever_Butterfly_Valve_DN65_Wafer\TAY VAN BUOM.ipt,D:\TAN -DU AN\TOSHIBA\120\3d\BON 1\FILTER\TAY VAN BUOM.ipt
04_Valves_and_Actuators,Lever_Butterfly_Valve_DN65_Wafer,than van 76.ipt,Part,166912,D:\INVENTOR_DATA\05_STANDARD_COMPONENTS\04_Valves_and_Actuators\Lever_Butterfly_Valve_DN65_Wafer\than van 76.ipt,D:\TAN -DU AN\TOSHIBA\120\3d\BON 1\FILTER\001 NUOC THAI\6M3 LONG HAU\than van 76.ipt
04_Valves_and_Actuators,Lever_Butterfly_Valve_DN65_Wafer,van buom 76.iam,Assembly,116736,D:\INVENTOR_DATA\05_STANDARD_COMPONENTS\04_Valves_and_Actuators\Lever_Butterfly_Valve_DN65_Wafer\van buom 76.iam,D:\TAN -DU AN\TOSHIBA\120\3d\BON 1\FILTER\van\van buom dien 76\van buom 76.iam
04_Valves_and_Actuators,Lever_Butterfly_Valve_DN80_Flanged,ISO 4017 - M12 x 25DIN EN A2-70 (ST_STL).ipt,Part,193024,D:\INVENTOR_DATA\05_STANDARD_COMPONENTS\04_Valves_and_Actuators\Lever_Butterfly_Valve_DN80_Flanged\ISO 4017 - M12 x 25DIN EN A2-70 (ST_STL).ipt,D:\TAN -DU AN\TOSHIBA\120\3d\BON 1\FILTER\RO CONTAINER\ISO CONTAINER - 1AAA  - (HICUBE) 40' (12m)\ISO 4017 - M12 x 25DIN EN A2-70 (ST_STL).ipt
04_Valves_and_Actuators,Lever_Butterfly_Valve_DN80_Flanged,ISO 4017 - M16 x 100 - ISO.ipt,Part,190464,D:\INVENTOR_DATA\05_STANDARD_COMPONENTS\04_Valves_and_Actuators\Lever_Butterfly_Valve_DN80_Flanged\ISO 4017 - M16 x 100 - ISO.ipt,D:\TAN -DU AN\TOSHIBA\120\3d\BON 1\FILTER\0-LOC TONG HOP\XLNT toshiba\Libraries\Content Center Files\en-US\ISO 4017(1)\ISO 4017 - M16 x 100 - ISO.ipt
04_Valves_and_Actuators,Lever_Butterfly_Valve_DN80_Flanged,ISO 4017 - M16 x 60 - ISO.ipt,Part,192512,D:\INVENTOR_DATA\05_STANDARD_COMPONENTS\04_Valves_and_Actuators\Lever_Butterfly_Valve_DN80_Flanged\ISO 4017 - M16 x 60 - ISO.ipt,D:\TAN -DU AN\TOSHIBA\120\3d\BON 1\FILTER\0-LOC TONG HOP\XLNT toshiba\Libraries\Content Center Files\en-US\ISO 4017(1)\ISO 4017 - M16 x 60 - ISO.ipt
04_Valves_and_Actuators,Lever_Butterfly_Valve_DN80_Flanged,ISO 4032 - M12DIN EN A2-70 (ST_STL).ipt,Part,163840,D:\INVENTOR_DATA\05_STANDARD_COMPONENTS\04_Valves_and_Actuators\Lever_Butterfly_Valve_DN80_Flanged\ISO 4032 - M12DIN EN A2-70 (ST_STL).ipt,D:\TAN -DU AN\TOSHIBA\120\3d\BON 1\FILTER\RO CONTAINER\ISO CONTAINER - 1AAA  - (HICUBE) 40' (12m)\ISO 4032 - M12DIN EN A2-70 (ST_STL).ipt
04_Valves_and_Actuators,Lever_Butterfly_Valve_DN80_Flanged,ISO 4032 - M14 - ISO.ipt,Part,163840,D:\INVENTOR_DATA\05_STANDARD_COMPONENTS\04_Valves_and_Actuators\Lever_Butterfly_Valve_DN80_Flanged\ISO 4032 - M14 - ISO.ipt,D:\TAN -DU AN\TOSHIBA\120\3d\BON 1\FILTER\0-LOC TONG HOP\XLNT toshiba\Libraries\Content Center Files\en-US\ISO 4032(2)\ISO 4032 - M14 - ISO.ipt
04_Valves_and_Actuators,Lever_Butterfly_Valve_DN80_Flanged,ISO 4032 - M16 - ISO.ipt,Part,164352,D:\INVENTOR_DATA\05_STANDARD_COMPONENTS\04_Valves_and_Actuators\Lever_Butterfly_Valve_DN80_Flanged\ISO 4032 - M16 - ISO.ipt,D:\TAN -DU AN\TOSHIBA\120\3d\BON 1\FILTER\0-LOC TONG HOP\XLNT toshiba\Libraries\Content Center Files\en-US\ISO 4032(2)\ISO 4032 - M16 - ISO.ipt
04_Valves_and_Actuators,Lever_Butterfly_Valve_DN80_Flanged,ISO 4032 - M4 - ISO.ipt,Part,162304,D:\INVENTOR_DATA\05_STANDARD_COMPONENTS\04_Valves_and_Actuators\Lever_Butterfly_Valve_DN80_Flanged\ISO 4032 - M4 - ISO.ipt,D:\TAN -DU AN\TOSHIBA\120\3d\BON 1\FILTER\0-LOC TONG HOP\tan tan loc\Libraries\Content Center Files\en-US\ISO 4032(2)\ISO 4032 - M4 - ISO.ipt
04_Valves_and_Actuators,Lever_Butterfly_Valve_DN80_Flanged,ISO 4032 - M6 - ISO.ipt,Part,165888,D:\INVENTOR_DATA\05_STANDARD_COMPONENTS\04_Valves_and_Actuators\Lever_Butterfly_Valve_DN80_Flanged\ISO 4032 - M6 - ISO.ipt,D:\TAN -DU AN\TOSHIBA\120\3d\BON 1\FILTER\ISO 4032 - M6 - ISO.ipt
04_Valves_and_Actuators,Lever_Butterfly_Valve_DN80_Flanged,ISO 7089 - 12 - 140 HV(1).ipt,Part,106496,D:\INVENTOR_DATA\05_STANDARD_COMPONENTS\04_Valves_and_Actuators\Lever_Butterfly_Valve_DN80_Flanged\ISO 7089 - 12 - 140 HV(1).ipt,D:\TAN -DU AN\TOSHIBA\120\3d\BON 1\FILTER\0-LOC TONG HOP\XLNT toshiba\Libraries\Content Center Files\en-US\ISO 7089\ISO 7089 - 12 - 140 HV(1).ipt
04_Valves_and_Actuators,Lever_Butterfly_Valve_DN80_Flanged,ISO 7089 - 16 - 140 HV(1).ipt,Part,106496,D:\INVENTOR_DATA\05_STANDARD_COMPONENTS\04_Valves_and_Actuators\Lever_Butterfly_Valve_DN80_Flanged\ISO 7089 - 16 - 140 HV(1).ipt,D:\TAN -DU AN\TOSHIBA\120\3d\BON 1\FILTER\0-LOC TONG HOP\XLNT toshiba\Libraries\Content Center Files\en-US\ISO 7089\ISO 7089 - 16 - 140 HV(1).ipt
04_Valves_and_Actuators,Lever_Butterfly_Valve_DN80_Flanged,ISO 7089 - 8 - 140 HV(1).ipt,Part,106496,D:\INVENTOR_DATA\05_STANDARD_COMPONENTS\04_Valves_and_Actuators\Lever_Butterfly_Valve_DN80_Flanged\ISO 7089 - 8 - 140 HV(1).ipt,D:\TAN -DU AN\TOSHIBA\120\3d\BON 1\FILTER\0-LOC TONG HOP\XLNT toshiba\Libraries\Content Center Files\en-US\ISO 7089\ISO 7089 - 8 - 140 HV(1).ipt
04_Valves_and_Actuators,Lever_Butterfly_Valve_DN80_Flanged,ISO 7092 - ST 14 - 140 HV.ipt,Part,107520,D:\INVENTOR_DATA\05_STANDARD_COMPONENTS\04_Valves_and_Actuators\Lever_Butterfly_Valve_DN80_Flanged\ISO 7092 - ST 14 - 140 HV.ipt,D:\TAN -DU AN\TOSHIBA\120\3d\BON 1\FILTER\ISO 7092 - ST 14 - 140 HV.ipt
04_Valves_and_Actuators,Lever_Butterfly_Valve_DN80_Flanged,ISO 8673 - M14 x 1.5ISO.ipt,Part,164352,D:\INVENTOR_DATA\05_STANDARD_COMPONENTS\04_Valves_and_Actuators\Lever_Butterfly_Valve_DN80_Flanged\ISO 8673 - M14 x 1.5ISO.ipt,D:\TAN -DU AN\TOSHIBA\120\3d\BON 1\FILTER\ISO 8673 - M14 x 1.5ISO.ipt
04_Valves_and_Actuators,Lever_Butterfly_Valve_DN80_Flanged,ISO 8676 - M10 x 1 x 30 - ISO.ipt,Part,192512,D:\INVENTOR_DATA\05_STANDARD_COMPONENTS\04_Valves_and_Actuators\Lever_Butterfly_Valve_DN80_Flanged\ISO 8676 - M10 x 1 x 30 - ISO.ipt,D:\TAN -DU AN\TOSHIBA\120\3d\BON 1\FILTER\0-LOC TONG HOP\THUNG SIEU LOC\Libraries\Content Center Files\en-US\ISO 8676(2)\ISO 8676 - M10 x 1 x 30 - ISO.ipt
04_Valves_and_Actuators,Lever_Butterfly_Valve_DN80_Flanged,ISO 8676 - M10 x 1 x 55 - ISO.ipt,Part,190464,D:\INVENTOR_DATA\05_STANDARD_COMPONENTS\04_Valves_and_Actuators\Lever_Butterfly_Valve_DN80_Flanged\ISO 8676 - M10 x 1 x 55 - ISO.ipt,D:\TAN -DU AN\TOSHIBA\120\3d\BON 1\FILTER\0-LOC TONG HOP\HE SIEU LOC\Libraries\Content Center Files\en-US\ISO 8676(2)\ISO 8676 - M10 x 1 x 55 - ISO.ipt
04_Valves_and_Actuators,Lever_Butterfly_Valve_DN80_Flanged,ISO 8676 - M10 x 1 x 60 - ISO.ipt,Part,189952,D:\INVENTOR_DATA\05_STANDARD_COMPONENTS\04_Valves_and_Actuators\Lever_Butterfly_Valve_DN80_Flanged\ISO 8676 - M10 x 1 x 60 - ISO.ipt,D:\TAN -DU AN\TOSHIBA\120\3d\BON 1\FILTER\0-LOC TONG HOP\tan tan loc\Libraries\Content Center Files\en-US\ISO 8676(2)\ISO 8676 - M10 x 1 x 60 - ISO.ipt
04_Valves_and_Actuators,Lever_Butterfly_Valve_DN80_Flanged,ISO 8676 - M10 x 1 x 80 - ISO.ipt,Part,188928,D:\INVENTOR_DATA\05_STANDARD_COMPONENTS\04_Valves_and_Actuators\Lever_Butterfly_Valve_DN80_Flanged\ISO 8676 - M10 x 1 x 80 - ISO.ipt,D:\TAN -DU AN\TOSHIBA\120\3d\BON 1\FILTER\0-LOC TONG HOP\tan tan loc\Libraries\Content Center Files\en-US\ISO 8676(2)\ISO 8676 - M10 x 1 x 80 - ISO.ipt
04_Valves_and_Actuators,Lever_Butterfly_Valve_DN80_Flanged,"ISO 8676 - M14 x 1,5 x 130 - ISO.ipt",Part,193024,"D:\INVENTOR_DATA\05_STANDARD_COMPONENTS\04_Valves_and_Actuators\Lever_Butterfly_Valve_DN80_Flanged\ISO 8676 - M14 x 1,5 x 130 - ISO.ipt","D:\Autodesk\Inventor 2025\Content Center Files\en-US\ISO 8676(2)\ISO 8676 - M14 x 1,5 x 130 - ISO.ipt"
04_Valves_and_Actuators,Lever_Butterfly_Valve_DN80_Flanged,ISO 8676 - M16 x 1.5 x 100 - ISO.ipt,Part,189952,D:\INVENTOR_DATA\05_STANDARD_COMPONENTS\04_Valves_and_Actuators\Lever_Butterfly_Valve_DN80_Flanged\ISO 8676 - M16 x 1.5 x 100 - ISO.ipt,D:\TAN -DU AN\TOSHIBA\120\3d\BON 1\FILTER\0-LOC TONG HOP\XLNT toshiba\Libraries\Content Center Files\en-US\ISO 8676(2)\ISO 8676 - M16 x 1.5 x 100 - ISO.ipt
04_Valves_and_Actuators,Lever_Butterfly_Valve_DN80_Flanged,ISO 8676 - M16 x 1.5 x 90 - ISO.ipt,Part,190464,D:\INVENTOR_DATA\05_STANDARD_COMPONENTS\04_Valves_and_Actuators\Lever_Butterfly_Valve_DN80_Flanged\ISO 8676 - M16 x 1.5 x 90 - ISO.ipt,D:\TAN -DU AN\TOSHIBA\120\3d\BON 1\FILTER\0-LOC TONG HOP\XLNT toshiba\Libraries\Content Center Files\en-US\ISO 8676(2)\ISO 8676 - M16 x 1.5 x 90 - ISO.ipt
04_Valves_and_Actuators,Lever_Butterfly_Valve_DN80_Flanged,ISO 8676 - M8 x 1 x 45 - ISO.ipt,Part,190464,D:\INVENTOR_DATA\05_STANDARD_COMPONENTS\04_Valves_and_Actuators\Lever_Butterfly_Valve_DN80_Flanged\ISO 8676 - M8 x 1 x 45 - ISO.ipt,D:\TAN -DU AN\TOSHIBA\120\3d\BON 1\FILTER\0-LOC TONG HOP\nano bubble\Libraries\Content Center Files\en-US\ISO 8676(2)\ISO 8676 - M8 x 1 x 45 - ISO.ipt
04_Valves_and_Actuators,Lever_Butterfly_Valve_DN80_Flanged,ISO 8676 - M8 x 1 x 50 - ISO.ipt,Part,189952,D:\INVENTOR_DATA\05_STANDARD_COMPONENTS\04_Valves_and_Actuators\Lever_Butterfly_Valve_DN80_Flanged\ISO 8676 - M8 x 1 x 50 - ISO.ipt,D:\TAN -DU AN\TOSHIBA\120\3d\BON 1\FILTER\0-LOC TONG HOP\LOC TONG LAP RAP\Libraries\Content Center Files\en-US\ISO 8676(2)\ISO 8676 - M8 x 1 x 50 - ISO.ipt
04_Valves_and_Actuators,Lever_Butterfly_Valve_DN80_Flanged,ISO 8676 - M8 x 1 x 55 - ISO.ipt,Part,189952,D:\INVENTOR_DATA\05_STANDARD_COMPONENTS\04_Valves_and_Actuators\Lever_Butterfly_Valve_DN80_Flanged\ISO 8676 - M8 x 1 x 55 - ISO.ipt,D:\TAN -DU AN\TOSHIBA\120\3d\BON 1\FILTER\0-LOC TONG HOP\tan tan loc\Libraries\Content Center Files\en-US\ISO 8676(2)\ISO 8676 - M8 x 1 x 55 - ISO.ipt
04_Valves_and_Actuators,Lever_Butterfly_Valve_DN80_Flanged,lap mat bich van tay 90_Simplify_1.ipt,Part,580608,D:\INVENTOR_DATA\05_STANDARD_COMPONENTS\04_Valves_and_Actuators\Lever_Butterfly_Valve_DN80_Flanged\lap mat bich van tay 90_Simplify_1.ipt,D:\TAN -DU AN\TOSHIBA\120\3d\BON 1\FILTER\bon frp 4272\lap mat bich van tay 90_Simplify_1.ipt
04_Valves_and_Actuators,Lever_Butterfly_Valve_DN80_Flanged,Lever_Butterfly_Valve_DN80_Flanged.iam,Main Assembly,381952,D:\INVENTOR_DATA\05_STANDARD_COMPONENTS\04_Valves_and_Actuators\Lever_Butterfly_Valve_DN80_Flanged\Lever_Butterfly_Valve_DN80_Flanged.iam,Origin Created in Module
04_Valves_and_Actuators,Lever_Butterfly_Valve_DN80_Flanged,MAT BICH nhua 90.ipt,Part,203776,D:\INVENTOR_DATA\05_STANDARD_COMPONENTS\04_Valves_and_Actuators\Lever_Butterfly_Valve_DN80_Flanged\MAT BICH nhua 90.ipt,D:\TAN -DU AN\TOSHIBA\120\3d\BON 1\MAT BICH nhua 90.ipt
04_Valves_and_Actuators,Lever_Butterfly_Valve_DN80_Flanged,TAY VAN BUOM.ipt,Part,166400,D:\INVENTOR_DATA\05_STANDARD_COMPONENTS\04_Valves_and_Actuators\Lever_Butterfly_Valve_DN80_Flanged\TAY VAN BUOM.ipt,D:\TAN -DU AN\TOSHIBA\120\3d\BON 1\FILTER\van\van buom dien 90\TAY VAN BUOM.ipt
04_Valves_and_Actuators,Lever_Butterfly_Valve_DN80_Flanged,than van 90.ipt,Part,174592,D:\INVENTOR_DATA\05_STANDARD_COMPONENTS\04_Valves_and_Actuators\Lever_Butterfly_Valve_DN80_Flanged\than van 90.ipt,D:\TAN -DU AN\TOSHIBA\120\3d\BON 1\FILTER\van\van buom dien 90\than van 90.ipt
04_Valves_and_Actuators,Lever_Butterfly_Valve_DN80_Flanged,VAN BUOM 90 MO.iam,Assembly,287232,D:\INVENTOR_DATA\05_STANDARD_COMPONENTS\04_Valves_and_Actuators\Lever_Butterfly_Valve_DN80_Flanged\VAN BUOM 90 MO.iam,D:\TAN -DU AN\TOSHIBA\120\3d\BON 1\FILTER\van\van buom dien 90\VAN BUOM 90 MO.iam
04_Valves_and_Actuators,Lever_Butterfly_Valve_DN80_Wafer,Lever_Butterfly_Valve_DN80_Wafer.iam,Main Assembly,288768,D:\INVENTOR_DATA\05_STANDARD_COMPONENTS\04_Valves_and_Actuators\Lever_Butterfly_Valve_DN80_Wafer\Lever_Butterfly_Valve_DN80_Wafer.iam,D:\TAN -DU AN\TOSHIBA\120\3d\BON 1\FILTER\van\van buom dien 90\Lever_Butterfly_Valve_DN80_Wafer.iam
04_Valves_and_Actuators,Lever_Butterfly_Valve_DN80_Wafer,TAY VAN BUOM.ipt,Part,166400,D:\INVENTOR_DATA\05_STANDARD_COMPONENTS\04_Valves_and_Actuators\Lever_Butterfly_Valve_DN80_Wafer\TAY VAN BUOM.ipt,D:\TAN -DU AN\TOSHIBA\120\3d\BON 1\FILTER\van\van buom dien 90\TAY VAN BUOM.ipt
04_Valves_and_Actuators,Lever_Butterfly_Valve_DN80_Wafer,than van 90.ipt,Part,174592,D:\INVENTOR_DATA\05_STANDARD_COMPONENTS\04_Valves_and_Actuators\Lever_Butterfly_Valve_DN80_Wafer\than van 90.ipt,D:\TAN -DU AN\TOSHIBA\120\3d\BON 1\FILTER\van\van buom dien 90\than van 90.ipt
04_Valves_and_Actuators,Lever_Butterfly_Valve_DN80_Wafer,VAN BUOM 90 DONG.iam,Assembly,288768,D:\INVENTOR_DATA\05_STANDARD_COMPONENTS\04_Valves_and_Actuators\Lever_Butterfly_Valve_DN80_Wafer\VAN BUOM 90 DONG.iam,D:\TAN -DU AN\TOSHIBA\120\3d\BON 1\FILTER\van\van buom dien 90\VAN BUOM 90 DONG.iam
04_Valves_and_Actuators,Motorized_Butterfly_Valve_DN65,Motorized_Butterfly_Valve_DN65.iam,Main Assembly,137728,D:\INVENTOR_DATA\05_STANDARD_COMPONENTS\04_Valves_and_Actuators\Motorized_Butterfly_Valve_DN65\Motorized_Butterfly_Valve_DN65.iam,D:\TAN -DU AN\TOSHIBA\120\3d\BON 1\FILTER\van\van buom dien 76\Motorized_Butterfly_Valve_DN65.iam
04_Valves_and_Actuators,Motorized_Butterfly_Valve_DN65,than van 76.ipt,Part,166912,D:\INVENTOR_DATA\05_STANDARD_COMPONENTS\04_Valves_and_Actuators\Motorized_Butterfly_Valve_DN65\than van 76.ipt,D:\TAN -DU AN\TOSHIBA\120\3d\BON 1\FILTER\001 NUOC THAI\6M3 LONG HAU\than van 76.ipt
04_Valves_and_Actuators,Motorized_Butterfly_Valve_DN65,VAN DIEN 76.iam,Assembly,137728,D:\INVENTOR_DATA\05_STANDARD_COMPONENTS\04_Valves_and_Actuators\Motorized_Butterfly_Valve_DN65\VAN DIEN 76.iam,D:\TAN -DU AN\TOSHIBA\120\3d\BON 1\FILTER\van\van buom dien 76\VAN DIEN 76.iam
04_Valves_and_Actuators,Motorized_Butterfly_Valve_DN65,đau dien kosaplus KE005.ipt,Part,268288,D:\INVENTOR_DATA\05_STANDARD_COMPONENTS\04_Valves_and_Actuators\Motorized_Butterfly_Valve_DN65\đau dien kosaplus KE005.ipt,D:\TAN -DU AN\TOSHIBA\120\3d\BON 1\FILTER\van\van buom dien 76\đau dien kosaplus KE005.ipt
04_Valves_and_Actuators,Motorized_Butterfly_Valve_DN65_Flanged,Bolted Connection1.iam,Assembly,167424,D:\INVENTOR_DATA\05_STANDARD_COMPONENTS\04_Valves_and_Actuators\Motorized_Butterfly_Valve_DN65_Flanged\Bolted Connection1.iam,D:\TAN -DU AN\TOSHIBA\120\3d\BON 1\FILTER\0-LOC TONG HOP\XLNT toshiba\Workgroups\NotInProject\LAP DAT BON 1\Design Accelerator\Bolted Connection1.iam
04_Valves_and_Actuators,Motorized_Butterfly_Valve_DN65_Flanged,ISO 4017 - M12 x 25DIN EN A2-70 (ST_STL).ipt,Part,193024,D:\INVENTOR_DATA\05_STANDARD_COMPONENTS\04_Valves_and_Actuators\Motorized_Butterfly_Valve_DN65_Flanged\ISO 4017 - M12 x 25DIN EN A2-70 (ST_STL).ipt,D:\TAN -DU AN\TOSHIBA\120\3d\BON 1\FILTER\RO CONTAINER\ISO CONTAINER - 1AAA  - (HICUBE) 40' (12m)\ISO 4017 - M12 x 25DIN EN A2-70 (ST_STL).ipt
04_Valves_and_Actuators,Motorized_Butterfly_Valve_DN65_Flanged,ISO 4017 - M16 x 100 - ISO.ipt,Part,190464,D:\INVENTOR_DATA\05_STANDARD_COMPONENTS\04_Valves_and_Actuators\Motorized_Butterfly_Valve_DN65_Flanged\ISO 4017 - M16 x 100 - ISO.ipt,D:\TAN -DU AN\TOSHIBA\120\3d\BON 1\FILTER\0-LOC TONG HOP\XLNT toshiba\Libraries\Content Center Files\en-US\ISO 4017(1)\ISO 4017 - M16 x 100 - ISO.ipt
04_Valves_and_Actuators,Motorized_Butterfly_Valve_DN65_Flanged,ISO 4017 - M16 x 60 - ISO.ipt,Part,192512,D:\INVENTOR_DATA\05_STANDARD_COMPONENTS\04_Valves_and_Actuators\Motorized_Butterfly_Valve_DN65_Flanged\ISO 4017 - M16 x 60 - ISO.ipt,D:\TAN -DU AN\TOSHIBA\120\3d\BON 1\FILTER\0-LOC TONG HOP\XLNT toshiba\Libraries\Content Center Files\en-US\ISO 4017(1)\ISO 4017 - M16 x 60 - ISO.ipt
04_Valves_and_Actuators,Motorized_Butterfly_Valve_DN65_Flanged,ISO 4032 - M12DIN EN A2-70 (ST_STL).ipt,Part,163840,D:\INVENTOR_DATA\05_STANDARD_COMPONENTS\04_Valves_and_Actuators\Motorized_Butterfly_Valve_DN65_Flanged\ISO 4032 - M12DIN EN A2-70 (ST_STL).ipt,D:\TAN -DU AN\TOSHIBA\120\3d\BON 1\FILTER\RO CONTAINER\ISO CONTAINER - 1AAA  - (HICUBE) 40' (12m)\ISO 4032 - M12DIN EN A2-70 (ST_STL).ipt
04_Valves_and_Actuators,Motorized_Butterfly_Valve_DN65_Flanged,ISO 4032 - M14 - ISO.ipt,Part,163840,D:\INVENTOR_DATA\05_STANDARD_COMPONENTS\04_Valves_and_Actuators\Motorized_Butterfly_Valve_DN65_Flanged\ISO 4032 - M14 - ISO.ipt,D:\TAN -DU AN\TOSHIBA\120\3d\BON 1\FILTER\0-LOC TONG HOP\XLNT toshiba\Libraries\Content Center Files\en-US\ISO 4032(2)\ISO 4032 - M14 - ISO.ipt
04_Valves_and_Actuators,Motorized_Butterfly_Valve_DN65_Flanged,ISO 4032 - M16 - ISO.ipt,Part,164352,D:\INVENTOR_DATA\05_STANDARD_COMPONENTS\04_Valves_and_Actuators\Motorized_Butterfly_Valve_DN65_Flanged\ISO 4032 - M16 - ISO.ipt,D:\TAN -DU AN\TOSHIBA\120\3d\BON 1\FILTER\0-LOC TONG HOP\XLNT toshiba\Libraries\Content Center Files\en-US\ISO 4032(2)\ISO 4032 - M16 - ISO.ipt
04_Valves_and_Actuators,Motorized_Butterfly_Valve_DN65_Flanged,ISO 4032 - M4 - ISO.ipt,Part,162304,D:\INVENTOR_DATA\05_STANDARD_COMPONENTS\04_Valves_and_Actuators\Motorized_Butterfly_Valve_DN65_Flanged\ISO 4032 - M4 - ISO.ipt,D:\TAN -DU AN\TOSHIBA\120\3d\BON 1\FILTER\0-LOC TONG HOP\tan tan loc\Libraries\Content Center Files\en-US\ISO 4032(2)\ISO 4032 - M4 - ISO.ipt
04_Valves_and_Actuators,Motorized_Butterfly_Valve_DN65_Flanged,ISO 4032 - M6 - ISO.ipt,Part,165888,D:\INVENTOR_DATA\05_STANDARD_COMPONENTS\04_Valves_and_Actuators\Motorized_Butterfly_Valve_DN65_Flanged\ISO 4032 - M6 - ISO.ipt,D:\TAN -DU AN\TOSHIBA\120\3d\BON 1\FILTER\ISO 4032 - M6 - ISO.ipt
04_Valves_and_Actuators,Motorized_Butterfly_Valve_DN65_Flanged,ISO 7089 - 12 - 140 HV(1).ipt,Part,106496,D:\INVENTOR_DATA\05_STANDARD_COMPONENTS\04_Valves_and_Actuators\Motorized_Butterfly_Valve_DN65_Flanged\ISO 7089 - 12 - 140 HV(1).ipt,D:\TAN -DU AN\TOSHIBA\120\3d\BON 1\FILTER\0-LOC TONG HOP\XLNT toshiba\Libraries\Content Center Files\en-US\ISO 7089\ISO 7089 - 12 - 140 HV(1).ipt
04_Valves_and_Actuators,Motorized_Butterfly_Valve_DN65_Flanged,ISO 7089 - 16 - 140 HV(1).ipt,Part,106496,D:\INVENTOR_DATA\05_STANDARD_COMPONENTS\04_Valves_and_Actuators\Motorized_Butterfly_Valve_DN65_Flanged\ISO 7089 - 16 - 140 HV(1).ipt,D:\TAN -DU AN\TOSHIBA\120\3d\BON 1\FILTER\0-LOC TONG HOP\XLNT toshiba\Libraries\Content Center Files\en-US\ISO 7089\ISO 7089 - 16 - 140 HV(1).ipt
04_Valves_and_Actuators,Motorized_Butterfly_Valve_DN65_Flanged,ISO 7089 - 8 - 140 HV(1).ipt,Part,106496,D:\INVENTOR_DATA\05_STANDARD_COMPONENTS\04_Valves_and_Actuators\Motorized_Butterfly_Valve_DN65_Flanged\ISO 7089 - 8 - 140 HV(1).ipt,D:\TAN -DU AN\TOSHIBA\120\3d\BON 1\FILTER\0-LOC TONG HOP\XLNT toshiba\Libraries\Content Center Files\en-US\ISO 7089\ISO 7089 - 8 - 140 HV(1).ipt
04_Valves_and_Actuators,Motorized_Butterfly_Valve_DN65_Flanged,ISO 8676 - M10 x 1 x 30 - ISO.ipt,Part,192512,D:\INVENTOR_DATA\05_STANDARD_COMPONENTS\04_Valves_and_Actuators\Motorized_Butterfly_Valve_DN65_Flanged\ISO 8676 - M10 x 1 x 30 - ISO.ipt,D:\TAN -DU AN\TOSHIBA\120\3d\BON 1\FILTER\0-LOC TONG HOP\THUNG SIEU LOC\Libraries\Content Center Files\en-US\ISO 8676(2)\ISO 8676 - M10 x 1 x 30 - ISO.ipt
04_Valves_and_Actuators,Motorized_Butterfly_Valve_DN65_Flanged,ISO 8676 - M10 x 1 x 55 - ISO.ipt,Part,190464,D:\INVENTOR_DATA\05_STANDARD_COMPONENTS\04_Valves_and_Actuators\Motorized_Butterfly_Valve_DN65_Flanged\ISO 8676 - M10 x 1 x 55 - ISO.ipt,D:\TAN -DU AN\TOSHIBA\120\3d\BON 1\FILTER\0-LOC TONG HOP\HE SIEU LOC\Libraries\Content Center Files\en-US\ISO 8676(2)\ISO 8676 - M10 x 1 x 55 - ISO.ipt
04_Valves_and_Actuators,Motorized_Butterfly_Valve_DN65_Flanged,ISO 8676 - M10 x 1 x 60 - ISO.ipt,Part,189952,D:\INVENTOR_DATA\05_STANDARD_COMPONENTS\04_Valves_and_Actuators\Motorized_Butterfly_Valve_DN65_Flanged\ISO 8676 - M10 x 1 x 60 - ISO.ipt,D:\TAN -DU AN\TOSHIBA\120\3d\BON 1\FILTER\0-LOC TONG HOP\tan tan loc\Libraries\Content Center Files\en-US\ISO 8676(2)\ISO 8676 - M10 x 1 x 60 - ISO.ipt
04_Valves_and_Actuators,Motorized_Butterfly_Valve_DN65_Flanged,ISO 8676 - M10 x 1 x 80 - ISO.ipt,Part,188928,D:\INVENTOR_DATA\05_STANDARD_COMPONENTS\04_Valves_and_Actuators\Motorized_Butterfly_Valve_DN65_Flanged\ISO 8676 - M10 x 1 x 80 - ISO.ipt,D:\TAN -DU AN\TOSHIBA\120\3d\BON 1\FILTER\0-LOC TONG HOP\tan tan loc\Libraries\Content Center Files\en-US\ISO 8676(2)\ISO 8676 - M10 x 1 x 80 - ISO.ipt
04_Valves_and_Actuators,Motorized_Butterfly_Valve_DN65_Flanged,ISO 8676 - M16 x 1.5 x 100 - ISO.ipt,Part,189952,D:\INVENTOR_DATA\05_STANDARD_COMPONENTS\04_Valves_and_Actuators\Motorized_Butterfly_Valve_DN65_Flanged\ISO 8676 - M16 x 1.5 x 100 - ISO.ipt,D:\TAN -DU AN\TOSHIBA\120\3d\BON 1\FILTER\0-LOC TONG HOP\XLNT toshiba\Libraries\Content Center Files\en-US\ISO 8676(2)\ISO 8676 - M16 x 1.5 x 100 - ISO.ipt
04_Valves_and_Actuators,Motorized_Butterfly_Valve_DN65_Flanged,ISO 8676 - M16 x 1.5 x 90 - ISO.ipt,Part,190464,D:\INVENTOR_DATA\05_STANDARD_COMPONENTS\04_Valves_and_Actuators\Motorized_Butterfly_Valve_DN65_Flanged\ISO 8676 - M16 x 1.5 x 90 - ISO.ipt,D:\TAN -DU AN\TOSHIBA\120\3d\BON 1\FILTER\0-LOC TONG HOP\XLNT toshiba\Libraries\Content Center Files\en-US\ISO 8676(2)\ISO 8676 - M16 x 1.5 x 90 - ISO.ipt
04_Valves_and_Actuators,Motorized_Butterfly_Valve_DN65_Flanged,ISO 8676 - M8 x 1 x 45 - ISO.ipt,Part,190464,D:\INVENTOR_DATA\05_STANDARD_COMPONENTS\04_Valves_and_Actuators\Motorized_Butterfly_Valve_DN65_Flanged\ISO 8676 - M8 x 1 x 45 - ISO.ipt,D:\TAN -DU AN\TOSHIBA\120\3d\BON 1\FILTER\0-LOC TONG HOP\nano bubble\Libraries\Content Center Files\en-US\ISO 8676(2)\ISO 8676 - M8 x 1 x 45 - ISO.ipt
04_Valves_and_Actuators,Motorized_Butterfly_Valve_DN65_Flanged,ISO 8676 - M8 x 1 x 50 - ISO.ipt,Part,189952,D:\INVENTOR_DATA\05_STANDARD_COMPONENTS\04_Valves_and_Actuators\Motorized_Butterfly_Valve_DN65_Flanged\ISO 8676 - M8 x 1 x 50 - ISO.ipt,D:\TAN -DU AN\TOSHIBA\120\3d\BON 1\FILTER\0-LOC TONG HOP\LOC TONG LAP RAP\Libraries\Content Center Files\en-US\ISO 8676(2)\ISO 8676 - M8 x 1 x 50 - ISO.ipt
04_Valves_and_Actuators,Motorized_Butterfly_Valve_DN65_Flanged,ISO 8676 - M8 x 1 x 55 - ISO.ipt,Part,189952,D:\INVENTOR_DATA\05_STANDARD_COMPONENTS\04_Valves_and_Actuators\Motorized_Butterfly_Valve_DN65_Flanged\ISO 8676 - M8 x 1 x 55 - ISO.ipt,D:\TAN -DU AN\TOSHIBA\120\3d\BON 1\FILTER\0-LOC TONG HOP\tan tan loc\Libraries\Content Center Files\en-US\ISO 8676(2)\ISO 8676 - M8 x 1 x 55 - ISO.ipt
04_Valves_and_Actuators,Motorized_Butterfly_Valve_DN65_Flanged,lap mat bich van dien 76.iam,Assembly,236032,D:\INVENTOR_DATA\05_STANDARD_COMPONENTS\04_Valves_and_Actuators\Motorized_Butterfly_Valve_DN65_Flanged\lap mat bich van dien 76.iam,D:\TAN -DU AN\TOSHIBA\120\3d\BON 1\FILTER\bon frp 4272\lap mat bich van dien 76.iam
04_Valves_and_Actuators,Motorized_Butterfly_Valve_DN65_Flanged,MAT BICH nhua 76.ipt,Part,369152,D:\INVENTOR_DATA\05_STANDARD_COMPONENTS\04_Valves_and_Actuators\Motorized_Butterfly_Valve_DN65_Flanged\MAT BICH nhua 76.ipt,D:\TAN -DU AN\TOSHIBA\120\3d\BON 1\FILTER\MAT BICH nhua 76.ipt
04_Valves_and_Actuators,Motorized_Butterfly_Valve_DN65_Flanged,Motorized_Butterfly_Valve_DN65_Flanged.iam,Main Assembly,236032,D:\INVENTOR_DATA\05_STANDARD_COMPONENTS\04_Valves_and_Actuators\Motorized_Butterfly_Valve_DN65_Flanged\Motorized_Butterfly_Valve_DN65_Flanged.iam,Origin Created in Module
04_Valves_and_Actuators,Motorized_Butterfly_Valve_DN65_Flanged,TAY VAN BUOM.ipt,Part,168960,D:\INVENTOR_DATA\05_STANDARD_COMPONENTS\04_Valves_and_Actuators\Motorized_Butterfly_Valve_DN65_Flanged\TAY VAN BUOM.ipt,D:\TAN -DU AN\TOSHIBA\120\3d\BON 1\FILTER\TAY VAN BUOM.ipt
04_Valves_and_Actuators,Motorized_Butterfly_Valve_DN65_Flanged,than van 76.ipt,Part,166912,D:\INVENTOR_DATA\05_STANDARD_COMPONENTS\04_Valves_and_Actuators\Motorized_Butterfly_Valve_DN65_Flanged\than van 76.ipt,D:\TAN -DU AN\TOSHIBA\120\3d\BON 1\FILTER\001 NUOC THAI\6M3 LONG HAU\than van 76.ipt
04_Valves_and_Actuators,Motorized_Butterfly_Valve_DN65_Flanged,van buom 76.iam,Assembly,116736,D:\INVENTOR_DATA\05_STANDARD_COMPONENTS\04_Valves_and_Actuators\Motorized_Butterfly_Valve_DN65_Flanged\van buom 76.iam,D:\TAN -DU AN\TOSHIBA\120\3d\BON 1\FILTER\van\van buom dien 76\van buom 76.iam
04_Valves_and_Actuators,Motorized_Butterfly_Valve_DN65_Flanged,VAN DIEN 76.iam,Assembly,137728,D:\INVENTOR_DATA\05_STANDARD_COMPONENTS\04_Valves_and_Actuators\Motorized_Butterfly_Valve_DN65_Flanged\VAN DIEN 76.iam,D:\TAN -DU AN\TOSHIBA\120\3d\BON 1\FILTER\van\van buom dien 76\VAN DIEN 76.iam
04_Valves_and_Actuators,Motorized_Butterfly_Valve_DN65_Flanged,đau dien kosaplus KE005.ipt,Part,268288,D:\INVENTOR_DATA\05_STANDARD_COMPONENTS\04_Valves_and_Actuators\Motorized_Butterfly_Valve_DN65_Flanged\đau dien kosaplus KE005.ipt,D:\TAN -DU AN\TOSHIBA\120\3d\BON 1\FILTER\van\van buom dien 76\đau dien kosaplus KE005.ipt
04_Valves_and_Actuators,Motorized_Butterfly_Valve_DN80,Motorized_Butterfly_Valve_DN80.iam,Main Assembly,128000,D:\INVENTOR_DATA\05_STANDARD_COMPONENTS\04_Valves_and_Actuators\Motorized_Butterfly_Valve_DN80\Motorized_Butterfly_Valve_DN80.iam,D:\TAN -DU AN\TOSHIBA\120\3d\BON 1\FILTER\van\van buom dien 90\Motorized_Butterfly_Valve_DN80.iam
04_Valves_and_Actuators,Motorized_Butterfly_Valve_DN80,than van 90.ipt,Part,174592,D:\INVENTOR_DATA\05_STANDARD_COMPONENTS\04_Valves_and_Actuators\Motorized_Butterfly_Valve_DN80\than van 90.ipt,D:\TAN -DU AN\TOSHIBA\120\3d\BON 1\FILTER\van\van buom dien 90\than van 90.ipt
04_Valves_and_Actuators,Motorized_Butterfly_Valve_DN80,van dien 90.iam,Assembly,128000,D:\INVENTOR_DATA\05_STANDARD_COMPONENTS\04_Valves_and_Actuators\Motorized_Butterfly_Valve_DN80\van dien 90.iam,D:\TAN -DU AN\TOSHIBA\120\3d\BON 1\FILTER\van\van buom dien 90\van dien 90.iam
04_Valves_and_Actuators,Motorized_Butterfly_Valve_DN80,đau dien kosaplus KE006.ipt,Part,264704,D:\INVENTOR_DATA\05_STANDARD_COMPONENTS\04_Valves_and_Actuators\Motorized_Butterfly_Valve_DN80\đau dien kosaplus KE006.ipt,D:\TAN -DU AN\TOSHIBA\120\3d\BON 1\FILTER\van\van bi dien\đau dien kosaplus KE006.ipt
04_Valves_and_Actuators,Motorized_Butterfly_Valve_DN80_Flanged,ISO 4017 - M12 x 25DIN EN A2-70 (ST_STL).ipt,Part,193024,D:\INVENTOR_DATA\05_STANDARD_COMPONENTS\04_Valves_and_Actuators\Motorized_Butterfly_Valve_DN80_Flanged\ISO 4017 - M12 x 25DIN EN A2-70 (ST_STL).ipt,D:\TAN -DU AN\TOSHIBA\120\3d\BON 1\FILTER\RO CONTAINER\ISO CONTAINER - 1AAA  - (HICUBE) 40' (12m)\ISO 4017 - M12 x 25DIN EN A2-70 (ST_STL).ipt
04_Valves_and_Actuators,Motorized_Butterfly_Valve_DN80_Flanged,ISO 4017 - M16 x 100 - ISO.ipt,Part,190464,D:\INVENTOR_DATA\05_STANDARD_COMPONENTS\04_Valves_and_Actuators\Motorized_Butterfly_Valve_DN80_Flanged\ISO 4017 - M16 x 100 - ISO.ipt,D:\TAN -DU AN\TOSHIBA\120\3d\BON 1\FILTER\0-LOC TONG HOP\XLNT toshiba\Libraries\Content Center Files\en-US\ISO 4017(1)\ISO 4017 - M16 x 100 - ISO.ipt
04_Valves_and_Actuators,Motorized_Butterfly_Valve_DN80_Flanged,ISO 4017 - M16 x 60 - ISO.ipt,Part,192512,D:\INVENTOR_DATA\05_STANDARD_COMPONENTS\04_Valves_and_Actuators\Motorized_Butterfly_Valve_DN80_Flanged\ISO 4017 - M16 x 60 - ISO.ipt,D:\TAN -DU AN\TOSHIBA\120\3d\BON 1\FILTER\0-LOC TONG HOP\XLNT toshiba\Libraries\Content Center Files\en-US\ISO 4017(1)\ISO 4017 - M16 x 60 - ISO.ipt
04_Valves_and_Actuators,Motorized_Butterfly_Valve_DN80_Flanged,ISO 4032 - M12DIN EN A2-70 (ST_STL).ipt,Part,163840,D:\INVENTOR_DATA\05_STANDARD_COMPONENTS\04_Valves_and_Actuators\Motorized_Butterfly_Valve_DN80_Flanged\ISO 4032 - M12DIN EN A2-70 (ST_STL).ipt,D:\TAN -DU AN\TOSHIBA\120\3d\BON 1\FILTER\RO CONTAINER\ISO CONTAINER - 1AAA  - (HICUBE) 40' (12m)\ISO 4032 - M12DIN EN A2-70 (ST_STL).ipt
04_Valves_and_Actuators,Motorized_Butterfly_Valve_DN80_Flanged,ISO 4032 - M14 - ISO.ipt,Part,163840,D:\INVENTOR_DATA\05_STANDARD_COMPONENTS\04_Valves_and_Actuators\Motorized_Butterfly_Valve_DN80_Flanged\ISO 4032 - M14 - ISO.ipt,D:\TAN -DU AN\TOSHIBA\120\3d\BON 1\FILTER\0-LOC TONG HOP\XLNT toshiba\Libraries\Content Center Files\en-US\ISO 4032(2)\ISO 4032 - M14 - ISO.ipt
04_Valves_and_Actuators,Motorized_Butterfly_Valve_DN80_Flanged,ISO 4032 - M16 - ISO.ipt,Part,164352,D:\INVENTOR_DATA\05_STANDARD_COMPONENTS\04_Valves_and_Actuators\Motorized_Butterfly_Valve_DN80_Flanged\ISO 4032 - M16 - ISO.ipt,D:\TAN -DU AN\TOSHIBA\120\3d\BON 1\FILTER\0-LOC TONG HOP\XLNT toshiba\Libraries\Content Center Files\en-US\ISO 4032(2)\ISO 4032 - M16 - ISO.ipt
04_Valves_and_Actuators,Motorized_Butterfly_Valve_DN80_Flanged,ISO 4032 - M4 - ISO.ipt,Part,162304,D:\INVENTOR_DATA\05_STANDARD_COMPONENTS\04_Valves_and_Actuators\Motorized_Butterfly_Valve_DN80_Flanged\ISO 4032 - M4 - ISO.ipt,D:\TAN -DU AN\TOSHIBA\120\3d\BON 1\FILTER\0-LOC TONG HOP\tan tan loc\Libraries\Content Center Files\en-US\ISO 4032(2)\ISO 4032 - M4 - ISO.ipt
04_Valves_and_Actuators,Motorized_Butterfly_Valve_DN80_Flanged,ISO 4032 - M6 - ISO.ipt,Part,165888,D:\INVENTOR_DATA\05_STANDARD_COMPONENTS\04_Valves_and_Actuators\Motorized_Butterfly_Valve_DN80_Flanged\ISO 4032 - M6 - ISO.ipt,D:\TAN -DU AN\TOSHIBA\120\3d\BON 1\FILTER\ISO 4032 - M6 - ISO.ipt
04_Valves_and_Actuators,Motorized_Butterfly_Valve_DN80_Flanged,ISO 7089 - 12 - 140 HV(1).ipt,Part,106496,D:\INVENTOR_DATA\05_STANDARD_COMPONENTS\04_Valves_and_Actuators\Motorized_Butterfly_Valve_DN80_Flanged\ISO 7089 - 12 - 140 HV(1).ipt,D:\TAN -DU AN\TOSHIBA\120\3d\BON 1\FILTER\0-LOC TONG HOP\XLNT toshiba\Libraries\Content Center Files\en-US\ISO 7089\ISO 7089 - 12 - 140 HV(1).ipt
04_Valves_and_Actuators,Motorized_Butterfly_Valve_DN80_Flanged,ISO 7089 - 16 - 140 HV(1).ipt,Part,106496,D:\INVENTOR_DATA\05_STANDARD_COMPONENTS\04_Valves_and_Actuators\Motorized_Butterfly_Valve_DN80_Flanged\ISO 7089 - 16 - 140 HV(1).ipt,D:\TAN -DU AN\TOSHIBA\120\3d\BON 1\FILTER\0-LOC TONG HOP\XLNT toshiba\Libraries\Content Center Files\en-US\ISO 7089\ISO 7089 - 16 - 140 HV(1).ipt
04_Valves_and_Actuators,Motorized_Butterfly_Valve_DN80_Flanged,ISO 7089 - 8 - 140 HV(1).ipt,Part,106496,D:\INVENTOR_DATA\05_STANDARD_COMPONENTS\04_Valves_and_Actuators\Motorized_Butterfly_Valve_DN80_Flanged\ISO 7089 - 8 - 140 HV(1).ipt,D:\TAN -DU AN\TOSHIBA\120\3d\BON 1\FILTER\0-LOC TONG HOP\XLNT toshiba\Libraries\Content Center Files\en-US\ISO 7089\ISO 7089 - 8 - 140 HV(1).ipt
04_Valves_and_Actuators,Motorized_Butterfly_Valve_DN80_Flanged,ISO 7092 - ST 14 - 140 HV.ipt,Part,110080,D:\INVENTOR_DATA\05_STANDARD_COMPONENTS\04_Valves_and_Actuators\Motorized_Butterfly_Valve_DN80_Flanged\ISO 7092 - ST 14 - 140 HV.ipt,D:\Autodesk\Inventor 2025\Content Center Files\en-US\ISO 7092\ISO 7092 - ST 14 - 140 HV.ipt
04_Valves_and_Actuators,Motorized_Butterfly_Valve_DN80_Flanged,ISO 8674 - M14 x 1.5ISO.ipt,Part,165888,D:\INVENTOR_DATA\05_STANDARD_COMPONENTS\04_Valves_and_Actuators\Motorized_Butterfly_Valve_DN80_Flanged\ISO 8674 - M14 x 1.5ISO.ipt,D:\TAN -DU AN\RO 8M3 BD\INVENTOR\Workgroups\NotInProject\ISO 8674 - M14 x 1.5ISO.ipt
04_Valves_and_Actuators,Motorized_Butterfly_Valve_DN80_Flanged,ISO 8676 - M10 x 1 x 30 - ISO.ipt,Part,192512,D:\INVENTOR_DATA\05_STANDARD_COMPONENTS\04_Valves_and_Actuators\Motorized_Butterfly_Valve_DN80_Flanged\ISO 8676 - M10 x 1 x 30 - ISO.ipt,D:\TAN -DU AN\TOSHIBA\120\3d\BON 1\FILTER\0-LOC TONG HOP\THUNG SIEU LOC\Libraries\Content Center Files\en-US\ISO 8676(2)\ISO 8676 - M10 x 1 x 30 - ISO.ipt
04_Valves_and_Actuators,Motorized_Butterfly_Valve_DN80_Flanged,ISO 8676 - M10 x 1 x 55 - ISO.ipt,Part,190464,D:\INVENTOR_DATA\05_STANDARD_COMPONENTS\04_Valves_and_Actuators\Motorized_Butterfly_Valve_DN80_Flanged\ISO 8676 - M10 x 1 x 55 - ISO.ipt,D:\TAN -DU AN\TOSHIBA\120\3d\BON 1\FILTER\0-LOC TONG HOP\HE SIEU LOC\Libraries\Content Center Files\en-US\ISO 8676(2)\ISO 8676 - M10 x 1 x 55 - ISO.ipt
04_Valves_and_Actuators,Motorized_Butterfly_Valve_DN80_Flanged,ISO 8676 - M10 x 1 x 60 - ISO.ipt,Part,189952,D:\INVENTOR_DATA\05_STANDARD_COMPONENTS\04_Valves_and_Actuators\Motorized_Butterfly_Valve_DN80_Flanged\ISO 8676 - M10 x 1 x 60 - ISO.ipt,D:\TAN -DU AN\TOSHIBA\120\3d\BON 1\FILTER\0-LOC TONG HOP\tan tan loc\Libraries\Content Center Files\en-US\ISO 8676(2)\ISO 8676 - M10 x 1 x 60 - ISO.ipt
04_Valves_and_Actuators,Motorized_Butterfly_Valve_DN80_Flanged,ISO 8676 - M10 x 1 x 80 - ISO.ipt,Part,188928,D:\INVENTOR_DATA\05_STANDARD_COMPONENTS\04_Valves_and_Actuators\Motorized_Butterfly_Valve_DN80_Flanged\ISO 8676 - M10 x 1 x 80 - ISO.ipt,D:\TAN -DU AN\TOSHIBA\120\3d\BON 1\FILTER\0-LOC TONG HOP\tan tan loc\Libraries\Content Center Files\en-US\ISO 8676(2)\ISO 8676 - M10 x 1 x 80 - ISO.ipt
04_Valves_and_Actuators,Motorized_Butterfly_Valve_DN80_Flanged,ISO 8676 - M14 x 1.5 x 130 - ISO.ipt,Part,189440,D:\INVENTOR_DATA\05_STANDARD_COMPONENTS\04_Valves_and_Actuators\Motorized_Butterfly_Valve_DN80_Flanged\ISO 8676 - M14 x 1.5 x 130 - ISO.ipt,D:\TAN -DU AN\RO 8M3 BD\INVENTOR\Workgroups\NotInProject\ISO 8676 - M14 x 1.5 x 130 - ISO.ipt
04_Valves_and_Actuators,Motorized_Butterfly_Valve_DN80_Flanged,ISO 8676 - M16 x 1.5 x 100 - ISO.ipt,Part,189952,D:\INVENTOR_DATA\05_STANDARD_COMPONENTS\04_Valves_and_Actuators\Motorized_Butterfly_Valve_DN80_Flanged\ISO 8676 - M16 x 1.5 x 100 - ISO.ipt,D:\TAN -DU AN\TOSHIBA\120\3d\BON 1\FILTER\0-LOC TONG HOP\XLNT toshiba\Libraries\Content Center Files\en-US\ISO 8676(2)\ISO 8676 - M16 x 1.5 x 100 - ISO.ipt
04_Valves_and_Actuators,Motorized_Butterfly_Valve_DN80_Flanged,ISO 8676 - M16 x 1.5 x 90 - ISO.ipt,Part,190464,D:\INVENTOR_DATA\05_STANDARD_COMPONENTS\04_Valves_and_Actuators\Motorized_Butterfly_Valve_DN80_Flanged\ISO 8676 - M16 x 1.5 x 90 - ISO.ipt,D:\TAN -DU AN\TOSHIBA\120\3d\BON 1\FILTER\0-LOC TONG HOP\XLNT toshiba\Libraries\Content Center Files\en-US\ISO 8676(2)\ISO 8676 - M16 x 1.5 x 90 - ISO.ipt
04_Valves_and_Actuators,Motorized_Butterfly_Valve_DN80_Flanged,ISO 8676 - M8 x 1 x 45 - ISO.ipt,Part,190464,D:\INVENTOR_DATA\05_STANDARD_COMPONENTS\04_Valves_and_Actuators\Motorized_Butterfly_Valve_DN80_Flanged\ISO 8676 - M8 x 1 x 45 - ISO.ipt,D:\TAN -DU AN\TOSHIBA\120\3d\BON 1\FILTER\0-LOC TONG HOP\nano bubble\Libraries\Content Center Files\en-US\ISO 8676(2)\ISO 8676 - M8 x 1 x 45 - ISO.ipt
04_Valves_and_Actuators,Motorized_Butterfly_Valve_DN80_Flanged,ISO 8676 - M8 x 1 x 50 - ISO.ipt,Part,189952,D:\INVENTOR_DATA\05_STANDARD_COMPONENTS\04_Valves_and_Actuators\Motorized_Butterfly_Valve_DN80_Flanged\ISO 8676 - M8 x 1 x 50 - ISO.ipt,D:\TAN -DU AN\TOSHIBA\120\3d\BON 1\FILTER\0-LOC TONG HOP\LOC TONG LAP RAP\Libraries\Content Center Files\en-US\ISO 8676(2)\ISO 8676 - M8 x 1 x 50 - ISO.ipt
04_Valves_and_Actuators,Motorized_Butterfly_Valve_DN80_Flanged,ISO 8676 - M8 x 1 x 55 - ISO.ipt,Part,189952,D:\INVENTOR_DATA\05_STANDARD_COMPONENTS\04_Valves_and_Actuators\Motorized_Butterfly_Valve_DN80_Flanged\ISO 8676 - M8 x 1 x 55 - ISO.ipt,D:\TAN -DU AN\TOSHIBA\120\3d\BON 1\FILTER\0-LOC TONG HOP\tan tan loc\Libraries\Content Center Files\en-US\ISO 8676(2)\ISO 8676 - M8 x 1 x 55 - ISO.ipt
04_Valves_and_Actuators,Motorized_Butterfly_Valve_DN80_Flanged,lap mat bich van 90.iam,Assembly,505344,D:\INVENTOR_DATA\05_STANDARD_COMPONENTS\04_Valves_and_Actuators\Motorized_Butterfly_Valve_DN80_Flanged\lap mat bich van 90.iam,D:\TAN -DU AN\TOSHIBA\120\3d\BON 1\FILTER\bon frp 4272\lap mat bich van 90.iam
04_Valves_and_Actuators,Motorized_Butterfly_Valve_DN80_Flanged,MAT BICH nhua 90.ipt,Part,410112,D:\INVENTOR_DATA\05_STANDARD_COMPONENTS\04_Valves_and_Actuators\Motorized_Butterfly_Valve_DN80_Flanged\MAT BICH nhua 90.ipt,D:\TAN -DU AN\TOSHIBA\120\3d\BON 1\phu kien nhua\MAT BICH nhua 90.ipt
04_Valves_and_Actuators,Motorized_Butterfly_Valve_DN80_Flanged,Motorized_Butterfly_Valve_DN80_Flanged.iam,Main Assembly,505344,D:\INVENTOR_DATA\05_STANDARD_COMPONENTS\04_Valves_and_Actuators\Motorized_Butterfly_Valve_DN80_Flanged\Motorized_Butterfly_Valve_DN80_Flanged.iam,Origin Created in Module
04_Valves_and_Actuators,Motorized_Butterfly_Valve_DN80_Flanged,van dien 90.ipt,Part,571904,D:\INVENTOR_DATA\05_STANDARD_COMPONENTS\04_Valves_and_Actuators\Motorized_Butterfly_Valve_DN80_Flanged\van dien 90.ipt,D:\TAN -DU AN\TOSHIBA\120\3d\BON 1\FILTER\VAN DIEN\VAN DIEN 90.ipt
04_Valves_and_Actuators,Motorized_PVC_Ball_Valve_DN20_Union,dau dien van bi sunyeh T-15.ipt,Part,159744,D:\INVENTOR_DATA\05_STANDARD_COMPONENTS\04_Valves_and_Actuators\Motorized_PVC_Ball_Valve_DN20_Union\dau dien van bi sunyeh T-15.ipt,D:\TAN -DU AN\TOSHIBA\120\3d\BON 1\FILTER\dau dien van bi sunyeh T-15.ipt
04_Valves_and_Actuators,Motorized_PVC_Ball_Valve_DN20_Union,Motorized_PVC_Ball_Valve_DN20_Union.iam,Main Assembly,271872,D:\INVENTOR_DATA\05_STANDARD_COMPONENTS\04_Valves_and_Actuators\Motorized_PVC_Ball_Valve_DN20_Union\Motorized_PVC_Ball_Valve_DN20_Union.iam,D:\TAN -DU AN\TOSHIBA\120\3d\BON 1\FILTER\van\van bi racco dien 27\Motorized_PVC_Ball_Valve_DN20_Union.iam
04_Valves_and_Actuators,Motorized_PVC_Ball_Valve_DN20_Union,than van racco 27.ipt,Part,195072,D:\INVENTOR_DATA\05_STANDARD_COMPONENTS\04_Valves_and_Actuators\Motorized_PVC_Ball_Valve_DN20_Union\than van racco 27.ipt,D:\TAN -DU AN\TOSHIBA\120\3d\BON 1\FILTER\van\van bi racco dien 27\than van racco 27.ipt
04_Valves_and_Actuators,Motorized_PVC_Ball_Valve_DN20_Union,van bi racco dien 27.iam,Assembly,271872,D:\INVENTOR_DATA\05_STANDARD_COMPONENTS\04_Valves_and_Actuators\Motorized_PVC_Ball_Valve_DN20_Union\van bi racco dien 27.iam,D:\TAN -DU AN\TOSHIBA\120\3d\BON 1\FILTER\van\van bi racco dien 27\van bi racco dien 27.iam
04_Valves_and_Actuators,Plastic_Solenoid_Valve_24V_DN15,dau van dien.ipt,Part,551936,D:\INVENTOR_DATA\05_STANDARD_COMPONENTS\04_Valves_and_Actuators\Plastic_Solenoid_Valve_24V_DN15\dau van dien.ipt,D:\TAN -DU AN\TOSHIBA\120\3d\BON 1\FILTER\RO\dau van dien.ipt
04_Valves_and_Actuators,Plastic_Solenoid_Valve_24V_DN15,lap van dien 24v 21.iam,Assembly,327168,D:\INVENTOR_DATA\05_STANDARD_COMPONENTS\04_Valves_and_Actuators\Plastic_Solenoid_Valve_24V_DN15\lap van dien 24v 21.iam,D:\TAN -DU AN\TOSHIBA\120\3d\BON 1\FILTER\RO\lap van dien 24v 21.iam
04_Valves_and_Actuators,Plastic_Solenoid_Valve_24V_DN15,Plastic_Solenoid_Valve_24V_DN15.iam,Main Assembly,327168,D:\INVENTOR_DATA\05_STANDARD_COMPONENTS\04_Valves_and_Actuators\Plastic_Solenoid_Valve_24V_DN15\Plastic_Solenoid_Valve_24V_DN15.iam,Origin Created in Module
04_Valves_and_Actuators,Plastic_Solenoid_Valve_24V_DN15,van dien 24v 21.ipt,Part,527872,D:\INVENTOR_DATA\05_STANDARD_COMPONENTS\04_Valves_and_Actuators\Plastic_Solenoid_Valve_24V_DN15\van dien 24v 21.ipt,D:\TAN -DU AN\TOSHIBA\120\3d\BON 1\FILTER\RO\van dien 24v 21.ipt
04_Valves_and_Actuators,Pneumatic_Ball_Valve_DN25_SUS304,Co RN13-ong6-UV.ipt,Part,202752,D:\INVENTOR_DATA\05_STANDARD_COMPONENTS\04_Valves_and_Actuators\Pneumatic_Ball_Valve_DN25_SUS304\Co RN13-ong6-UV.ipt,D:\TAN -DU AN\TOSHIBA\120\3d\BON 1\FILTER\2m3 xuong chao\Co RN13-ong6-UV.ipt
04_Valves_and_Actuators,Pneumatic_Ball_Valve_DN25_SUS304,lap LM.iam,Assembly,479232,D:\INVENTOR_DATA\05_STANDARD_COMPONENTS\04_Valves_and_Actuators\Pneumatic_Ball_Valve_DN25_SUS304\lap LM.iam,D:\TAN -DU AN\TOSHIBA\120\3d\BON 1\FILTER\VAN DIEN\van khi nen\lap LM.iam
04_Valves_and_Actuators,Pneumatic_Ball_Valve_DN25_SUS304,lap than van.iam,Assembly,335872,D:\INVENTOR_DATA\05_STANDARD_COMPONENTS\04_Valves_and_Actuators\Pneumatic_Ball_Valve_DN25_SUS304\lap than van.iam,D:\TAN -DU AN\TOSHIBA\120\3d\BON 1\FILTER\VAN DIEN\van khi nen\lap than van.iam
04_Valves_and_Actuators,Pneumatic_Ball_Valve_DN25_SUS304,lap van khi.iam,Assembly,306688,D:\INVENTOR_DATA\05_STANDARD_COMPONENTS\04_Valves_and_Actuators\Pneumatic_Ball_Valve_DN25_SUS304\lap van khi.iam,D:\TAN -DU AN\TOSHIBA\120\3d\BON 1\FILTER\VAN DIEN\van khi nen\lap van khi.iam
04_Valves_and_Actuators,Pneumatic_Ball_Valve_DN25_SUS304,limit switch.ipt,Part,958464,D:\INVENTOR_DATA\05_STANDARD_COMPONENTS\04_Valves_and_Actuators\Pneumatic_Ball_Valve_DN25_SUS304\limit switch.ipt,D:\TAN -DU AN\TOSHIBA\120\3d\BON 1\FILTER\VAN DIEN\van khi nen\limit switch.ipt
04_Valves_and_Actuators,Pneumatic_Ball_Valve_DN25_SUS304,pat.ipt,Part,199168,D:\INVENTOR_DATA\05_STANDARD_COMPONENTS\04_Valves_and_Actuators\Pneumatic_Ball_Valve_DN25_SUS304\pat.ipt,D:\TAN -DU AN\TOSHIBA\120\3d\BON 1\FILTER\VAN DIEN\van khi nen\pat.ipt
04_Valves_and_Actuators,Pneumatic_Ball_Valve_DN25_SUS304,pat_MIR3.ipt,Part,188416,D:\INVENTOR_DATA\05_STANDARD_COMPONENTS\04_Valves_and_Actuators\Pneumatic_Ball_Valve_DN25_SUS304\pat_MIR3.ipt,D:\TAN -DU AN\TOSHIBA\120\3d\BON 1\FILTER\VAN DIEN\van khi nen\pat_MIR3.ipt
04_Valves_and_Actuators,Pneumatic_Ball_Valve_DN25_SUS304,Pneumatic_Ball_Valve_DN25_SUS304.iam,Main Assembly,443904,D:\INVENTOR_DATA\05_STANDARD_COMPONENTS\04_Valves_and_Actuators\Pneumatic_Ball_Valve_DN25_SUS304\Pneumatic_Ball_Valve_DN25_SUS304.iam,Origin Created in Module
04_Valves_and_Actuators,Pneumatic_Ball_Valve_DN25_SUS304,solenoid khi nen.ipt,Part,480768,D:\INVENTOR_DATA\05_STANDARD_COMPONENTS\04_Valves_and_Actuators\Pneumatic_Ball_Valve_DN25_SUS304\solenoid khi nen.ipt,D:\TAN -DU AN\TOSHIBA\120\3d\BON 1\FILTER\VAN DIEN\van khi nen\solenoid khi nen.ipt
04_Valves_and_Actuators,Pneumatic_Ball_Valve_DN25_SUS304,than van inox.ipt,Part,653312,D:\INVENTOR_DATA\05_STANDARD_COMPONENTS\04_Valves_and_Actuators\Pneumatic_Ball_Valve_DN25_SUS304\than van inox.ipt,D:\TAN -DU AN\TOSHIBA\120\3d\BON 1\FILTER\VAN DIEN\van khi nen\than van inox.ipt
04_Valves_and_Actuators,Pneumatic_Ball_Valve_DN25_SUS304,van khi joeun.ipt,Part,560128,D:\INVENTOR_DATA\05_STANDARD_COMPONENTS\04_Valves_and_Actuators\Pneumatic_Ball_Valve_DN25_SUS304\van khi joeun.ipt,D:\TAN -DU AN\TOSHIBA\120\3d\BON 1\FILTER\VAN DIEN\van khi nen\van khi joeun.ipt
04_Valves_and_Actuators,Pneumatic_Ball_Valve_DN25_SUS304,van khi than van.iam,Assembly,359936,D:\INVENTOR_DATA\05_STANDARD_COMPONENTS\04_Valves_and_Actuators\Pneumatic_Ball_Valve_DN25_SUS304\van khi than van.iam,D:\TAN -DU AN\TOSHIBA\120\3d\BON 1\FILTER\VAN DIEN\van khi nen\van khi than van.iam
04_Valves_and_Actuators,Pneumatic_Ball_Valve_DN50_SUS304,Co RN13-ong6-UV.ipt,Part,202752,D:\INVENTOR_DATA\05_STANDARD_COMPONENTS\04_Valves_and_Actuators\Pneumatic_Ball_Valve_DN50_SUS304\Co RN13-ong6-UV.ipt,D:\TAN -DU AN\TOSHIBA\120\3d\BON 1\FILTER\2m3 xuong chao\Co RN13-ong6-UV.ipt
04_Valves_and_Actuators,Pneumatic_Ball_Valve_DN50_SUS304,lap LM.iam,Assembly,479232,D:\INVENTOR_DATA\05_STANDARD_COMPONENTS\04_Valves_and_Actuators\Pneumatic_Ball_Valve_DN50_SUS304\lap LM.iam,D:\TAN -DU AN\TOSHIBA\120\3d\BON 1\FILTER\VAN DIEN\van khi nen\lap LM.iam
04_Valves_and_Actuators,Pneumatic_Ball_Valve_DN50_SUS304,lap than van.iam,Assembly,335872,D:\INVENTOR_DATA\05_STANDARD_COMPONENTS\04_Valves_and_Actuators\Pneumatic_Ball_Valve_DN50_SUS304\lap than van.iam,D:\TAN -DU AN\TOSHIBA\120\3d\BON 1\FILTER\VAN DIEN\van khi nen\lap than van.iam
04_Valves_and_Actuators,Pneumatic_Ball_Valve_DN50_SUS304,lap van dien khi nen 60.iam,Assembly,675840,D:\INVENTOR_DATA\05_STANDARD_COMPONENTS\04_Valves_and_Actuators\Pneumatic_Ball_Valve_DN50_SUS304\lap van dien khi nen 60.iam,D:\TAN -DU AN\TOSHIBA\120\3d\BON 1\FILTER\VAN DIEN\van khi nen\lap van dien khi nen 60.iam
04_Valves_and_Actuators,Pneumatic_Ball_Valve_DN50_SUS304,lap van khi.iam,Assembly,306688,D:\INVENTOR_DATA\05_STANDARD_COMPONENTS\04_Valves_and_Actuators\Pneumatic_Ball_Valve_DN50_SUS304\lap van khi.iam,D:\TAN -DU AN\TOSHIBA\120\3d\BON 1\FILTER\VAN DIEN\van khi nen\lap van khi.iam
04_Valves_and_Actuators,Pneumatic_Ball_Valve_DN50_SUS304,limit switch.ipt,Part,958464,D:\INVENTOR_DATA\05_STANDARD_COMPONENTS\04_Valves_and_Actuators\Pneumatic_Ball_Valve_DN50_SUS304\limit switch.ipt,D:\TAN -DU AN\TOSHIBA\120\3d\BON 1\FILTER\VAN DIEN\van khi nen\limit switch.ipt
04_Valves_and_Actuators,Pneumatic_Ball_Valve_DN50_SUS304,pat.ipt,Part,199168,D:\INVENTOR_DATA\05_STANDARD_COMPONENTS\04_Valves_and_Actuators\Pneumatic_Ball_Valve_DN50_SUS304\pat.ipt,D:\TAN -DU AN\TOSHIBA\120\3d\BON 1\FILTER\VAN DIEN\van khi nen\pat.ipt
04_Valves_and_Actuators,Pneumatic_Ball_Valve_DN50_SUS304,pat_MIR3.ipt,Part,188416,D:\INVENTOR_DATA\05_STANDARD_COMPONENTS\04_Valves_and_Actuators\Pneumatic_Ball_Valve_DN50_SUS304\pat_MIR3.ipt,D:\TAN -DU AN\TOSHIBA\120\3d\BON 1\FILTER\VAN DIEN\van khi nen\pat_MIR3.ipt
04_Valves_and_Actuators,Pneumatic_Ball_Valve_DN50_SUS304,Pneumatic_Ball_Valve_DN50_SUS304.iam,Main Assembly,675840,D:\INVENTOR_DATA\05_STANDARD_COMPONENTS\04_Valves_and_Actuators\Pneumatic_Ball_Valve_DN50_SUS304\Pneumatic_Ball_Valve_DN50_SUS304.iam,Origin Created in Module
04_Valves_and_Actuators,Pneumatic_Ball_Valve_DN50_SUS304,solenoid khi nen.ipt,Part,480768,D:\INVENTOR_DATA\05_STANDARD_COMPONENTS\04_Valves_and_Actuators\Pneumatic_Ball_Valve_DN50_SUS304\solenoid khi nen.ipt,D:\TAN -DU AN\TOSHIBA\120\3d\BON 1\FILTER\VAN DIEN\van khi nen\solenoid khi nen.ipt
04_Valves_and_Actuators,Pneumatic_Ball_Valve_DN50_SUS304,than van 60.ipt,Part,458752,D:\INVENTOR_DATA\05_STANDARD_COMPONENTS\04_Valves_and_Actuators\Pneumatic_Ball_Valve_DN50_SUS304\than van 60.ipt,D:\TAN -DU AN\TOSHIBA\120\3d\BON 1\FILTER\VAN DIEN\van khi nen\than van 60.ipt
04_Valves_and_Actuators,Pneumatic_Ball_Valve_DN50_SUS304,than van inox.ipt,Part,653312,D:\INVENTOR_DATA\05_STANDARD_COMPONENTS\04_Valves_and_Actuators\Pneumatic_Ball_Valve_DN50_SUS304\than van inox.ipt,D:\TAN -DU AN\TOSHIBA\120\3d\BON 1\FILTER\VAN DIEN\van khi nen\than van inox.ipt
04_Valves_and_Actuators,Pneumatic_Ball_Valve_DN50_SUS304,van khi hoan chinh.iam,Assembly,579584,D:\INVENTOR_DATA\05_STANDARD_COMPONENTS\04_Valves_and_Actuators\Pneumatic_Ball_Valve_DN50_SUS304\van khi hoan chinh.iam,D:\TAN -DU AN\TOSHIBA\120\3d\BON 1\FILTER\VAN DIEN\van khi nen\van khi hoan chinh.iam
04_Valves_and_Actuators,Pneumatic_Ball_Valve_DN50_SUS304,van khi joeun.ipt,Part,560128,D:\INVENTOR_DATA\05_STANDARD_COMPONENTS\04_Valves_and_Actuators\Pneumatic_Ball_Valve_DN50_SUS304\van khi joeun.ipt,D:\TAN -DU AN\TOSHIBA\120\3d\BON 1\FILTER\VAN DIEN\van khi nen\van khi joeun.ipt
04_Valves_and_Actuators,Pneumatic_Ball_Valve_DN50_SUS304,van khi than van.iam,Assembly,359936,D:\INVENTOR_DATA\05_STANDARD_COMPONENTS\04_Valves_and_Actuators\Pneumatic_Ball_Valve_DN50_SUS304\van khi than van.iam,D:\TAN -DU AN\TOSHIBA\120\3d\BON 1\FILTER\VAN DIEN\van khi nen\van khi than van.iam
04_Valves_and_Actuators,Pneumatic_Gas_Solenoid_Valve_12mm,BO LOC KHI.ipt,Part,378368,D:\INVENTOR_DATA\05_STANDARD_COMPONENTS\04_Valves_and_Actuators\Pneumatic_Gas_Solenoid_Valve_12mm\BO LOC KHI.ipt,D:\TAN -DU AN\TOSHIBA\120\3d\BON 1\FILTER\SKID OZON\BO LOC KHI.ipt
04_Valves_and_Actuators,Pneumatic_Gas_Solenoid_Valve_12mm,Co RN16-12.ipt,Part,220672,D:\INVENTOR_DATA\05_STANDARD_COMPONENTS\04_Valves_and_Actuators\Pneumatic_Gas_Solenoid_Valve_12mm\Co RN16-12.ipt,D:\TAN -DU AN\TOSHIBA\120\3d\BON 1\FILTER\SKID OZON\Co RN16-12.ipt
04_Valves_and_Actuators,Pneumatic_Gas_Solenoid_Valve_12mm,Lap clamp 34.iam,Assembly,104448,D:\INVENTOR_DATA\05_STANDARD_COMPONENTS\04_Valves_and_Actuators\Pneumatic_Gas_Solenoid_Valve_12mm\Lap clamp 34.iam,D:\TAN -DU AN\TOSHIBA\120\3d\BON 1\FILTER\SKID OZON\Lap clamp 34.iam
04_Valves_and_Actuators,Pneumatic_Gas_Solenoid_Valve_12mm,Lap clamp bo loc khi.iam,Assembly,147968,D:\INVENTOR_DATA\05_STANDARD_COMPONENTS\04_Valves_and_Actuators\Pneumatic_Gas_Solenoid_Valve_12mm\Lap clamp bo loc khi.iam,D:\TAN -DU AN\TOSHIBA\120\3d\BON 1\FILTER\SKID OZON\Lap clamp bo loc khi.iam
04_Valves_and_Actuators,Pneumatic_Gas_Solenoid_Valve_12mm,Lap van dien tu.iam,Assembly,161792,D:\INVENTOR_DATA\05_STANDARD_COMPONENTS\04_Valves_and_Actuators\Pneumatic_Gas_Solenoid_Valve_12mm\Lap van dien tu.iam,D:\TAN -DU AN\TOSHIBA\120\3d\BON 1\FILTER\SKID OZON\Lap van dien tu.iam
04_Valves_and_Actuators,Pneumatic_Gas_Solenoid_Valve_12mm,Noi clamp 34 - Copy.ipt,Part,134144,D:\INVENTOR_DATA\05_STANDARD_COMPONENTS\04_Valves_and_Actuators\Pneumatic_Gas_Solenoid_Valve_12mm\Noi clamp 34 - Copy.ipt,D:\TAN -DU AN\TOSHIBA\120\3d\BON 1\FILTER\SKID OZON\Noi clamp 34 - Copy.ipt
04_Valves_and_Actuators,Pneumatic_Gas_Solenoid_Valve_12mm,Noi clamp 34.ipt,Part,136192,D:\INVENTOR_DATA\05_STANDARD_COMPONENTS\04_Valves_and_Actuators\Pneumatic_Gas_Solenoid_Valve_12mm\Noi clamp 34.ipt,D:\TAN -DU AN\TOSHIBA\120\3d\BON 1\FILTER\SKID OZON\Noi clamp 34.ipt
04_Valves_and_Actuators,Pneumatic_Gas_Solenoid_Valve_12mm,Pneumatic_Gas_Solenoid_Valve_12mm.iam,Main Assembly,161792,D:\INVENTOR_DATA\05_STANDARD_COMPONENTS\04_Valves_and_Actuators\Pneumatic_Gas_Solenoid_Valve_12mm\Pneumatic_Gas_Solenoid_Valve_12mm.iam,Origin Created in Module
04_Valves_and_Actuators,Pneumatic_Gas_Solenoid_Valve_12mm,Van dien tu.ipt,Part,433664,D:\INVENTOR_DATA\05_STANDARD_COMPONENTS\04_Valves_and_Actuators\Pneumatic_Gas_Solenoid_Valve_12mm\Van dien tu.ipt,D:\TAN -DU AN\TOSHIBA\120\3d\BON 1\FILTER\SKID OZON\Van dien tu.ipt
04_Valves_and_Actuators,Pneumatic_Valve_Limit_Switch_Box,lap LM.iam,Assembly,479232,D:\INVENTOR_DATA\05_STANDARD_COMPONENTS\04_Valves_and_Actuators\Pneumatic_Valve_Limit_Switch_Box\lap LM.iam,D:\TAN -DU AN\TOSHIBA\120\3d\BON 1\FILTER\VAN DIEN\van khi nen\lap LM.iam
04_Valves_and_Actuators,Pneumatic_Valve_Limit_Switch_Box,limit switch.ipt,Part,958464,D:\INVENTOR_DATA\05_STANDARD_COMPONENTS\04_Valves_and_Actuators\Pneumatic_Valve_Limit_Switch_Box\limit switch.ipt,D:\TAN -DU AN\TOSHIBA\120\3d\BON 1\FILTER\VAN DIEN\van khi nen\limit switch.ipt
04_Valves_and_Actuators,Pneumatic_Valve_Limit_Switch_Box,pat.ipt,Part,199168,D:\INVENTOR_DATA\05_STANDARD_COMPONENTS\04_Valves_and_Actuators\Pneumatic_Valve_Limit_Switch_Box\pat.ipt,D:\TAN -DU AN\TOSHIBA\120\3d\BON 1\FILTER\VAN DIEN\van khi nen\pat.ipt
04_Valves_and_Actuators,Pneumatic_Valve_Limit_Switch_Box,pat_MIR3.ipt,Part,188416,D:\INVENTOR_DATA\05_STANDARD_COMPONENTS\04_Valves_and_Actuators\Pneumatic_Valve_Limit_Switch_Box\pat_MIR3.ipt,D:\TAN -DU AN\TOSHIBA\120\3d\BON 1\FILTER\VAN DIEN\van khi nen\pat_MIR3.ipt
04_Valves_and_Actuators,Pneumatic_Valve_Limit_Switch_Box,Pneumatic_Valve_Limit_Switch_Box.iam,Main Assembly,479232,D:\INVENTOR_DATA\05_STANDARD_COMPONENTS\04_Valves_and_Actuators\Pneumatic_Valve_Limit_Switch_Box\Pneumatic_Valve_Limit_Switch_Box.iam,Origin Created in Module
04_Valves_and_Actuators,Runxin_N74A3_Metered_Softener_Valve,LAP AUTOVALVE N74A3.iam,Assembly,519680,D:\INVENTOR_DATA\05_STANDARD_COMPONENTS\04_Valves_and_Actuators\Runxin_N74A3_Metered_Softener_Valve\LAP AUTOVALVE N74A3.iam,D:\TAN -DU AN\TOSHIBA\120\3d\BON 1\FILTER\BINH LOC\LAP AUTOVALVE N74A3.iam
04_Valves_and_Actuators,Runxin_N74A3_Metered_Softener_Valve,LUU LUONG LOC.ipt,Part,624128,D:\INVENTOR_DATA\05_STANDARD_COMPONENTS\04_Valves_and_Actuators\Runxin_N74A3_Metered_Softener_Valve\LUU LUONG LOC.ipt,D:\TAN -DU AN\TOSHIBA\120\3d\BON 1\FILTER\2m3 xuong chao\LUU LUONG LOC.ipt
04_Valves_and_Actuators,Runxin_N74A3_Metered_Softener_Valve,Runxin_N74A3_Metered_Softener_Valve.iam,Main Assembly,519680,D:\INVENTOR_DATA\05_STANDARD_COMPONENTS\04_Valves_and_Actuators\Runxin_N74A3_Metered_Softener_Valve\Runxin_N74A3_Metered_Softener_Valve.iam,Origin Created in Module
04_Valves_and_Actuators,Runxin_N74A3_Metered_Softener_Valve,VAN TU DONG N74A3.ipt,Part,3760640,D:\INVENTOR_DATA\05_STANDARD_COMPONENTS\04_Valves_and_Actuators\Runxin_N74A3_Metered_Softener_Valve\VAN TU DONG N74A3.ipt,D:\TAN -DU AN\TOSHIBA\120\3d\BON 1\FILTER\BINH LOC\VAN TU DONG N74A3.ipt
04_Valves_and_Actuators,Sanitary_Clamp_Ball_Valve_DN50_SS,clamp 60 - 1 nua.ipt,Part,383488,D:\INVENTOR_DATA\05_STANDARD_COMPONENTS\04_Valves_and_Actuators\Sanitary_Clamp_Ball_Valve_DN50_SS\clamp 60 - 1 nua.ipt,D:\TAN -DU AN\TOSHIBA\120\3d\BON 1\FILTER\phu kien inox\clamp 60 - 1 nua.ipt
04_Valves_and_Actuators,Sanitary_Clamp_Ball_Valve_DN50_SS,lap clamp van vi sinh 60.iam,Assembly,226304,D:\INVENTOR_DATA\05_STANDARD_COMPONENTS\04_Valves_and_Actuators\Sanitary_Clamp_Ball_Valve_DN50_SS\lap clamp van vi sinh 60.iam,D:\TAN -DU AN\TOSHIBA\120\3d\BON 1\FILTER\phu kien inox\lap clamp van vi sinh 60.iam
04_Valves_and_Actuators,Sanitary_Clamp_Ball_Valve_DN50_SS,Sanitary_Clamp_Ball_Valve_DN50_SS.iam,Main Assembly,226304,D:\INVENTOR_DATA\05_STANDARD_COMPONENTS\04_Valves_and_Actuators\Sanitary_Clamp_Ball_Valve_DN50_SS\Sanitary_Clamp_Ball_Valve_DN50_SS.iam,Origin Created in Module
04_Valves_and_Actuators,Sanitary_Clamp_Ball_Valve_DN50_SS,Van bi vi sinh 60.ipt,Part,316416,D:\INVENTOR_DATA\05_STANDARD_COMPONENTS\04_Valves_and_Actuators\Sanitary_Clamp_Ball_Valve_DN50_SS\Van bi vi sinh 60.ipt,D:\TAN -DU AN\TOSHIBA\120\3d\BON 1\FILTER\phu kien inox\Van bi vi sinh 60.ipt
04_Valves_and_Actuators,Sanitary_Clamp_Butterfly_Valve_DN50_SS,clamp 60 - Copy.ipt,Part,406016,D:\INVENTOR_DATA\05_STANDARD_COMPONENTS\04_Valves_and_Actuators\Sanitary_Clamp_Butterfly_Valve_DN50_SS\clamp 60 - Copy.ipt,D:\TAN -DU AN\TOSHIBA\120\3d\BON 1\FILTER\phu kien inox\clamp 60 - Copy.ipt
04_Valves_and_Actuators,Sanitary_Clamp_Butterfly_Valve_DN50_SS,Lap clamp van buom vi sinh DN50.iam,Assembly,250880,D:\INVENTOR_DATA\05_STANDARD_COMPONENTS\04_Valves_and_Actuators\Sanitary_Clamp_Butterfly_Valve_DN50_SS\Lap clamp van buom vi sinh DN50.iam,D:\TAN -DU AN\TOSHIBA\120\3d\BON 1\FILTER\phu kien inox\Lap clamp van buom vi sinh DN50.iam
04_Valves_and_Actuators,Sanitary_Clamp_Butterfly_Valve_DN50_SS,Sanitary_Clamp_Butterfly_Valve_DN50_SS.iam,Main Assembly,250880,D:\INVENTOR_DATA\05_STANDARD_COMPONENTS\04_Valves_and_Actuators\Sanitary_Clamp_Butterfly_Valve_DN50_SS\Sanitary_Clamp_Butterfly_Valve_DN50_SS.iam,Origin Created in Module
04_Valves_and_Actuators,Sanitary_Clamp_Butterfly_Valve_DN50_SS,van buom vi sinh DN50.ipt,Part,456192,D:\INVENTOR_DATA\05_STANDARD_COMPONENTS\04_Valves_and_Actuators\Sanitary_Clamp_Butterfly_Valve_DN50_SS\van buom vi sinh DN50.ipt,D:\TAN -DU AN\TOSHIBA\120\3d\BON 1\FILTER\phu kien inox\van buom vi sinh DN50.ipt
04_Valves_and_Actuators,Sanitary_Clamp_Check_Valve_DN32_SS,clamp 42.ipt,Part,530432,D:\INVENTOR_DATA\05_STANDARD_COMPONENTS\04_Valves_and_Actuators\Sanitary_Clamp_Check_Valve_DN32_SS\clamp 42.ipt,D:\TAN -DU AN\TOSHIBA\120\3d\BON 1\FILTER\phu kien inox\clamp 42.ipt
04_Valves_and_Actuators,Sanitary_Clamp_Check_Valve_DN32_SS,Lap clamp van 1chieu DN32.iam,Assembly,232448,D:\INVENTOR_DATA\05_STANDARD_COMPONENTS\04_Valves_and_Actuators\Sanitary_Clamp_Check_Valve_DN32_SS\Lap clamp van 1chieu DN32.iam,D:\TAN -DU AN\TOSHIBA\120\3d\BON 1\FILTER\phu kien inox\Lap clamp van 1chieu DN32.iam
04_Valves_and_Actuators,Sanitary_Clamp_Check_Valve_DN32_SS,Sanitary_Clamp_Check_Valve_DN32_SS.iam,Main Assembly,232448,D:\INVENTOR_DATA\05_STANDARD_COMPONENTS\04_Valves_and_Actuators\Sanitary_Clamp_Check_Valve_DN32_SS\Sanitary_Clamp_Check_Valve_DN32_SS.iam,Origin Created in Module
04_Valves_and_Actuators,Sanitary_Clamp_Check_Valve_DN32_SS,V1C VI SINH HAN DN32.ipt,Part,403456,D:\INVENTOR_DATA\05_STANDARD_COMPONENTS\04_Valves_and_Actuators\Sanitary_Clamp_Check_Valve_DN32_SS\V1C VI SINH HAN DN32.ipt,D:\TAN -DU AN\TOSHIBA\120\3d\BON 1\FILTER\phu kien inox\V1C VI SINH HAN DN32.ipt
04_Valves_and_Actuators,Sanitary_Clamp_Check_Valve_DN40_SS,clamp 49.ipt,Part,541184,D:\INVENTOR_DATA\05_STANDARD_COMPONENTS\04_Valves_and_Actuators\Sanitary_Clamp_Check_Valve_DN40_SS\clamp 49.ipt,D:\TAN -DU AN\TOSHIBA\120\3d\BON 1\FILTER\phu kien inox\clamp 49.ipt
04_Valves_and_Actuators,Sanitary_Clamp_Check_Valve_DN40_SS,Lap van 1 chieu DN40.iam,Assembly,235008,D:\INVENTOR_DATA\05_STANDARD_COMPONENTS\04_Valves_and_Actuators\Sanitary_Clamp_Check_Valve_DN40_SS\Lap van 1 chieu DN40.iam,D:\TAN -DU AN\TOSHIBA\120\3d\BON 1\FILTER\phu kien inox\Lap van 1 chieu DN40.iam
04_Valves_and_Actuators,Sanitary_Clamp_Check_Valve_DN40_SS,Sanitary_Clamp_Check_Valve_DN40_SS.iam,Main Assembly,235008,D:\INVENTOR_DATA\05_STANDARD_COMPONENTS\04_Valves_and_Actuators\Sanitary_Clamp_Check_Valve_DN40_SS\Sanitary_Clamp_Check_Valve_DN40_SS.iam,Origin Created in Module
04_Valves_and_Actuators,Sanitary_Clamp_Check_Valve_DN40_SS,V1C VI SINH HAN DN40.ipt,Part,403968,D:\INVENTOR_DATA\05_STANDARD_COMPONENTS\04_Valves_and_Actuators\Sanitary_Clamp_Check_Valve_DN40_SS\V1C VI SINH HAN DN40.ipt,D:\TAN -DU AN\TOSHIBA\120\3d\BON 1\FILTER\phu kien inox\V1C VI SINH HAN DN40.ipt
04_Valves_and_Actuators,Sanitary_Clamp_Globe_Valve_DN50_SS,clamp 60 - Copy.ipt,Part,406016,D:\INVENTOR_DATA\05_STANDARD_COMPONENTS\04_Valves_and_Actuators\Sanitary_Clamp_Globe_Valve_DN50_SS\clamp 60 - Copy.ipt,D:\TAN -DU AN\TOSHIBA\120\3d\BON 1\FILTER\phu kien inox\clamp 60 - Copy.ipt
04_Valves_and_Actuators,Sanitary_Clamp_Globe_Valve_DN50_SS,LAP CLAMP VAN CAU 60.iam,Assembly,203776,D:\INVENTOR_DATA\05_STANDARD_COMPONENTS\04_Valves_and_Actuators\Sanitary_Clamp_Globe_Valve_DN50_SS\LAP CLAMP VAN CAU 60.iam,D:\TAN -DU AN\TOSHIBA\120\3d\BON 1\FILTER\phu kien inox\LAP CLAMP VAN CAU 60.iam
04_Valves_and_Actuators,Sanitary_Clamp_Globe_Valve_DN50_SS,Sanitary_Clamp_Globe_Valve_DN50_SS.iam,Main Assembly,203776,D:\INVENTOR_DATA\05_STANDARD_COMPONENTS\04_Valves_and_Actuators\Sanitary_Clamp_Globe_Valve_DN50_SS\Sanitary_Clamp_Globe_Valve_DN50_SS.iam,Origin Created in Module
04_Valves_and_Actuators,Sanitary_Clamp_Globe_Valve_DN50_SS,van cau 60.ipt,Part,420864,D:\INVENTOR_DATA\05_STANDARD_COMPONENTS\04_Valves_and_Actuators\Sanitary_Clamp_Globe_Valve_DN50_SS\van cau 60.ipt,D:\TAN -DU AN\TOSHIBA\120\3d\BON 1\FILTER\van\van cau 60.ipt
04_Valves_and_Actuators,UPVC_Spring_Check_Valve_SCH80_DN15,UPVC_Spring_Check_Valve_SCH80_DN15.ipt,Part,343552,D:\INVENTOR_DATA\05_STANDARD_COMPONENTS\04_Valves_and_Actuators\UPVC_Spring_Check_Valve_SCH80_DN15\UPVC_Spring_Check_Valve_SCH80_DN15.ipt,Origin Created in Module
04_Valves_and_Actuators,UPVC_Spring_Check_Valve_SCH80_DN20,UPVC_Spring_Check_Valve_SCH80_DN20.ipt,Part,345088,D:\INVENTOR_DATA\05_STANDARD_COMPONENTS\04_Valves_and_Actuators\UPVC_Spring_Check_Valve_SCH80_DN20\UPVC_Spring_Check_Valve_SCH80_DN20.ipt,Origin Created in Module
04_Valves_and_Actuators,UPVC_Spring_Check_Valve_SCH80_DN25,UPVC_Spring_Check_Valve_SCH80_DN25.ipt,Part,342016,D:\INVENTOR_DATA\05_STANDARD_COMPONENTS\04_Valves_and_Actuators\UPVC_Spring_Check_Valve_SCH80_DN25\UPVC_Spring_Check_Valve_SCH80_DN25.ipt,Origin Created in Module
04_Valves_and_Actuators,UPVC_Spring_Check_Valve_SCH80_DN32,UPVC_Spring_Check_Valve_SCH80_DN32.ipt,Part,343040,D:\INVENTOR_DATA\05_STANDARD_COMPONENTS\04_Valves_and_Actuators\UPVC_Spring_Check_Valve_SCH80_DN32\UPVC_Spring_Check_Valve_SCH80_DN32.ipt,Origin Created in Module
04_Valves_and_Actuators,UPVC_Spring_Check_Valve_SCH80_DN40,UPVC_Spring_Check_Valve_SCH80_DN40.ipt,Part,345600,D:\INVENTOR_DATA\05_STANDARD_COMPONENTS\04_Valves_and_Actuators\UPVC_Spring_Check_Valve_SCH80_DN40\UPVC_Spring_Check_Valve_SCH80_DN40.ipt,Origin Created in Module
04_Valves_and_Actuators,UPVC_Spring_Check_Valve_SCH80_DN50,UPVC_Spring_Check_Valve_SCH80_DN50.ipt,Part,345088,D:\INVENTOR_DATA\05_STANDARD_COMPONENTS\04_Valves_and_Actuators\UPVC_Spring_Check_Valve_SCH80_DN50\UPVC_Spring_Check_Valve_SCH80_DN50.ipt,Origin Created in Module
04_Valves_and_Actuators,UPVC_True_Union_Ball_Valve_SCH80_DN15,UPVC_True_Union_Ball_Valve_SCH80_DN15.ipt,Part,564224,D:\INVENTOR_DATA\05_STANDARD_COMPONENTS\04_Valves_and_Actuators\UPVC_True_Union_Ball_Valve_SCH80_DN15\UPVC_True_Union_Ball_Valve_SCH80_DN15.ipt,Origin Created in Module
04_Valves_and_Actuators,UPVC_True_Union_Ball_Valve_SCH80_DN20,UPVC_True_Union_Ball_Valve_SCH80_DN20.ipt,Part,575488,D:\INVENTOR_DATA\05_STANDARD_COMPONENTS\04_Valves_and_Actuators\UPVC_True_Union_Ball_Valve_SCH80_DN20\UPVC_True_Union_Ball_Valve_SCH80_DN20.ipt,Origin Created in Module
04_Valves_and_Actuators,UPVC_True_Union_Ball_Valve_SCH80_DN25,UPVC_True_Union_Ball_Valve_SCH80_DN25.ipt,Part,1030144,D:\INVENTOR_DATA\05_STANDARD_COMPONENTS\04_Valves_and_Actuators\UPVC_True_Union_Ball_Valve_SCH80_DN25\UPVC_True_Union_Ball_Valve_SCH80_DN25.ipt,Origin Created in Module
04_Valves_and_Actuators,UPVC_True_Union_Ball_Valve_SCH80_DN32,UPVC_True_Union_Ball_Valve_SCH80_DN32.ipt,Part,967680,D:\INVENTOR_DATA\05_STANDARD_COMPONENTS\04_Valves_and_Actuators\UPVC_True_Union_Ball_Valve_SCH80_DN32\UPVC_True_Union_Ball_Valve_SCH80_DN32.ipt,Origin Created in Module
04_Valves_and_Actuators,UPVC_True_Union_Ball_Valve_SCH80_DN40,UPVC_True_Union_Ball_Valve_SCH80_DN40.ipt,Part,1000960,D:\INVENTOR_DATA\05_STANDARD_COMPONENTS\04_Valves_and_Actuators\UPVC_True_Union_Ball_Valve_SCH80_DN40\UPVC_True_Union_Ball_Valve_SCH80_DN40.ipt,Origin Created in Module
04_Valves_and_Actuators,UPVC_True_Union_Ball_Valve_SCH80_DN50,UPVC_True_Union_Ball_Valve_SCH80_DN50.ipt,Part,821760,D:\INVENTOR_DATA\05_STANDARD_COMPONENTS\04_Valves_and_Actuators\UPVC_True_Union_Ball_Valve_SCH80_DN50\UPVC_True_Union_Ball_Valve_SCH80_DN50.ipt,Origin Created in Module
05_Filters_and_Clarifiers,Big_Blue_Filter_Housing_20Inch,Big_Blue_Filter_Housing_20Inch.iam,Main Assembly,343552,D:\INVENTOR_DATA\05_STANDARD_COMPONENTS\05_Filters_and_Clarifiers\Big_Blue_Filter_Housing_20Inch\Big_Blue_Filter_Housing_20Inch.iam,Origin Created in Module
05_Filters_and_Clarifiers,Big_Blue_Filter_Housing_20Inch,lap bb_Simplify_1.ipt,Part,691200,D:\INVENTOR_DATA\05_STANDARD_COMPONENTS\05_Filters_and_Clarifiers\Big_Blue_Filter_Housing_20Inch\lap bb_Simplify_1.ipt,D:\TAN -DU AN\TOSHIBA\120\3d\BON 1\FILTER\BINH LOC\bigblue\lap bb_Simplify_1.ipt
05_Filters_and_Clarifiers,Big_Blue_Filter_Housing_20Inch,nap bb - Copy.ipt,Part,559104,D:\INVENTOR_DATA\05_STANDARD_COMPONENTS\05_Filters_and_Clarifiers\Big_Blue_Filter_Housing_20Inch\nap bb - Copy.ipt,D:\TAN -DU AN\TOSHIBA\120\3d\BON 1\FILTER\BINH LOC\bigblue\nap bb - Copy.ipt
05_Filters_and_Clarifiers,Big_Blue_Filter_Housing_20Inch,than ly bb 20in - Copy.ipt,Part,485888,D:\INVENTOR_DATA\05_STANDARD_COMPONENTS\05_Filters_and_Clarifiers\Big_Blue_Filter_Housing_20Inch\than ly bb 20in - Copy.ipt,D:\TAN -DU AN\TOSHIBA\120\3d\BON 1\FILTER\BINH LOC\bigblue\than ly bb 20in - Copy.ipt
05_Filters_and_Clarifiers,Cartridge_Filter_Housing_20Inch_Blue,Cartridge_Filter_Housing_20Inch_Blue.iam,Main Assembly,333312,D:\INVENTOR_DATA\05_STANDARD_COMPONENTS\05_Filters_and_Clarifiers\Cartridge_Filter_Housing_20Inch_Blue\Cartridge_Filter_Housing_20Inch_Blue.iam,Origin Created in Module
05_Filters_and_Clarifiers,Cartridge_Filter_Housing_20Inch_Blue,loi loc 20in.ipt,Part,94208,D:\INVENTOR_DATA\05_STANDARD_COMPONENTS\05_Filters_and_Clarifiers\Cartridge_Filter_Housing_20Inch_Blue\loi loc 20in.ipt,D:\TAN -DU AN\TOSHIBA\120\3d\BON 1\FILTER\loi loc 20in.ipt
05_Filters_and_Clarifiers,Cartridge_Filter_Housing_20Inch_Blue,ly loc + nap ly.iam,Assembly,395776,D:\INVENTOR_DATA\05_STANDARD_COMPONENTS\05_Filters_and_Clarifiers\Cartridge_Filter_Housing_20Inch_Blue\ly loc + nap ly.iam,D:\TAN -DU AN\TOSHIBA\120\3d\BON 1\FILTER\ly loc + nap ly.iam
05_Filters_and_Clarifiers,Cartridge_Filter_Housing_20Inch_Blue,ly loc + nap ly_Simplify_1.ipt,Part,768512,D:\INVENTOR_DATA\05_STANDARD_COMPONENTS\05_Filters_and_Clarifiers\Cartridge_Filter_Housing_20Inch_Blue\ly loc + nap ly_Simplify_1.ipt,D:\TAN -DU AN\TOSHIBA\120\3d\BON 1\FILTER\ly loc + nap ly_Simplify_1.ipt
05_Filters_and_Clarifiers,Cartridge_Filter_Housing_20Inch_Blue,nap ly loc.ipt,Part,627712,D:\INVENTOR_DATA\05_STANDARD_COMPONENTS\05_Filters_and_Clarifiers\Cartridge_Filter_Housing_20Inch_Blue\nap ly loc.ipt,D:\TAN -DU AN\TOSHIBA\120\3d\BON 1\FILTER\nap ly loc.ipt
05_Filters_and_Clarifiers,Cartridge_Filter_Housing_20Inch_Blue,than ly loc 20in.ipt,Part,275456,D:\INVENTOR_DATA\05_STANDARD_COMPONENTS\05_Filters_and_Clarifiers\Cartridge_Filter_Housing_20Inch_Blue\than ly loc 20in.ipt,D:\TAN -DU AN\TOSHIBA\120\3d\BON 1\FILTER\than ly loc 20in.ipt
05_Filters_and_Clarifiers,Cartridge_Filter_Housing_5x20In_SS,Cartridge_Filter_Housing_5x20In_SS.iam,Main Assembly,549888,D:\INVENTOR_DATA\05_STANDARD_COMPONENTS\05_Filters_and_Clarifiers\Cartridge_Filter_Housing_5x20In_SS\Cartridge_Filter_Housing_5x20In_SS.iam,Origin Created in Module
05_Filters_and_Clarifiers,Cartridge_Filter_Housing_5x20In_SS,Cartridge_Filter_Housing_5x20In_SS1.ipt,Part,1545216,D:\INVENTOR_DATA\05_STANDARD_COMPONENTS\05_Filters_and_Clarifiers\Cartridge_Filter_Housing_5x20In_SS\Cartridge_Filter_Housing_5x20In_SS1.ipt,Origin Created in Module
05_Filters_and_Clarifiers,Cartridge_Filter_Housing_5x20In_SS,dong ho ap.ipt,Part,502272,D:\INVENTOR_DATA\05_STANDARD_COMPONENTS\05_Filters_and_Clarifiers\Cartridge_Filter_Housing_5x20In_SS\dong ho ap.ipt,D:\TAN -DU AN\TOSHIBA\120\3d\BON 1\FILTER\dong ho ap\dong ho ap.ipt
05_Filters_and_Clarifiers,Cartridge_Filter_Housing_7x20_SUS304,304_Stainless_Steel_7_Cartridge_Filter_Housing_20_Inch.iam,Assembly,764928,D:\INVENTOR_DATA\05_STANDARD_COMPONENTS\05_Filters_and_Clarifiers\Cartridge_Filter_Housing_7x20_SUS304\304_Stainless_Steel_7_Cartridge_Filter_Housing_20_Inch.iam,D:\TAN -DU AN\TOSHIBA\120\3d\BON 1\FILTER\304_Stainless_Steel_7_Cartridge_Filter_Housing_20_Inch.iam
05_Filters_and_Clarifiers,Cartridge_Filter_Housing_7x20_SUS304,bulong 2 tai.ipt,Part,153088,D:\INVENTOR_DATA\05_STANDARD_COMPONENTS\05_Filters_and_Clarifiers\Cartridge_Filter_Housing_7x20_SUS304\bulong 2 tai.ipt,D:\TAN -DU AN\TOSHIBA\120\3d\BON 1\FILTER\bulong 2 tai.ipt
05_Filters_and_Clarifiers,Cartridge_Filter_Housing_7x20_SUS304,chan dong vao.ipt,Part,117760,D:\INVENTOR_DATA\05_STANDARD_COMPONENTS\05_Filters_and_Clarifiers\Cartridge_Filter_Housing_7x20_SUS304\chan dong vao.ipt,D:\TAN -DU AN\TOSHIBA\120\3d\BON 1\FILTER\chan dong vao.ipt
05_Filters_and_Clarifiers,Cartridge_Filter_Housing_7x20_SUS304,CHAN PHIN.ipt,Part,155648,D:\INVENTOR_DATA\05_STANDARD_COMPONENTS\05_Filters_and_Clarifiers\Cartridge_Filter_Housing_7x20_SUS304\CHAN PHIN.ipt,D:\TAN -DU AN\TOSHIBA\120\3d\BON 1\FILTER\CHAN PHIN.ipt
05_Filters_and_Clarifiers,Cartridge_Filter_Housing_7x20_SUS304,dong ho ap.ipt,Part,387584,D:\INVENTOR_DATA\05_STANDARD_COMPONENTS\05_Filters_and_Clarifiers\Cartridge_Filter_Housing_7x20_SUS304\dong ho ap.ipt,D:\TAN -DU AN\TOSHIBA\120\3d\BON 1\FILTER\dong ho ap.ipt
05_Filters_and_Clarifiers,Cartridge_Filter_Housing_7x20_SUS304,FIN 7 LOI.ipt,Part,934400,D:\INVENTOR_DATA\05_STANDARD_COMPONENTS\05_Filters_and_Clarifiers\Cartridge_Filter_Housing_7x20_SUS304\FIN 7 LOI.ipt,D:\TAN -DU AN\TOSHIBA\120\3d\BON 1\FILTER\FIN 7 LOI.ipt
05_Filters_and_Clarifiers,Cartridge_Filter_Housing_7x20_SUS304,lap loi loc 20in.iam,Assembly,108032,D:\INVENTOR_DATA\05_STANDARD_COMPONENTS\05_Filters_and_Clarifiers\Cartridge_Filter_Housing_7x20_SUS304\lap loi loc 20in.iam,D:\TAN -DU AN\TOSHIBA\120\3d\BON 1\FILTER\lap loi loc 20in.iam
05_Filters_and_Clarifiers,Cartridge_Filter_Housing_7x20_SUS304,lap nap phin.iam,Assembly,249856,D:\INVENTOR_DATA\05_STANDARD_COMPONENTS\05_Filters_and_Clarifiers\Cartridge_Filter_Housing_7x20_SUS304\lap nap phin.iam,D:\TAN -DU AN\TOSHIBA\120\3d\BON 1\FILTER\lap nap phin.iam
05_Filters_and_Clarifiers,Cartridge_Filter_Housing_7x20_SUS304,PHIN 7 LOI.iam,Assembly,712704,D:\INVENTOR_DATA\05_STANDARD_COMPONENTS\05_Filters_and_Clarifiers\Cartridge_Filter_Housing_7x20_SUS304\PHIN 7 LOI.iam,D:\TAN -DU AN\TOSHIBA\120\3d\BON 1\FILTER\PHIN 7 LOI.iam
05_Filters_and_Clarifiers,Cartridge_Filter_Housing_7x20_SUS304,REN NGOAI 34.ipt,Part,208896,D:\INVENTOR_DATA\05_STANDARD_COMPONENTS\05_Filters_and_Clarifiers\Cartridge_Filter_Housing_7x20_SUS304\REN NGOAI 34.ipt,D:\TAN -DU AN\TOSHIBA\120\3d\BON 1\REN NGOAI 34.ipt
05_Filters_and_Clarifiers,Cartridge_Filter_Housing_7x20_SUS304,ren trong 10.ipt,Part,208384,D:\INVENTOR_DATA\05_STANDARD_COMPONENTS\05_Filters_and_Clarifiers\Cartridge_Filter_Housing_7x20_SUS304\ren trong 10.ipt,D:\TAN -DU AN\TOSHIBA\120\3d\BON 1\FILTER\ren trong 10.ipt
05_Filters_and_Clarifiers,Cartridge_Filter_Housing_7x20_SUS304,ren trong 13.ipt,Part,216576,D:\INVENTOR_DATA\05_STANDARD_COMPONENTS\05_Filters_and_Clarifiers\Cartridge_Filter_Housing_7x20_SUS304\ren trong 13.ipt,D:\TAN -DU AN\TOSHIBA\120\3d\BON 1\FILTER\ren trong 13.ipt
05_Filters_and_Clarifiers,Cartridge_Filter_Housing_7x20_SUS304,ren trong 48.ipt,Part,351232,D:\INVENTOR_DATA\05_STANDARD_COMPONENTS\05_Filters_and_Clarifiers\Cartridge_Filter_Housing_7x20_SUS304\ren trong 48.ipt,D:\TAN -DU AN\TOSHIBA\120\3d\BON 1\FILTER\ren trong 48.ipt
05_Filters_and_Clarifiers,Cartridge_Filter_Housing_7x20_SUS304,ron 6ly.ipt,Part,129536,D:\INVENTOR_DATA\05_STANDARD_COMPONENTS\05_Filters_and_Clarifiers\Cartridge_Filter_Housing_7x20_SUS304\ron 6ly.ipt,D:\TAN -DU AN\TOSHIBA\120\3d\BON 1\FILTER\ron 6ly.ipt
05_Filters_and_Clarifiers,Cartridge_Filter_Housing_7x20_SUS304,RT13 RN13.ipt,Part,301056,D:\INVENTOR_DATA\05_STANDARD_COMPONENTS\05_Filters_and_Clarifiers\Cartridge_Filter_Housing_7x20_SUS304\RT13 RN13.ipt,D:\TAN -DU AN\TOSHIBA\120\3d\BON 1\FILTER\RT13 RN13.ipt
05_Filters_and_Clarifiers,Cartridge_Filter_Housing_7x20_SUS304,San do.ipt,Part,143872,D:\INVENTOR_DATA\05_STANDARD_COMPONENTS\05_Filters_and_Clarifiers\Cartridge_Filter_Housing_7x20_SUS304\San do.ipt,D:\TAN -DU AN\TOSHIBA\120\3d\BON 1\FILTER\San do.ipt
05_Filters_and_Clarifiers,Cartridge_Filter_Housing_7x20_SUS304,than phin loc - Copy.ipt,Part,488448,D:\INVENTOR_DATA\05_STANDARD_COMPONENTS\05_Filters_and_Clarifiers\Cartridge_Filter_Housing_7x20_SUS304\than phin loc - Copy.ipt,D:\TAN -DU AN\TOSHIBA\120\3d\BON 1\FILTER\than phin loc - Copy.ipt
05_Filters_and_Clarifiers,Cartridge_Filter_Housing_7x20_SUS304,than phin loc.ipt,Part,604672,D:\INVENTOR_DATA\05_STANDARD_COMPONENTS\05_Filters_and_Clarifiers\Cartridge_Filter_Housing_7x20_SUS304\than phin loc.ipt,D:\TAN -DU AN\TOSHIBA\120\3d\BON 1\FILTER\than phin loc.ipt
05_Filters_and_Clarifiers,Cartridge_Filter_Housing_7x20_SUS304,ti ren 10.ipt,Part,87552,D:\INVENTOR_DATA\05_STANDARD_COMPONENTS\05_Filters_and_Clarifiers\Cartridge_Filter_Housing_7x20_SUS304\ti ren 10.ipt,D:\TAN -DU AN\TOSHIBA\120\3d\BON 1\FILTER\ti ren 10.ipt
05_Filters_and_Clarifiers,Cartridge_Filter_Housing_7x40In_SS,2 than phin loc.ipt,Part,401920,D:\INVENTOR_DATA\05_STANDARD_COMPONENTS\05_Filters_and_Clarifiers\Cartridge_Filter_Housing_7x40In_SS\2 than phin loc.ipt,D:\TAN -DU AN\TOSHIBA\120\3d\BON 1\FILTER\2m3 xuong chao\2 than phin loc.ipt
05_Filters_and_Clarifiers,Cartridge_Filter_Housing_7x40In_SS,ANSI B18.2.3.4M - M12 x 1.75x20.ipt,Part,232960,D:\INVENTOR_DATA\05_STANDARD_COMPONENTS\05_Filters_and_Clarifiers\Cartridge_Filter_Housing_7x40In_SS\ANSI B18.2.3.4M - M12 x 1.75x20.ipt,D:\TAN -DU AN\TOSHIBA\120\3d\BON 1\FILTER\2m3 xuong chao\ANSI B18.2.3.4M - M12 x 1.75x20.ipt
05_Filters_and_Clarifiers,Cartridge_Filter_Housing_7x40In_SS,Cartridge_Filter_Housing_7x40In_SS.iam,Main Assembly,656896,D:\INVENTOR_DATA\05_STANDARD_COMPONENTS\05_Filters_and_Clarifiers\Cartridge_Filter_Housing_7x40In_SS\Cartridge_Filter_Housing_7x40In_SS.iam,Origin Created in Module
05_Filters_and_Clarifiers,Cartridge_Filter_Housing_7x40In_SS,CHAN PHIN.ipt,Part,155648,D:\INVENTOR_DATA\05_STANDARD_COMPONENTS\05_Filters_and_Clarifiers\Cartridge_Filter_Housing_7x40In_SS\CHAN PHIN.ipt,D:\TAN -DU AN\TOSHIBA\120\3d\BON 1\FILTER\CHAN PHIN.ipt
05_Filters_and_Clarifiers,Cartridge_Filter_Housing_7x40In_SS,dong ho ap.ipt,Part,387584,D:\INVENTOR_DATA\05_STANDARD_COMPONENTS\05_Filters_and_Clarifiers\Cartridge_Filter_Housing_7x40In_SS\dong ho ap.ipt,D:\TAN -DU AN\TOSHIBA\120\3d\BON 1\FILTER\dong ho ap.ipt
05_Filters_and_Clarifiers,Cartridge_Filter_Housing_7x40In_SS,lap nap phin.iam,Assembly,249856,D:\INVENTOR_DATA\05_STANDARD_COMPONENTS\05_Filters_and_Clarifiers\Cartridge_Filter_Housing_7x40In_SS\lap nap phin.iam,D:\TAN -DU AN\TOSHIBA\120\3d\BON 1\FILTER\lap nap phin.iam
05_Filters_and_Clarifiers,Cartridge_Filter_Housing_7x40In_SS,lap phin loc.Route01.ipt,Part,102400,D:\INVENTOR_DATA\05_STANDARD_COMPONENTS\05_Filters_and_Clarifiers\Cartridge_Filter_Housing_7x40In_SS\lap phin loc.Route01.ipt,D:\TAN -DU AN\TOSHIBA\120\3d\BON 1\FILTER\0-LOC TONG HOP\1phin40\Workgroups\NotInProject\lap phin loc\AIP\Tube and Pipe\Run01\lap phin loc.Route01.ipt
05_Filters_and_Clarifiers,Cartridge_Filter_Housing_7x40In_SS,lap phin loc.Run01.iam,Assembly,131072,D:\INVENTOR_DATA\05_STANDARD_COMPONENTS\05_Filters_and_Clarifiers\Cartridge_Filter_Housing_7x40In_SS\lap phin loc.Run01.iam,D:\TAN -DU AN\TOSHIBA\120\3d\BON 1\FILTER\0-LOC TONG HOP\1phin40\Workgroups\NotInProject\lap phin loc\AIP\Tube and Pipe\Run01\lap phin loc.Run01.iam
05_Filters_and_Clarifiers,Cartridge_Filter_Housing_7x40In_SS,lap phin loc.Tube and Pipe Runs.iam,Assembly,329728,D:\INVENTOR_DATA\05_STANDARD_COMPONENTS\05_Filters_and_Clarifiers\Cartridge_Filter_Housing_7x40In_SS\lap phin loc.Tube and Pipe Runs.iam,D:\TAN -DU AN\TOSHIBA\120\3d\BON 1\FILTER\0-LOC TONG HOP\1phin40\Workgroups\NotInProject\lap phin loc\AIP\Tube and Pipe\lap phin loc.Tube and Pipe Runs.iam
05_Filters_and_Clarifiers,Cartridge_Filter_Housing_7x40In_SS,loi loc 40in.ipt,Part,89600,D:\INVENTOR_DATA\05_STANDARD_COMPONENTS\05_Filters_and_Clarifiers\Cartridge_Filter_Housing_7x40In_SS\loi loc 40in.ipt,D:\TAN -DU AN\TOSHIBA\120\3d\BON 1\FILTER\2m3 xuong chao\loi loc 40in.ipt
05_Filters_and_Clarifiers,Cartridge_Filter_Housing_7x40In_SS,nap phin.ipt,Part,348672,D:\INVENTOR_DATA\05_STANDARD_COMPONENTS\05_Filters_and_Clarifiers\Cartridge_Filter_Housing_7x40In_SS\nap phin.ipt,D:\TAN -DU AN\TOSHIBA\120\3d\BON 1\FILTER\nap phin.ipt
05_Filters_and_Clarifiers,Cartridge_Filter_Housing_7x40In_SS,nut nhua tren.ipt,Part,178176,D:\INVENTOR_DATA\05_STANDARD_COMPONENTS\05_Filters_and_Clarifiers\Cartridge_Filter_Housing_7x40In_SS\nut nhua tren.ipt,D:\TAN -DU AN\TOSHIBA\120\3d\BON 1\FILTER\nut nhua tren.ipt
05_Filters_and_Clarifiers,Cartridge_Filter_Housing_7x40In_SS,pipipe.1596865251509.ipt,Part,122880,D:\INVENTOR_DATA\05_STANDARD_COMPONENTS\05_Filters_and_Clarifiers\Cartridge_Filter_Housing_7x40In_SS\pipipe.1596865251509.ipt,D:\TAN -DU AN\TOSHIBA\120\3d\BON 1\FILTER\0-LOC TONG HOP\1phin40\Workgroups\NotInProject\lap phin loc\AIP\Tube and Pipe\Run01\pipipe.1596865251509.ipt
05_Filters_and_Clarifiers,Cartridge_Filter_Housing_7x40In_SS,ren trong 13.ipt,Part,216576,D:\INVENTOR_DATA\05_STANDARD_COMPONENTS\05_Filters_and_Clarifiers\Cartridge_Filter_Housing_7x40In_SS\ren trong 13.ipt,D:\TAN -DU AN\TOSHIBA\120\3d\BON 1\FILTER\ren trong 13.ipt
05_Filters_and_Clarifiers,Cartridge_Filter_Housing_7x40In_SS,ren trong 48.ipt,Part,351232,D:\INVENTOR_DATA\05_STANDARD_COMPONENTS\05_Filters_and_Clarifiers\Cartridge_Filter_Housing_7x40In_SS\ren trong 48.ipt,D:\TAN -DU AN\TOSHIBA\120\3d\BON 1\FILTER\ren trong 48.ipt
05_Filters_and_Clarifiers,Cartridge_Filter_Housing_7x40In_SS,ren trong 60.ipt,Part,305664,D:\INVENTOR_DATA\05_STANDARD_COMPONENTS\05_Filters_and_Clarifiers\Cartridge_Filter_Housing_7x40In_SS\ren trong 60.ipt,D:\TAN -DU AN\TOSHIBA\120\3d\BON 1\FILTER\ren trong 60.ipt
05_Filters_and_Clarifiers,Cartridge_Filter_Housing_7x40In_SS,ron 6ly.ipt,Part,129536,D:\INVENTOR_DATA\05_STANDARD_COMPONENTS\05_Filters_and_Clarifiers\Cartridge_Filter_Housing_7x40In_SS\ron 6ly.ipt,D:\TAN -DU AN\TOSHIBA\120\3d\BON 1\FILTER\ron 6ly.ipt
05_Filters_and_Clarifiers,Cartridge_Filter_Housing_7x40In_SS,RT13 RN13.ipt,Part,301056,D:\INVENTOR_DATA\05_STANDARD_COMPONENTS\05_Filters_and_Clarifiers\Cartridge_Filter_Housing_7x40In_SS\RT13 RN13.ipt,D:\TAN -DU AN\TOSHIBA\120\3d\BON 1\FILTER\RT13 RN13.ipt
05_Filters_and_Clarifiers,Cartridge_Filter_Housing_7x40In_SS,San do.ipt,Part,143872,D:\INVENTOR_DATA\05_STANDARD_COMPONENTS\05_Filters_and_Clarifiers\Cartridge_Filter_Housing_7x40In_SS\San do.ipt,D:\TAN -DU AN\TOSHIBA\120\3d\BON 1\FILTER\San do.ipt
05_Filters_and_Clarifiers,Cartridge_Filter_Housing_7x40In_SS,San do_MIR1.ipt,Part,130560,D:\INVENTOR_DATA\05_STANDARD_COMPONENTS\05_Filters_and_Clarifiers\Cartridge_Filter_Housing_7x40In_SS\San do_MIR1.ipt,D:\TAN -DU AN\TOSHIBA\120\3d\BON 1\FILTER\San do_MIR1.ipt
05_Filters_and_Clarifiers,Dual_20In_Filter_Housing_Bracket,Dual_20In_Filter_Housing_Bracket.iam,Main Assembly,525824,D:\INVENTOR_DATA\05_STANDARD_COMPONENTS\05_Filters_and_Clarifiers\Dual_20In_Filter_Housing_Bracket\Dual_20In_Filter_Housing_Bracket.iam,Origin Created in Module
05_Filters_and_Clarifiers,Dual_20In_Filter_Housing_Bracket,KEP RN27.ipt,Part,144384,D:\INVENTOR_DATA\05_STANDARD_COMPONENTS\05_Filters_and_Clarifiers\Dual_20In_Filter_Housing_Bracket\KEP RN27.ipt,D:\TAN -DU AN\TOSHIBA\120\3d\BON 1\phu kien nhua\KEP RN27.ipt
05_Filters_and_Clarifiers,Dual_20In_Filter_Housing_Bracket,lap 2 ly xanh_Simplify_1.ipt,Part,1227776,D:\INVENTOR_DATA\05_STANDARD_COMPONENTS\05_Filters_and_Clarifiers\Dual_20In_Filter_Housing_Bracket\lap 2 ly xanh_Simplify_1.ipt,D:\TAN -DU AN\TOSHIBA\120\3d\BON 1\FILTER\BINH LOC\lap 2 ly xanh_Simplify_1.ipt
05_Filters_and_Clarifiers,Dual_20In_Filter_Housing_Bracket,loi loc 20in.ipt,Part,94208,D:\INVENTOR_DATA\05_STANDARD_COMPONENTS\05_Filters_and_Clarifiers\Dual_20In_Filter_Housing_Bracket\loi loc 20in.ipt,D:\TAN -DU AN\TOSHIBA\120\3d\BON 1\FILTER\loi loc 20in.ipt
05_Filters_and_Clarifiers,Dual_20In_Filter_Housing_Bracket,ly loc + nap ly.iam,Assembly,395776,D:\INVENTOR_DATA\05_STANDARD_COMPONENTS\05_Filters_and_Clarifiers\Dual_20In_Filter_Housing_Bracket\ly loc + nap ly.iam,D:\TAN -DU AN\TOSHIBA\120\3d\BON 1\FILTER\ly loc + nap ly.iam
05_Filters_and_Clarifiers,Dual_20In_Filter_Housing_Bracket,ly loc + nap ly_Simplify_1.ipt,Part,768512,D:\INVENTOR_DATA\05_STANDARD_COMPONENTS\05_Filters_and_Clarifiers\Dual_20In_Filter_Housing_Bracket\ly loc + nap ly_Simplify_1.ipt,D:\TAN -DU AN\TOSHIBA\120\3d\BON 1\FILTER\ly loc + nap ly_Simplify_1.ipt
05_Filters_and_Clarifiers,Dual_20In_Filter_Housing_Bracket,nap ly loc.ipt,Part,627712,D:\INVENTOR_DATA\05_STANDARD_COMPONENTS\05_Filters_and_Clarifiers\Dual_20In_Filter_Housing_Bracket\nap ly loc.ipt,D:\TAN -DU AN\TOSHIBA\120\3d\BON 1\FILTER\nap ly loc.ipt
05_Filters_and_Clarifiers,Dual_20In_Filter_Housing_Bracket,pat doi.ipt,Part,301056,D:\INVENTOR_DATA\05_STANDARD_COMPONENTS\05_Filters_and_Clarifiers\Dual_20In_Filter_Housing_Bracket\pat doi.ipt,D:\TAN -DU AN\TOSHIBA\120\3d\BON 1\FILTER\pat doi.ipt
05_Filters_and_Clarifiers,Dual_20In_Filter_Housing_Bracket,REN NGOAI 27.ipt,Part,192512,D:\INVENTOR_DATA\05_STANDARD_COMPONENTS\05_Filters_and_Clarifiers\Dual_20In_Filter_Housing_Bracket\REN NGOAI 27.ipt,D:\TAN -DU AN\TOSHIBA\120\3d\BON 1\FILTER\0-LOC TONG HOP\HE SIEU LOC\Workgroups\NotInProject\REN NGOAI 27.ipt
05_Filters_and_Clarifiers,Dual_20In_Filter_Housing_Bracket,than ly loc 20in.ipt,Part,275456,D:\INVENTOR_DATA\05_STANDARD_COMPONENTS\05_Filters_and_Clarifiers\Dual_20In_Filter_Housing_Bracket\than ly loc 20in.ipt,D:\TAN -DU AN\TOSHIBA\120\3d\BON 1\FILTER\than ly loc 20in.ipt
05_Filters_and_Clarifiers,Plastic_Bag_Filter_Housing_DN50,Plastic_Bag_Filter_Housing_DN50.ipt,Part,296448,D:\INVENTOR_DATA\05_STANDARD_COMPONENTS\05_Filters_and_Clarifiers\Plastic_Bag_Filter_Housing_DN50\Plastic_Bag_Filter_Housing_DN50.ipt,Origin Created in Module
05_Filters_and_Clarifiers,Pool_Pleated_Cartridge_Filter_DN50,Pool_Pleated_Cartridge_Filter_DN50.ipt,Part,528384,D:\INVENTOR_DATA\05_STANDARD_COMPONENTS\05_Filters_and_Clarifiers\Pool_Pleated_Cartridge_Filter_DN50\Pool_Pleated_Cartridge_Filter_DN50.ipt,Origin Created in Module
05_Filters_and_Clarifiers,SS304_Mesh_Water_PreFilter_DN25,SS304_Mesh_Water_PreFilter_DN25.ipt,Part,1419264,D:\INVENTOR_DATA\05_STANDARD_COMPONENTS\05_Filters_and_Clarifiers\SS304_Mesh_Water_PreFilter_DN25\SS304_Mesh_Water_PreFilter_DN25.ipt,Origin Created in Module
05_Filters_and_Clarifiers,Stainless_Bag_Filter_Housing_SS304,BAN MA.ipt,Part,248320,D:\INVENTOR_DATA\05_STANDARD_COMPONENTS\05_Filters_and_Clarifiers\Stainless_Bag_Filter_Housing_SS304\BAN MA.ipt,D:\TAN -DU AN\TOSHIBA\120\3d\BON 1\FILTER\PHIN LOC TUI\BAN MA.ipt
05_Filters_and_Clarifiers,Stainless_Bag_Filter_Housing_SS304,BULONG CUM.ipt,Part,362496,D:\INVENTOR_DATA\05_STANDARD_COMPONENTS\05_Filters_and_Clarifiers\Stainless_Bag_Filter_Housing_SS304\BULONG CUM.ipt,D:\TAN -DU AN\TOSHIBA\120\3d\BON 1\FILTER\PHIN LOC TUI\BULONG CUM.ipt
05_Filters_and_Clarifiers,Stainless_Bag_Filter_Housing_SS304,dong ho ap.ipt,Part,502272,D:\INVENTOR_DATA\05_STANDARD_COMPONENTS\05_Filters_and_Clarifiers\Stainless_Bag_Filter_Housing_SS304\dong ho ap.ipt,D:\TAN -DU AN\TOSHIBA\120\3d\BON 1\FILTER\dong ho ap\dong ho ap.ipt
05_Filters_and_Clarifiers,Stainless_Bag_Filter_Housing_SS304,EP TUI TREN.ipt,Part,453120,D:\INVENTOR_DATA\05_STANDARD_COMPONENTS\05_Filters_and_Clarifiers\Stainless_Bag_Filter_Housing_SS304\EP TUI TREN.ipt,D:\TAN -DU AN\TOSHIBA\120\3d\BON 1\FILTER\PHIN LOC TUI\EP TUI TREN.ipt
05_Filters_and_Clarifiers,Stainless_Bag_Filter_Housing_SS304,ISO 4161 - M10(1).ipt,Part,201216,D:\INVENTOR_DATA\05_STANDARD_COMPONENTS\05_Filters_and_Clarifiers\Stainless_Bag_Filter_Housing_SS304\ISO 4161 - M10(1).ipt,D:\TAN -DU AN\TOSHIBA\120\3d\BON 1\FILTER\0-LOC TONG HOP\XLNT toshiba\Libraries\Content Center Files\en-US\ISO 4161\ISO 4161 - M10(1).ipt
05_Filters_and_Clarifiers,Stainless_Bag_Filter_Housing_SS304,ISO 4762 - M10 x 40ISO.ipt,Part,194048,D:\INVENTOR_DATA\05_STANDARD_COMPONENTS\05_Filters_and_Clarifiers\Stainless_Bag_Filter_Housing_SS304\ISO 4762 - M10 x 40ISO.ipt,D:\Autodesk\Inventor 2025\Content Center Files\en-US\ISO 4762(2)\ISO 4762 - M10 x 40ISO.ipt
05_Filters_and_Clarifiers,Stainless_Bag_Filter_Housing_SS304,"ISO 8673 - M12 x 1,25ISO.ipt",Part,167424,"D:\INVENTOR_DATA\05_STANDARD_COMPONENTS\05_Filters_and_Clarifiers\Stainless_Bag_Filter_Housing_SS304\ISO 8673 - M12 x 1,25ISO.ipt","D:\Autodesk\Inventor 2025\Content Center Files\en-US\ISO 8673(2)\ISO 8673 - M12 x 1,25ISO.ipt"
05_Filters_and_Clarifiers,Stainless_Bag_Filter_Housing_SS304,"ISO 8676 - M12 x 1,25 x 40 - ISO.ipt",Part,196608,"D:\INVENTOR_DATA\05_STANDARD_COMPONENTS\05_Filters_and_Clarifiers\Stainless_Bag_Filter_Housing_SS304\ISO 8676 - M12 x 1,25 x 40 - ISO.ipt","D:\Autodesk\Inventor 2025\Content Center Files\en-US\ISO 8676(2)\ISO 8676 - M12 x 1,25 x 40 - ISO.ipt"
05_Filters_and_Clarifiers,Stainless_Bag_Filter_Housing_SS304,LAP NAP THAN PHIN TUI.iam,Assembly,831488,D:\INVENTOR_DATA\05_STANDARD_COMPONENTS\05_Filters_and_Clarifiers\Stainless_Bag_Filter_Housing_SS304\LAP NAP THAN PHIN TUI.iam,D:\TAN -DU AN\TOSHIBA\120\3d\BON 1\FILTER\PHIN LOC TUI\LAP NAP THAN PHIN TUI.iam
05_Filters_and_Clarifiers,Stainless_Bag_Filter_Housing_SS304,LAP PHIN LOC TUI.iam,Assembly,401920,D:\INVENTOR_DATA\05_STANDARD_COMPONENTS\05_Filters_and_Clarifiers\Stainless_Bag_Filter_Housing_SS304\LAP PHIN LOC TUI.iam,D:\TAN -DU AN\TOSHIBA\120\3d\BON 1\FILTER\PHIN LOC TUI\LAP PHIN LOC TUI.iam
05_Filters_and_Clarifiers,Stainless_Bag_Filter_Housing_SS304,NAP PHIN.ipt,Part,413696,D:\INVENTOR_DATA\05_STANDARD_COMPONENTS\05_Filters_and_Clarifiers\Stainless_Bag_Filter_Housing_SS304\NAP PHIN.ipt,D:\TAN -DU AN\TOSHIBA\120\3d\BON 1\FILTER\PHIN LOC TUI\NAP PHIN.ipt
05_Filters_and_Clarifiers,Stainless_Bag_Filter_Housing_SS304,OC CHUON.ipt,Part,381440,D:\INVENTOR_DATA\05_STANDARD_COMPONENTS\05_Filters_and_Clarifiers\Stainless_Bag_Filter_Housing_SS304\OC CHUON.ipt,D:\TAN -DU AN\TOSHIBA\120\3d\BON 1\FILTER\PHIN LOC TUI\OC CHUON.ipt
05_Filters_and_Clarifiers,Stainless_Bag_Filter_Housing_SS304,ong luoi.ipt,Part,369664,D:\INVENTOR_DATA\05_STANDARD_COMPONENTS\05_Filters_and_Clarifiers\Stainless_Bag_Filter_Housing_SS304\ong luoi.ipt,D:\TAN -DU AN\TOSHIBA\120\3d\BON 1\FILTER\PHIN LOC TUI\ong luoi.ipt
05_Filters_and_Clarifiers,Stainless_Bag_Filter_Housing_SS304,Stainless_Bag_Filter_Housing_SS304.iam,Main Assembly,698880,D:\INVENTOR_DATA\05_STANDARD_COMPONENTS\05_Filters_and_Clarifiers\Stainless_Bag_Filter_Housing_SS304\Stainless_Bag_Filter_Housing_SS304.iam,Origin Created in Module
05_Filters_and_Clarifiers,Stainless_Bag_Filter_Housing_SS304,THAN PHIN.ipt,Part,775680,D:\INVENTOR_DATA\05_STANDARD_COMPONENTS\05_Filters_and_Clarifiers\Stainless_Bag_Filter_Housing_SS304\THAN PHIN.ipt,D:\TAN -DU AN\TOSHIBA\120\3d\BON 1\FILTER\PHIN LOC TUI\THAN PHIN.ipt
05_Filters_and_Clarifiers,Stainless_Bag_Filter_Housing_SS304,TUI VAI.ipt,Part,416768,D:\INVENTOR_DATA\05_STANDARD_COMPONENTS\05_Filters_and_Clarifiers\Stainless_Bag_Filter_Housing_SS304\TUI VAI.ipt,D:\TAN -DU AN\TOSHIBA\120\3d\BON 1\FILTER\PHIN LOC TUI\TUI VAI.ipt
05_Filters_and_Clarifiers,Stainless_Screen_Filter_DN40_Bracket,LAP PAT LY INOX_Simplify_1.ipt,Part,638464,D:\INVENTOR_DATA\05_STANDARD_COMPONENTS\05_Filters_and_Clarifiers\Stainless_Screen_Filter_DN40_Bracket\LAP PAT LY INOX_Simplify_1.ipt,D:\TAN -DU AN\TOSHIBA\120\3d\BON 1\FILTER\LOC INOX\LAP PAT LY INOX_Simplify_1.ipt
05_Filters_and_Clarifiers,Stainless_Screen_Filter_DN40_Bracket,LOC INOX 49.ipt,Part,939520,D:\INVENTOR_DATA\05_STANDARD_COMPONENTS\05_Filters_and_Clarifiers\Stainless_Screen_Filter_DN40_Bracket\LOC INOX 49.ipt,D:\TAN -DU AN\TOSHIBA\120\3d\BON 1\FILTER\LOC INOX\LOC INOX 49.ipt
05_Filters_and_Clarifiers,Stainless_Screen_Filter_DN40_Bracket,PAT LOC INOX.ipt,Part,207360,D:\INVENTOR_DATA\05_STANDARD_COMPONENTS\05_Filters_and_Clarifiers\Stainless_Screen_Filter_DN40_Bracket\PAT LOC INOX.ipt,D:\TAN -DU AN\TOSHIBA\120\3d\BON 1\FILTER\LOC INOX\PAT LOC INOX.ipt
05_Filters_and_Clarifiers,Stainless_Screen_Filter_DN40_Bracket,Stainless_Screen_Filter_DN40_Bracket.iam,Main Assembly,580096,D:\INVENTOR_DATA\05_STANDARD_COMPONENTS\05_Filters_and_Clarifiers\Stainless_Screen_Filter_DN40_Bracket\Stainless_Screen_Filter_DN40_Bracket.iam,Origin Created in Module
05_Filters_and_Clarifiers,Stainless_Screen_Filter_DN40_Bracket,VAN KHI.ipt,Part,252928,D:\INVENTOR_DATA\05_STANDARD_COMPONENTS\05_Filters_and_Clarifiers\Stainless_Screen_Filter_DN40_Bracket\VAN KHI.ipt,D:\TAN -DU AN\TOSHIBA\120\3d\BON 1\FILTER\LOC INOX\VAN KHI.ipt
05_Filters_and_Clarifiers,Triple_20In_Filter_Housing_Bracket,loi loc 20in.ipt,Part,94208,D:\INVENTOR_DATA\05_STANDARD_COMPONENTS\05_Filters_and_Clarifiers\Triple_20In_Filter_Housing_Bracket\loi loc 20in.ipt,D:\TAN -DU AN\TOSHIBA\120\3d\BON 1\FILTER\loi loc 20in.ipt
05_Filters_and_Clarifiers,Triple_20In_Filter_Housing_Bracket,ly loc + nap ly.iam,Assembly,395776,D:\INVENTOR_DATA\05_STANDARD_COMPONENTS\05_Filters_and_Clarifiers\Triple_20In_Filter_Housing_Bracket\ly loc + nap ly.iam,D:\TAN -DU AN\TOSHIBA\120\3d\BON 1\FILTER\ly loc + nap ly.iam
05_Filters_and_Clarifiers,Triple_20In_Filter_Housing_Bracket,ly loc + nap ly_Simplify_1.ipt,Part,768512,D:\INVENTOR_DATA\05_STANDARD_COMPONENTS\05_Filters_and_Clarifiers\Triple_20In_Filter_Housing_Bracket\ly loc + nap ly_Simplify_1.ipt,D:\TAN -DU AN\TOSHIBA\120\3d\BON 1\FILTER\ly loc + nap ly_Simplify_1.ipt
05_Filters_and_Clarifiers,Triple_20In_Filter_Housing_Bracket,nap ly loc.ipt,Part,627712,D:\INVENTOR_DATA\05_STANDARD_COMPONENTS\05_Filters_and_Clarifiers\Triple_20In_Filter_Housing_Bracket\nap ly loc.ipt,D:\TAN -DU AN\TOSHIBA\120\3d\BON 1\FILTER\nap ly loc.ipt
05_Filters_and_Clarifiers,Triple_20In_Filter_Housing_Bracket,pat doi.ipt,Part,249344,D:\INVENTOR_DATA\05_STANDARD_COMPONENTS\05_Filters_and_Clarifiers\Triple_20In_Filter_Housing_Bracket\pat doi.ipt,D:\TAN -DU AN\TOSHIBA\120\3d\BON 1\FILTER\pat doi.ipt
05_Filters_and_Clarifiers,Triple_20In_Filter_Housing_Bracket,pat doi_MIR.ipt,Part,278528,D:\INVENTOR_DATA\05_STANDARD_COMPONENTS\05_Filters_and_Clarifiers\Triple_20In_Filter_Housing_Bracket\pat doi_MIR.ipt,D:\TAN -DU AN\TOSHIBA\120\3d\BON 1\FILTER\BINH LOC\pat doi_MIR.ipt
05_Filters_and_Clarifiers,Triple_20In_Filter_Housing_Bracket,REN NGOAI 27.ipt,Part,192512,D:\INVENTOR_DATA\05_STANDARD_COMPONENTS\05_Filters_and_Clarifiers\Triple_20In_Filter_Housing_Bracket\REN NGOAI 27.ipt,D:\TAN -DU AN\TOSHIBA\120\3d\BON 1\FILTER\0-LOC TONG HOP\HE SIEU LOC\Workgroups\NotInProject\REN NGOAI 27.ipt
05_Filters_and_Clarifiers,Triple_20In_Filter_Housing_Bracket,than ly loc 20in.ipt,Part,275456,D:\INVENTOR_DATA\05_STANDARD_COMPONENTS\05_Filters_and_Clarifiers\Triple_20In_Filter_Housing_Bracket\than ly loc 20in.ipt,D:\TAN -DU AN\TOSHIBA\120\3d\BON 1\FILTER\than ly loc 20in.ipt
05_Filters_and_Clarifiers,Triple_20In_Filter_Housing_Bracket,Triple_20In_Filter_Housing_Bracket1.iam,Assembly,437760,D:\INVENTOR_DATA\05_STANDARD_COMPONENTS\05_Filters_and_Clarifiers\Triple_20In_Filter_Housing_Bracket\Triple_20In_Filter_Housing_Bracket1.iam,Origin Created in Module
05_Filters_and_Clarifiers,Victaulic_T_Disc_Filter_DN50_D60,Victaulic_T_Disc_Filter_DN50_D60.ipt,Part,2650112,D:\INVENTOR_DATA\05_STANDARD_COMPONENTS\05_Filters_and_Clarifiers\Victaulic_T_Disc_Filter_DN50_D60\Victaulic_T_Disc_Filter_DN50_D60.ipt,Origin Created in Module
05_Filters_and_Clarifiers,Y_Strainer_Filter_uPVC_DN40_D49,REN NGOAI 49.ipt,Part,225792,D:\INVENTOR_DATA\05_STANDARD_COMPONENTS\05_Filters_and_Clarifiers\Y_Strainer_Filter_uPVC_DN40_D49\REN NGOAI 49.ipt,D:\TAN -DU AN\TOSHIBA\120\3d\BON 1\FILTER\2m3 xuong chao\REN NGOAI 49.ipt
05_Filters_and_Clarifiers,Y_Strainer_Filter_uPVC_DN40_D49,y 60.ipt,Part,452096,D:\INVENTOR_DATA\05_STANDARD_COMPONENTS\05_Filters_and_Clarifiers\Y_Strainer_Filter_uPVC_DN40_D49\y 60.ipt,D:\TAN -DU AN\TOSHIBA\120\3d\BON 1\FILTER\2m3 xuong chao\y 60.ipt
05_Filters_and_Clarifiers,Y_Strainer_Filter_uPVC_DN40_D49,Y_Strainer_Filter_uPVC_DN40_D49.iam,Main Assembly,356352,D:\INVENTOR_DATA\05_STANDARD_COMPONENTS\05_Filters_and_Clarifiers\Y_Strainer_Filter_uPVC_DN40_D49\Y_Strainer_Filter_uPVC_DN40_D49.iam,Origin Created in Module
05_Filters_and_Clarifiers,Y_Type_Disc_Filter_DN20_D27,dau loc.ipt,Part,297472,D:\INVENTOR_DATA\05_STANDARD_COMPONENTS\05_Filters_and_Clarifiers\Y_Type_Disc_Filter_DN20_D27\dau loc.ipt,D:\TAN -DU AN\TOSHIBA\120\3d\BON 1\FILTER\loc dia\loc dia Y\dau loc.ipt
05_Filters_and_Clarifiers,Y_Type_Disc_Filter_DN20_D27,ong in out.ipt,Part,321024,D:\INVENTOR_DATA\05_STANDARD_COMPONENTS\05_Filters_and_Clarifiers\Y_Type_Disc_Filter_DN20_D27\ong in out.ipt,D:\TAN -DU AN\TOSHIBA\120\3d\BON 1\FILTER\loc dia\loc dia Y\ong in out.ipt
05_Filters_and_Clarifiers,Y_Type_Disc_Filter_DN20_D27,Y_Type_Disc_Filter_DN20_D27.iam,Main Assembly,218624,D:\INVENTOR_DATA\05_STANDARD_COMPONENTS\05_Filters_and_Clarifiers\Y_Type_Disc_Filter_DN20_D27\Y_Type_Disc_Filter_DN20_D27.iam,Origin Created in Module
05_Filters_and_Clarifiers,Y_Type_Disc_Filter_DN25_D34,Y_Type_Disc_Filter_DN25_D34.ipt,Part,679936,D:\INVENTOR_DATA\05_STANDARD_COMPONENTS\05_Filters_and_Clarifiers\Y_Type_Disc_Filter_DN25_D34\Y_Type_Disc_Filter_DN25_D34.ipt,Origin Created in Module
05_Filters_and_Clarifiers,Y_Type_Disc_Filter_DN40_D49,Y_Type_Disc_Filter_DN40_D49.ipt,Part,612864,D:\INVENTOR_DATA\05_STANDARD_COMPONENTS\05_Filters_and_Clarifiers\Y_Type_Disc_Filter_DN40_D49\Y_Type_Disc_Filter_DN40_D49.ipt,Origin Created in Module
06_Membranes_and_Advanced_Separation,Electrodeionization_Module_EDI_50L,Electrodeionization_Module_EDI_50L.ipt,Part,2906112,D:\INVENTOR_DATA\05_STANDARD_COMPONENTS\06_Membranes_and_Advanced_Separation\Electrodeionization_Module_EDI_50L\Electrodeionization_Module_EDI_50L.ipt,Origin Created in Module
06_Membranes_and_Advanced_Separation,FRP_RO_Membrane_Housing_4040_1Element,bit 2 dau.ipt,Part,202752,D:\INVENTOR_DATA\05_STANDARD_COMPONENTS\06_Membranes_and_Advanced_Separation\FRP_RO_Membrane_Housing_4040_1Element\bit 2 dau.ipt,D:\TAN -DU AN\TOSHIBA\120\3d\BON 1\FILTER\VO RO\vo 250\bit 2 dau.ipt
06_Membranes_and_Advanced_Separation,FRP_RO_Membrane_Housing_4040_1Element,de cao su.ipt,Part,376320,D:\INVENTOR_DATA\05_STANDARD_COMPONENTS\06_Membranes_and_Advanced_Separation\FRP_RO_Membrane_Housing_4040_1Element\de cao su.ipt,D:\TAN -DU AN\TOSHIBA\120\3d\BON 1\FILTER\VO RO\vo 250\de cao su.ipt
06_Membranes_and_Advanced_Separation,FRP_RO_Membrane_Housing_4040_1Element,de cao su_MIR11.ipt,Part,289792,D:\INVENTOR_DATA\05_STANDARD_COMPONENTS\06_Membranes_and_Advanced_Separation\FRP_RO_Membrane_Housing_4040_1Element\de cao su_MIR11.ipt,D:\TAN -DU AN\TOSHIBA\120\3d\BON 1\FILTER\VO RO\vo 250\de cao su_MIR11.ipt
06_Membranes_and_Advanced_Separation,FRP_RO_Membrane_Housing_4040_1Element,FRP_RO_Membrane_Housing_4040_1Element.iam,Main Assembly,218112,D:\INVENTOR_DATA\05_STANDARD_COMPONENTS\06_Membranes_and_Advanced_Separation\FRP_RO_Membrane_Housing_4040_1Element\FRP_RO_Membrane_Housing_4040_1Element.iam,Origin Created in Module
06_Membranes_and_Advanced_Separation,FRP_RO_Membrane_Housing_4040_1Element,lap vo 250.iam,Assembly,264192,D:\INVENTOR_DATA\05_STANDARD_COMPONENTS\06_Membranes_and_Advanced_Separation\FRP_RO_Membrane_Housing_4040_1Element\lap vo 250.iam,D:\TAN -DU AN\TOSHIBA\120\3d\BON 1\FILTER\VO RO\vo 250\lap vo 250.iam
06_Membranes_and_Advanced_Separation,FRP_RO_Membrane_Housing_4040_1Element,vo 250 howell.ipt,Part,232960,D:\INVENTOR_DATA\05_STANDARD_COMPONENTS\06_Membranes_and_Advanced_Separation\FRP_RO_Membrane_Housing_4040_1Element\vo 250 howell.ipt,D:\TAN -DU AN\TOSHIBA\120\3d\BON 1\FILTER\VO RO\vo 250\vo 250 howell.ipt
06_Membranes_and_Advanced_Separation,FRP_RO_Membrane_Housing_8040_1Element,CUM RO.ipt,Part,244224,D:\INVENTOR_DATA\05_STANDARD_COMPONENTS\06_Membranes_and_Advanced_Separation\FRP_RO_Membrane_Housing_8040_1Element\CUM RO.ipt,D:\TAN -DU AN\TOSHIBA\120\3d\BON 1\FILTER\VO RO\CUM RO.ipt
06_Membranes_and_Advanced_Separation,FRP_RO_Membrane_Housing_8040_1Element,CUM RO_MIR2.ipt,Part,214016,D:\INVENTOR_DATA\05_STANDARD_COMPONENTS\06_Membranes_and_Advanced_Separation\FRP_RO_Membrane_Housing_8040_1Element\CUM RO_MIR2.ipt,D:\TAN -DU AN\TOSHIBA\120\3d\BON 1\FILTER\VO RO\CUM RO_MIR2.ipt
06_Membranes_and_Advanced_Separation,FRP_RO_Membrane_Housing_8040_1Element,CUM RO_MIR2_MIR.ipt,Part,203264,D:\INVENTOR_DATA\05_STANDARD_COMPONENTS\06_Membranes_and_Advanced_Separation\FRP_RO_Membrane_Housing_8040_1Element\CUM RO_MIR2_MIR.ipt,D:\TAN -DU AN\TOSHIBA\120\3d\BON 1\FILTER\VO RO\CUM RO_MIR2_MIR.ipt
06_Membranes_and_Advanced_Separation,FRP_RO_Membrane_Housing_8040_1Element,CUM RO_MIR4.ipt,Part,202752,D:\INVENTOR_DATA\05_STANDARD_COMPONENTS\06_Membranes_and_Advanced_Separation\FRP_RO_Membrane_Housing_8040_1Element\CUM RO_MIR4.ipt,D:\TAN -DU AN\TOSHIBA\120\3d\BON 1\FILTER\VO RO\CUM RO_MIR4.ipt
06_Membranes_and_Advanced_Separation,FRP_RO_Membrane_Housing_8040_1Element,CUM RO_MIR7.ipt,Part,207872,D:\INVENTOR_DATA\05_STANDARD_COMPONENTS\06_Membranes_and_Advanced_Separation\FRP_RO_Membrane_Housing_8040_1Element\CUM RO_MIR7.ipt,D:\TAN -DU AN\TOSHIBA\120\3d\BON 1\FILTER\VO RO\CUM RO_MIR7.ipt
06_Membranes_and_Advanced_Separation,FRP_RO_Membrane_Housing_8040_1Element,de cao su.ipt,Part,147968,D:\INVENTOR_DATA\05_STANDARD_COMPONENTS\06_Membranes_and_Advanced_Separation\FRP_RO_Membrane_Housing_8040_1Element\de cao su.ipt,D:\TAN -DU AN\TOSHIBA\120\3d\BON 1\FILTER\VO RO\DE CAO SU.ipt
06_Membranes_and_Advanced_Separation,FRP_RO_Membrane_Housing_8040_1Element,DE CAO SU_MIR4.ipt,Part,144896,D:\INVENTOR_DATA\05_STANDARD_COMPONENTS\06_Membranes_and_Advanced_Separation\FRP_RO_Membrane_Housing_8040_1Element\DE CAO SU_MIR4.ipt,D:\TAN -DU AN\TOSHIBA\120\3d\BON 1\FILTER\VO RO\DE CAO SU_MIR4.ipt
06_Membranes_and_Advanced_Separation,FRP_RO_Membrane_Housing_8040_1Element,DE CAO SU_MIR4_MIR.ipt,Part,143872,D:\INVENTOR_DATA\05_STANDARD_COMPONENTS\06_Membranes_and_Advanced_Separation\FRP_RO_Membrane_Housing_8040_1Element\DE CAO SU_MIR4_MIR.ipt,D:\TAN -DU AN\TOSHIBA\120\3d\BON 1\FILTER\VO RO\DE CAO SU_MIR4_MIR.ipt
06_Membranes_and_Advanced_Separation,FRP_RO_Membrane_Housing_8040_1Element,DE CAO SU_MIR6.ipt,Part,141312,D:\INVENTOR_DATA\05_STANDARD_COMPONENTS\06_Membranes_and_Advanced_Separation\FRP_RO_Membrane_Housing_8040_1Element\DE CAO SU_MIR6.ipt,D:\TAN -DU AN\TOSHIBA\120\3d\BON 1\FILTER\VO RO\DE CAO SU_MIR6.ipt
06_Membranes_and_Advanced_Separation,FRP_RO_Membrane_Housing_8040_1Element,DE CAO SU_MIR9.ipt,Part,143360,D:\INVENTOR_DATA\05_STANDARD_COMPONENTS\06_Membranes_and_Advanced_Separation\FRP_RO_Membrane_Housing_8040_1Element\DE CAO SU_MIR9.ipt,D:\TAN -DU AN\TOSHIBA\120\3d\BON 1\FILTER\VO RO\DE CAO SU_MIR9.ipt
06_Membranes_and_Advanced_Separation,FRP_RO_Membrane_Housing_8040_1Element,FRP_RO_Membrane_Housing_8040_1Element.iam,Main Assembly,426496,D:\INVENTOR_DATA\05_STANDARD_COMPONENTS\06_Membranes_and_Advanced_Separation\FRP_RO_Membrane_Housing_8040_1Element\FRP_RO_Membrane_Housing_8040_1Element.iam,Origin Created in Module
06_Membranes_and_Advanced_Separation,FRP_RO_Membrane_Housing_8040_1Element,ISO 4162 - M8 x 55.ipt,Part,206848,D:\INVENTOR_DATA\05_STANDARD_COMPONENTS\06_Membranes_and_Advanced_Separation\FRP_RO_Membrane_Housing_8040_1Element\ISO 4162 - M8 x 55.ipt,D:\Autodesk\Inventor 2025\Content Center Files\en-US\ISO 4162\ISO 4162 - M8 x 55.ipt
06_Membranes_and_Advanced_Separation,FRP_RO_Membrane_Housing_8040_1Element,lap cum 8040.iam,Assembly,174080,D:\INVENTOR_DATA\05_STANDARD_COMPONENTS\06_Membranes_and_Advanced_Separation\FRP_RO_Membrane_Housing_8040_1Element\lap cum 8040.iam,D:\TAN -DU AN\TOSHIBA\120\3d\BON 1\FILTER\VO RO\Vo 8040\lap cum 8040.iam
06_Membranes_and_Advanced_Separation,FRP_RO_Membrane_Housing_8040_1Element,lap cum 8040_MIR2.iam,Assembly,156160,D:\INVENTOR_DATA\05_STANDARD_COMPONENTS\06_Membranes_and_Advanced_Separation\FRP_RO_Membrane_Housing_8040_1Element\lap cum 8040_MIR2.iam,D:\TAN -DU AN\TOSHIBA\120\3d\BON 1\FILTER\VO RO\Vo 8040\lap cum 8040_MIR2.iam
06_Membranes_and_Advanced_Separation,FRP_RO_Membrane_Housing_8040_1Element,lap cum de.iam,Assembly,290816,D:\INVENTOR_DATA\05_STANDARD_COMPONENTS\06_Membranes_and_Advanced_Separation\FRP_RO_Membrane_Housing_8040_1Element\lap cum de.iam,D:\TAN -DU AN\TOSHIBA\120\3d\BON 1\FILTER\VO RO\lap cum de.iam
06_Membranes_and_Advanced_Separation,FRP_RO_Membrane_Housing_8040_1Element,lap cum de_MIR2.iam,Assembly,144384,D:\INVENTOR_DATA\05_STANDARD_COMPONENTS\06_Membranes_and_Advanced_Separation\FRP_RO_Membrane_Housing_8040_1Element\lap cum de_MIR2.iam,D:\TAN -DU AN\TOSHIBA\120\3d\BON 1\FILTER\VO RO\lap cum de_MIR2.iam
06_Membranes_and_Advanced_Separation,FRP_RO_Membrane_Housing_8040_1Element,lap cum de_MIR2_MIR.iam,Assembly,144896,D:\INVENTOR_DATA\05_STANDARD_COMPONENTS\06_Membranes_and_Advanced_Separation\FRP_RO_Membrane_Housing_8040_1Element\lap cum de_MIR2_MIR.iam,D:\TAN -DU AN\TOSHIBA\120\3d\BON 1\FILTER\VO RO\lap cum de_MIR2_MIR.iam
06_Membranes_and_Advanced_Separation,FRP_RO_Membrane_Housing_8040_1Element,lap cum de_MIR4.iam,Assembly,144384,D:\INVENTOR_DATA\05_STANDARD_COMPONENTS\06_Membranes_and_Advanced_Separation\FRP_RO_Membrane_Housing_8040_1Element\lap cum de_MIR4.iam,D:\TAN -DU AN\TOSHIBA\120\3d\BON 1\FILTER\VO RO\lap cum de_MIR4.iam
06_Membranes_and_Advanced_Separation,FRP_RO_Membrane_Housing_8040_1Element,lap cum de_MIR7.iam,Assembly,128000,D:\INVENTOR_DATA\05_STANDARD_COMPONENTS\06_Membranes_and_Advanced_Separation\FRP_RO_Membrane_Housing_8040_1Element\lap cum de_MIR7.iam,D:\TAN -DU AN\TOSHIBA\120\3d\BON 1\FILTER\VO RO\lap cum de_MIR7.iam
06_Membranes_and_Advanced_Separation,FRP_RO_Membrane_Housing_8040_1Element,lap de vo 8040-1.iam,Assembly,253440,D:\INVENTOR_DATA\05_STANDARD_COMPONENTS\06_Membranes_and_Advanced_Separation\FRP_RO_Membrane_Housing_8040_1Element\lap de vo 8040-1.iam,D:\TAN -DU AN\TOSHIBA\120\3d\BON 1\FILTER\VO RO\Vo 8040\lap de vo 8040-1.iam
06_Membranes_and_Advanced_Separation,FRP_RO_Membrane_Housing_8040_1Element,lap de vo 8040-1_MIR.iam,Assembly,235520,D:\INVENTOR_DATA\05_STANDARD_COMPONENTS\06_Membranes_and_Advanced_Separation\FRP_RO_Membrane_Housing_8040_1Element\lap de vo 8040-1_MIR.iam,D:\TAN -DU AN\TOSHIBA\120\3d\BON 1\FILTER\VO RO\Vo 8040\lap de vo 8040-1_MIR.iam
06_Membranes_and_Advanced_Separation,FRP_RO_Membrane_Housing_8040_1Element,LAP VICTAULIC 49_Simplify_1.ipt,Part,388608,D:\INVENTOR_DATA\05_STANDARD_COMPONENTS\06_Membranes_and_Advanced_Separation\FRP_RO_Membrane_Housing_8040_1Element\LAP VICTAULIC 49_Simplify_1.ipt,D:\TAN -DU AN\TOSHIBA\120\3d\BON 1\FILTER\VO RO\LAP VICTAULIC 49_Simplify_1.ipt
06_Membranes_and_Advanced_Separation,FRP_RO_Membrane_Housing_8040_1Element,LAP VICTAULIC 49_Simplify_1_MIR3.ipt,Part,414208,D:\INVENTOR_DATA\05_STANDARD_COMPONENTS\06_Membranes_and_Advanced_Separation\FRP_RO_Membrane_Housing_8040_1Element\LAP VICTAULIC 49_Simplify_1_MIR3.ipt,D:\TAN -DU AN\TOSHIBA\120\3d\BON 1\FILTER\VO RO\LAP VICTAULIC 49_Simplify_1_MIR3.ipt
06_Membranes_and_Advanced_Separation,FRP_RO_Membrane_Housing_8040_1Element,NOI CUM 49.ipt,Part,219648,D:\INVENTOR_DATA\05_STANDARD_COMPONENTS\06_Membranes_and_Advanced_Separation\FRP_RO_Membrane_Housing_8040_1Element\NOI CUM 49.ipt,D:\TAN -DU AN\TOSHIBA\120\3d\BON 1\FILTER\VO RO\NOI CUM 49.ipt
06_Membranes_and_Advanced_Separation,FRP_RO_Membrane_Housing_8040_1Element,NOI CUM 49_MIR7.ipt,Part,161280,D:\INVENTOR_DATA\05_STANDARD_COMPONENTS\06_Membranes_and_Advanced_Separation\FRP_RO_Membrane_Housing_8040_1Element\NOI CUM 49_MIR7.ipt,D:\TAN -DU AN\TOSHIBA\120\3d\BON 1\FILTER\VO RO\NOI CUM 49_MIR7.ipt
06_Membranes_and_Advanced_Separation,FRP_RO_Membrane_Housing_8040_1Element,VO RO - 1mang.ipt,Part,470528,D:\INVENTOR_DATA\05_STANDARD_COMPONENTS\06_Membranes_and_Advanced_Separation\FRP_RO_Membrane_Housing_8040_1Element\VO RO - 1mang.ipt,D:\TAN -DU AN\TOSHIBA\120\3d\BON 1\FILTER\VO RO\Vo 8040\VO RO - 1mang.ipt
06_Membranes_and_Advanced_Separation,FRP_RO_Membrane_Housing_8040_1Element,VO RO - 1mang_MIR1.ipt,Part,237568,D:\INVENTOR_DATA\05_STANDARD_COMPONENTS\06_Membranes_and_Advanced_Separation\FRP_RO_Membrane_Housing_8040_1Element\VO RO - 1mang_MIR1.ipt,D:\TAN -DU AN\TOSHIBA\120\3d\BON 1\FILTER\VO RO\Vo 8040\VO RO - 1mang_MIR1.ipt
06_Membranes_and_Advanced_Separation,FRP_RO_Membrane_Housing_8040_2Element,2-lap cum 8040.iam,Assembly,173568,D:\INVENTOR_DATA\05_STANDARD_COMPONENTS\06_Membranes_and_Advanced_Separation\FRP_RO_Membrane_Housing_8040_2Element\2-lap cum 8040.iam,D:\TAN -DU AN\TOSHIBA\120\3d\BON 1\FILTER\VO RO\Vo 8040\2-lap cum 8040.iam
06_Membranes_and_Advanced_Separation,FRP_RO_Membrane_Housing_8040_2Element,CUM RO.ipt,Part,244224,D:\INVENTOR_DATA\05_STANDARD_COMPONENTS\06_Membranes_and_Advanced_Separation\FRP_RO_Membrane_Housing_8040_2Element\CUM RO.ipt,D:\TAN -DU AN\TOSHIBA\120\3d\BON 1\FILTER\VO RO\CUM RO.ipt
06_Membranes_and_Advanced_Separation,FRP_RO_Membrane_Housing_8040_2Element,CUM RO_MIR5.ipt,Part,203264,D:\INVENTOR_DATA\05_STANDARD_COMPONENTS\06_Membranes_and_Advanced_Separation\FRP_RO_Membrane_Housing_8040_2Element\CUM RO_MIR5.ipt,D:\TAN -DU AN\TOSHIBA\120\3d\BON 1\FILTER\VO RO\CUM RO_MIR5.ipt
06_Membranes_and_Advanced_Separation,FRP_RO_Membrane_Housing_8040_2Element,de cao su.ipt,Part,147968,D:\INVENTOR_DATA\05_STANDARD_COMPONENTS\06_Membranes_and_Advanced_Separation\FRP_RO_Membrane_Housing_8040_2Element\de cao su.ipt,D:\TAN -DU AN\TOSHIBA\120\3d\BON 1\FILTER\VO RO\DE CAO SU.ipt
06_Membranes_and_Advanced_Separation,FRP_RO_Membrane_Housing_8040_2Element,DE CAO SU_MIR7.ipt,Part,141312,D:\INVENTOR_DATA\05_STANDARD_COMPONENTS\06_Membranes_and_Advanced_Separation\FRP_RO_Membrane_Housing_8040_2Element\DE CAO SU_MIR7.ipt,D:\TAN -DU AN\TOSHIBA\120\3d\BON 1\FILTER\VO RO\DE CAO SU_MIR7.ipt
06_Membranes_and_Advanced_Separation,FRP_RO_Membrane_Housing_8040_2Element,FRP_RO_Membrane_Housing_8040_2Element.iam,Main Assembly,203776,D:\INVENTOR_DATA\05_STANDARD_COMPONENTS\06_Membranes_and_Advanced_Separation\FRP_RO_Membrane_Housing_8040_2Element\FRP_RO_Membrane_Housing_8040_2Element.iam,Origin Created in Module
06_Membranes_and_Advanced_Separation,FRP_RO_Membrane_Housing_8040_2Element,ISO 4162 - M8 x 55.ipt,Part,206848,D:\INVENTOR_DATA\05_STANDARD_COMPONENTS\06_Membranes_and_Advanced_Separation\FRP_RO_Membrane_Housing_8040_2Element\ISO 4162 - M8 x 55.ipt,D:\Autodesk\Inventor 2025\Content Center Files\en-US\ISO 4162\ISO 4162 - M8 x 55.ipt
06_Membranes_and_Advanced_Separation,FRP_RO_Membrane_Housing_8040_2Element,lap cum 8040_MIR.iam,Assembly,165376,D:\INVENTOR_DATA\05_STANDARD_COMPONENTS\06_Membranes_and_Advanced_Separation\FRP_RO_Membrane_Housing_8040_2Element\lap cum 8040_MIR.iam,D:\TAN -DU AN\TOSHIBA\120\3d\BON 1\FILTER\VO RO\Vo 8040\lap cum 8040_MIR.iam
06_Membranes_and_Advanced_Separation,FRP_RO_Membrane_Housing_8040_2Element,lap cum de.iam,Assembly,290816,D:\INVENTOR_DATA\05_STANDARD_COMPONENTS\06_Membranes_and_Advanced_Separation\FRP_RO_Membrane_Housing_8040_2Element\lap cum de.iam,D:\TAN -DU AN\TOSHIBA\120\3d\BON 1\FILTER\VO RO\lap cum de.iam
06_Membranes_and_Advanced_Separation,FRP_RO_Membrane_Housing_8040_2Element,lap cum de_MIR5.iam,Assembly,144384,D:\INVENTOR_DATA\05_STANDARD_COMPONENTS\06_Membranes_and_Advanced_Separation\FRP_RO_Membrane_Housing_8040_2Element\lap cum de_MIR5.iam,D:\TAN -DU AN\TOSHIBA\120\3d\BON 1\FILTER\VO RO\lap cum de_MIR5.iam
06_Membranes_and_Advanced_Separation,FRP_RO_Membrane_Housing_8040_2Element,VO RO - 1mang.ipt,Part,470528,D:\INVENTOR_DATA\05_STANDARD_COMPONENTS\06_Membranes_and_Advanced_Separation\FRP_RO_Membrane_Housing_8040_2Element\VO RO - 1mang.ipt,D:\TAN -DU AN\TOSHIBA\120\3d\BON 1\FILTER\VO RO\Vo 8040\VO RO - 1mang.ipt
06_Membranes_and_Advanced_Separation,FRP_RO_Membrane_Housing_8040_3Element,Bolted Connection1.iam,Assembly,148992,D:\INVENTOR_DATA\05_STANDARD_COMPONENTS\06_Membranes_and_Advanced_Separation\FRP_RO_Membrane_Housing_8040_3Element\Bolted Connection1.iam,D:\TAN -DU AN\TOSHIBA\120\3d\BON 1\FILTER\VO RO\LAP VICTAULIC 49\Design Accelerator\Bolted Connection1.iam
06_Membranes_and_Advanced_Separation,FRP_RO_Membrane_Housing_8040_3Element,CUM RO.ipt,Part,227840,D:\INVENTOR_DATA\05_STANDARD_COMPONENTS\06_Membranes_and_Advanced_Separation\FRP_RO_Membrane_Housing_8040_3Element\CUM RO.ipt,D:\TAN -DU AN\TOSHIBA\120\3d\BON 1\FILTER\RO VINH BAO\CUM RO.ipt
06_Membranes_and_Advanced_Separation,FRP_RO_Membrane_Housing_8040_3Element,CUM RO_MIR1.ipt,Part,211968,D:\INVENTOR_DATA\05_STANDARD_COMPONENTS\06_Membranes_and_Advanced_Separation\FRP_RO_Membrane_Housing_8040_3Element\CUM RO_MIR1.ipt,D:\TAN -DU AN\TOSHIBA\120\3d\BON 1\FILTER\VO RO\CUM RO_MIR1.ipt
06_Membranes_and_Advanced_Separation,FRP_RO_Membrane_Housing_8040_3Element,CUM VICTAULIC 49.ipt,Part,253440,D:\INVENTOR_DATA\05_STANDARD_COMPONENTS\06_Membranes_and_Advanced_Separation\FRP_RO_Membrane_Housing_8040_3Element\CUM VICTAULIC 49.ipt,D:\TAN -DU AN\TOSHIBA\120\3d\BON 1\FILTER\VO RO\CUM VICTAULIC 49.ipt
06_Membranes_and_Advanced_Separation,FRP_RO_Membrane_Housing_8040_3Element,de cao su.ipt,Part,147968,D:\INVENTOR_DATA\05_STANDARD_COMPONENTS\06_Membranes_and_Advanced_Separation\FRP_RO_Membrane_Housing_8040_3Element\de cao su.ipt,D:\TAN -DU AN\TOSHIBA\120\3d\BON 1\FILTER\VO RO\DE CAO SU.ipt
06_Membranes_and_Advanced_Separation,FRP_RO_Membrane_Housing_8040_3Element,DE CAO SU_MIR1.ipt,Part,143872,D:\INVENTOR_DATA\05_STANDARD_COMPONENTS\06_Membranes_and_Advanced_Separation\FRP_RO_Membrane_Housing_8040_3Element\DE CAO SU_MIR1.ipt,D:\TAN -DU AN\TOSHIBA\120\3d\BON 1\FILTER\VO RO\DE CAO SU_MIR1.ipt
06_Membranes_and_Advanced_Separation,FRP_RO_Membrane_Housing_8040_3Element,FRP_RO_Membrane_Housing_8040_3Element.iam,Main Assembly,344576,D:\INVENTOR_DATA\05_STANDARD_COMPONENTS\06_Membranes_and_Advanced_Separation\FRP_RO_Membrane_Housing_8040_3Element\FRP_RO_Membrane_Housing_8040_3Element.iam,Origin Created in Module
06_Membranes_and_Advanced_Separation,FRP_RO_Membrane_Housing_8040_3Element,ISO 4162 - M6 x 60.ipt,Part,212480,D:\INVENTOR_DATA\05_STANDARD_COMPONENTS\06_Membranes_and_Advanced_Separation\FRP_RO_Membrane_Housing_8040_3Element\ISO 4162 - M6 x 60.ipt,D:\Autodesk\Inventor 2025\Content Center Files\en-US\ISO 4162\ISO 4162 - M6 x 60.ipt
06_Membranes_and_Advanced_Separation,FRP_RO_Membrane_Housing_8040_3Element,LAP VICTAULIC 49.iam,Assembly,208896,D:\INVENTOR_DATA\05_STANDARD_COMPONENTS\06_Membranes_and_Advanced_Separation\FRP_RO_Membrane_Housing_8040_3Element\LAP VICTAULIC 49.iam,D:\TAN -DU AN\TOSHIBA\120\3d\BON 1\FILTER\VO RO\LAP VICTAULIC 49.iam
06_Membranes_and_Advanced_Separation,FRP_RO_Membrane_Housing_8040_3Element,NOI CUM 49.ipt,Part,219648,D:\INVENTOR_DATA\05_STANDARD_COMPONENTS\06_Membranes_and_Advanced_Separation\FRP_RO_Membrane_Housing_8040_3Element\NOI CUM 49.ipt,D:\TAN -DU AN\TOSHIBA\120\3d\BON 1\FILTER\VO RO\NOI CUM 49.ipt
06_Membranes_and_Advanced_Separation,FRP_RO_Membrane_Housing_8040_3Element,VO RO - 3mang - Copy - Copy.ipt,Part,490496,D:\INVENTOR_DATA\05_STANDARD_COMPONENTS\06_Membranes_and_Advanced_Separation\FRP_RO_Membrane_Housing_8040_3Element\VO RO - 3mang - Copy - Copy.ipt,D:\TAN -DU AN\TOSHIBA\120\3d\BON 1\FILTER\VO RO\Vo 8040\VO RO - 3mang - Copy - Copy.ipt
06_Membranes_and_Advanced_Separation,FRP_RO_Membrane_Housing_8040_4Element,FRP_RO_Membrane_Housing_8040_4Element.ipt,Part,443392,D:\INVENTOR_DATA\05_STANDARD_COMPONENTS\06_Membranes_and_Advanced_Separation\FRP_RO_Membrane_Housing_8040_4Element\FRP_RO_Membrane_Housing_8040_4Element.ipt,Origin Created in Module
06_Membranes_and_Advanced_Separation,Inline_UF_Ultrafiltration_Cartridge,Inline_UF_Ultrafiltration_Cartridge.ipt,Part,4496896,D:\INVENTOR_DATA\05_STANDARD_COMPONENTS\06_Membranes_and_Advanced_Separation\Inline_UF_Ultrafiltration_Cartridge\Inline_UF_Ultrafiltration_Cartridge.ipt,Origin Created in Module
06_Membranes_and_Advanced_Separation,RO_Membrane_Housing_300G_3012,RO_Membrane_Housing_300G_3012.ipt,Part,469504,D:\INVENTOR_DATA\05_STANDARD_COMPONENTS\06_Membranes_and_Advanced_Separation\RO_Membrane_Housing_300G_3012\RO_Membrane_Housing_300G_3012.ipt,Origin Created in Module
06_Membranes_and_Advanced_Separation,RO_Membrane_Housing_8040_1Element_SUS304,8040-1.iam,Assembly,298496,D:\INVENTOR_DATA\05_STANDARD_COMPONENTS\06_Membranes_and_Advanced_Separation\RO_Membrane_Housing_8040_1Element_SUS304\8040-1.iam,D:\TAN -DU AN\TOSHIBA\120\3d\BON 1\FILTER\2m3 xuong chao\01 TO REVIT\8040-1.iam
06_Membranes_and_Advanced_Separation,RO_Membrane_Housing_8040_1Element_SUS304,kep 42.ipt,Part,323584,D:\INVENTOR_DATA\05_STANDARD_COMPONENTS\06_Membranes_and_Advanced_Separation\RO_Membrane_Housing_8040_1Element_SUS304\kep 42.ipt,D:\TAN -DU AN\TOSHIBA\120\3d\BON 1\FILTER\2m3 xuong chao\kep 42.ipt
06_Membranes_and_Advanced_Separation,RO_Membrane_Housing_8040_1Element_SUS304,REN NGOAI 34.ipt,Part,239616,D:\INVENTOR_DATA\05_STANDARD_COMPONENTS\06_Membranes_and_Advanced_Separation\RO_Membrane_Housing_8040_1Element_SUS304\REN NGOAI 34.ipt,D:\TAN -DU AN\TOSHIBA\120\3d\BON 1\FILTER\2m3 xuong chao\REN NGOAI 34.ipt
06_Membranes_and_Advanced_Separation,RO_Membrane_Housing_8040_1Element_SUS304,RN42.ipt,Part,352256,D:\INVENTOR_DATA\05_STANDARD_COMPONENTS\06_Membranes_and_Advanced_Separation\RO_Membrane_Housing_8040_1Element_SUS304\RN42.ipt,D:\TAN -DU AN\TOSHIBA\120\3d\BON 1\FILTER\2m3 xuong chao\RN42.ipt
06_Membranes_and_Advanced_Separation,RO_Membrane_Housing_8040_1Element_SUS304,RO_Membrane_Housing_8040_1Element_SUS304.iam,Main Assembly,298496,D:\INVENTOR_DATA\05_STANDARD_COMPONENTS\06_Membranes_and_Advanced_Separation\RO_Membrane_Housing_8040_1Element_SUS304\RO_Membrane_Housing_8040_1Element_SUS304.iam,Origin Created in Module
06_Membranes_and_Advanced_Separation,RO_Membrane_Housing_8040_1Element_SUS304,VO RO.ipt,Part,639488,D:\INVENTOR_DATA\05_STANDARD_COMPONENTS\06_Membranes_and_Advanced_Separation\RO_Membrane_Housing_8040_1Element_SUS304\VO RO.ipt,D:\TAN -DU AN\TOSHIBA\120\3d\BON 1\FILTER\2m3 xuong chao\VO RO.ipt
06_Membranes_and_Advanced_Separation,RO_Membrane_Housing_8040_1Element_SUS304,VO RO2.ipt,Part,640512,D:\INVENTOR_DATA\05_STANDARD_COMPONENTS\06_Membranes_and_Advanced_Separation\RO_Membrane_Housing_8040_1Element_SUS304\VO RO2.ipt,D:\TAN -DU AN\TOSHIBA\120\3d\BON 1\FILTER\2m3 xuong chao\VO RO2.ipt
06_Membranes_and_Advanced_Separation,Reverse_Osmosis_Membrane_4040,Reverse_Osmosis_Membrane_4040.ipt,Part,772096,D:\INVENTOR_DATA\05_STANDARD_COMPONENTS\06_Membranes_and_Advanced_Separation\Reverse_Osmosis_Membrane_4040\Reverse_Osmosis_Membrane_4040.ipt,Origin Created in Module
06_Membranes_and_Advanced_Separation,Stainless_RO_Membrane_Housing_4040,CUM NAP RO 4040 INOX.ipt,Part,307200,D:\INVENTOR_DATA\05_STANDARD_COMPONENTS\06_Membranes_and_Advanced_Separation\Stainless_RO_Membrane_Housing_4040\CUM NAP RO 4040 INOX.ipt,D:\TAN -DU AN\TOSHIBA\120\3d\BON 1\FILTER\VO RO\vo nho inox\CUM NAP RO 4040 INOX.ipt
06_Membranes_and_Advanced_Separation,Stainless_RO_Membrane_Housing_4040,CUM NAP RO 4040 INOX_MIR.ipt,Part,318976,D:\INVENTOR_DATA\05_STANDARD_COMPONENTS\06_Membranes_and_Advanced_Separation\Stainless_RO_Membrane_Housing_4040\CUM NAP RO 4040 INOX_MIR.ipt,D:\TAN -DU AN\TOSHIBA\120\3d\BON 1\FILTER\VO RO\vo nho inox\CUM NAP RO 4040 INOX_MIR.ipt
06_Membranes_and_Advanced_Separation,Stainless_RO_Membrane_Housing_4040,ISO 4161 - M8(1).ipt,Part,200704,D:\INVENTOR_DATA\05_STANDARD_COMPONENTS\06_Membranes_and_Advanced_Separation\Stainless_RO_Membrane_Housing_4040\ISO 4161 - M8(1).ipt,D:\TAN -DU AN\TOSHIBA\120\3d\BON 1\FILTER\2m3 xuong chao\ISO 4161 - M8(1).ipt
06_Membranes_and_Advanced_Separation,Stainless_RO_Membrane_Housing_4040,ISO 4162 - M8 x 35.ipt,Part,210944,D:\INVENTOR_DATA\05_STANDARD_COMPONENTS\06_Membranes_and_Advanced_Separation\Stainless_RO_Membrane_Housing_4040\ISO 4162 - M8 x 35.ipt,D:\Autodesk\Inventor 2025\Content Center Files\en-US\ISO 4162\ISO 4162 - M8 x 35.ipt
06_Membranes_and_Advanced_Separation,Stainless_RO_Membrane_Housing_4040,lap vo ro inox dai.iam,Assembly,437760,D:\INVENTOR_DATA\05_STANDARD_COMPONENTS\06_Membranes_and_Advanced_Separation\Stainless_RO_Membrane_Housing_4040\lap vo ro inox dai.iam,D:\TAN -DU AN\TOSHIBA\120\3d\BON 1\FILTER\VO RO\vo nho inox\lap vo ro inox dai.iam
06_Membranes_and_Advanced_Separation,Stainless_RO_Membrane_Housing_4040,lap vo ro inox dai_Simplify_1.ipt,Part,1417216,D:\INVENTOR_DATA\05_STANDARD_COMPONENTS\06_Membranes_and_Advanced_Separation\Stainless_RO_Membrane_Housing_4040\lap vo ro inox dai_Simplify_1.ipt,D:\TAN -DU AN\TOSHIBA\120\3d\BON 1\FILTER\VO RO\vo nho inox\lap vo ro inox dai_Simplify_1.ipt
06_Membranes_and_Advanced_Separation,Stainless_RO_Membrane_Housing_4040,nap vo RO 250.ipt,Part,664064,D:\INVENTOR_DATA\05_STANDARD_COMPONENTS\06_Membranes_and_Advanced_Separation\Stainless_RO_Membrane_Housing_4040\nap vo RO 250.ipt,D:\TAN -DU AN\TOSHIBA\120\3d\BON 1\FILTER\VO RO\vo nho inox\nap vo RO 250.ipt
06_Membranes_and_Advanced_Separation,Stainless_RO_Membrane_Housing_4040,Stainless_RO_Membrane_Housing_4040.iam,Main Assembly,437760,D:\INVENTOR_DATA\05_STANDARD_COMPONENTS\06_Membranes_and_Advanced_Separation\Stainless_RO_Membrane_Housing_4040\Stainless_RO_Membrane_Housing_4040.iam,Origin Created in Module
06_Membranes_and_Advanced_Separation,Stainless_RO_Membrane_Housing_4040,vo ro dai.ipt,Part,577024,D:\INVENTOR_DATA\05_STANDARD_COMPONENTS\06_Membranes_and_Advanced_Separation\Stainless_RO_Membrane_Housing_4040\vo ro dai.ipt,D:\TAN -DU AN\TOSHIBA\120\3d\BON 1\FILTER\VO RO\vo nho inox\vo ro dai.ipt
06_Membranes_and_Advanced_Separation,Stainless_UF_Filter_Housing_Vessel,Stainless_UF_Filter_Housing_Vessel.ipt,Part,1417728,D:\INVENTOR_DATA\05_STANDARD_COMPONENTS\06_Membranes_and_Advanced_Separation\Stainless_UF_Filter_Housing_Vessel\Stainless_UF_Filter_Housing_Vessel.ipt,Origin Created in Module
06_Membranes_and_Advanced_Separation,Stainless_UF_Membrane_Module_1000L,Stainless_UF_Membrane_Module_1000L.ipt,Part,975872,D:\INVENTOR_DATA\05_STANDARD_COMPONENTS\06_Membranes_and_Advanced_Separation\Stainless_UF_Membrane_Module_1000L\Stainless_UF_Membrane_Module_1000L.ipt,Origin Created in Module
06_Membranes_and_Advanced_Separation,Stainless_UF_Membrane_Module_3000L,Stainless_UF_Membrane_Module_3000L.ipt,Part,975872,D:\INVENTOR_DATA\05_STANDARD_COMPONENTS\06_Membranes_and_Advanced_Separation\Stainless_UF_Membrane_Module_3000L\Stainless_UF_Membrane_Module_3000L.ipt,Origin Created in Module
06_Membranes_and_Advanced_Separation,Stainless_UF_Membrane_Module_5000L,Stainless_UF_Membrane_Module_5000L.ipt,Part,973824,D:\INVENTOR_DATA\05_STANDARD_COMPONENTS\06_Membranes_and_Advanced_Separation\Stainless_UF_Membrane_Module_5000L\Stainless_UF_Membrane_Module_5000L.ipt,Origin Created in Module
06_Membranes_and_Advanced_Separation,T33_Post_Carbon_Filter_Cartridge,T33_Post_Carbon_Filter_Cartridge.ipt,Part,898560,D:\INVENTOR_DATA\05_STANDARD_COMPONENTS\06_Membranes_and_Advanced_Separation\T33_Post_Carbon_Filter_Cartridge\T33_Post_Carbon_Filter_Cartridge.ipt,Origin Created in Module
06_Membranes_and_Advanced_Separation,UF_Ultrafiltration_Module_5000Lph_DN25,REN NGOAI 34.ipt,Part,239616,D:\INVENTOR_DATA\05_STANDARD_COMPONENTS\06_Membranes_and_Advanced_Separation\UF_Ultrafiltration_Module_5000Lph_DN25\REN NGOAI 34.ipt,D:\TAN -DU AN\TOSHIBA\120\3d\BON 1\FILTER\2m3 xuong chao\REN NGOAI 34.ipt
06_Membranes_and_Advanced_Separation,UF_Ultrafiltration_Module_5000Lph_DN25,ren trong 21.ipt,Part,211968,D:\INVENTOR_DATA\05_STANDARD_COMPONENTS\06_Membranes_and_Advanced_Separation\UF_Ultrafiltration_Module_5000Lph_DN25\ren trong 21.ipt,D:\TAN -DU AN\TOSHIBA\120\3d\BON 1\FILTER\2m3 xuong chao\ren trong 21.ipt
06_Membranes_and_Advanced_Separation,UF_Ultrafiltration_Module_5000Lph_DN25,UF5000-RN34.iam,Assembly,222720,D:\INVENTOR_DATA\05_STANDARD_COMPONENTS\06_Membranes_and_Advanced_Separation\UF_Ultrafiltration_Module_5000Lph_DN25\UF5000-RN34.iam,D:\TAN -DU AN\TOSHIBA\120\3d\BON 1\FILTER\2m3 xuong chao\01 TO REVIT\UF5000-RN34.iam
06_Membranes_and_Advanced_Separation,UF_Ultrafiltration_Module_5000Lph_DN25,uf5000.ipt,Part,829952,D:\INVENTOR_DATA\05_STANDARD_COMPONENTS\06_Membranes_and_Advanced_Separation\UF_Ultrafiltration_Module_5000Lph_DN25\uf5000.ipt,D:\TAN -DU AN\TOSHIBA\120\3d\BON 1\FILTER\2m3 xuong chao\uf5000.ipt
06_Membranes_and_Advanced_Separation,UF_Ultrafiltration_Module_5000Lph_DN25,UF_Ultrafiltration_Module_5000Lph_DN25.iam,Main Assembly,222720,D:\INVENTOR_DATA\05_STANDARD_COMPONENTS\06_Membranes_and_Advanced_Separation\UF_Ultrafiltration_Module_5000Lph_DN25\UF_Ultrafiltration_Module_5000Lph_DN25.iam,Origin Created in Module
07_Disinfection_and_Water_Conditioning,Aquapro_55W_UV_Water_Sterilizer_SS,Aquapro_55W_UV_Water_Sterilizer_SS.iam,Main Assembly,190464,D:\INVENTOR_DATA\05_STANDARD_COMPONENTS\07_Disinfection_and_Water_Conditioning\Aquapro_55W_UV_Water_Sterilizer_SS\Aquapro_55W_UV_Water_Sterilizer_SS.iam,Origin Created in Module
07_Disinfection_and_Water_Conditioning,Aquapro_55W_UV_Water_Sterilizer_SS,dau chup den.ipt,Part,228352,D:\INVENTOR_DATA\05_STANDARD_COMPONENTS\07_Disinfection_and_Water_Conditioning\Aquapro_55W_UV_Water_Sterilizer_SS\dau chup den.ipt,D:\TAN -DU AN\TOSHIBA\120\3d\BON 1\FILTER\0-LOC TONG HOP\1 COT 1PHIN- BOM\Workgroups\NotInProject\dau chup den.ipt
07_Disinfection_and_Water_Conditioning,Aquapro_55W_UV_Water_Sterilizer_SS,DEN UV 55W.ipt,Part,136192,D:\INVENTOR_DATA\05_STANDARD_COMPONENTS\07_Disinfection_and_Water_Conditioning\Aquapro_55W_UV_Water_Sterilizer_SS\DEN UV 55W.ipt,D:\TAN -DU AN\TOSHIBA\120\3d\BON 1\FILTER\den uv\AQUAPRO\DEN UV 55W.ipt
07_Disinfection_and_Water_Conditioning,Aquapro_55W_UV_Water_Sterilizer_SS,NAP 1.ipt,Part,179712,D:\INVENTOR_DATA\05_STANDARD_COMPONENTS\07_Disinfection_and_Water_Conditioning\Aquapro_55W_UV_Water_Sterilizer_SS\NAP 1.ipt,D:\TAN -DU AN\TOSHIBA\120\3d\BON 1\FILTER\den uv\AQUAPRO\NAP 1.ipt
07_Disinfection_and_Water_Conditioning,Aquapro_55W_UV_Water_Sterilizer_SS,ONG THACH ANH.ipt,Part,87040,D:\INVENTOR_DATA\05_STANDARD_COMPONENTS\07_Disinfection_and_Water_Conditioning\Aquapro_55W_UV_Water_Sterilizer_SS\ONG THACH ANH.ipt,D:\TAN -DU AN\TOSHIBA\120\3d\BON 1\FILTER\den uv\AQUAPRO\ONG THACH ANH.ipt
07_Disinfection_and_Water_Conditioning,Aquapro_55W_UV_Water_Sterilizer_SS,racco 27.ipt,Part,353792,D:\INVENTOR_DATA\05_STANDARD_COMPONENTS\07_Disinfection_and_Water_Conditioning\Aquapro_55W_UV_Water_Sterilizer_SS\racco 27.ipt,D:\TAN -DU AN\TOSHIBA\120\3d\BON 1\racco 27.ipt
07_Disinfection_and_Water_Conditioning,Aquapro_55W_UV_Water_Sterilizer_SS,ren trong 27.ipt,Part,239616,D:\INVENTOR_DATA\05_STANDARD_COMPONENTS\07_Disinfection_and_Water_Conditioning\Aquapro_55W_UV_Water_Sterilizer_SS\ren trong 27.ipt,D:\TAN -DU AN\TOSHIBA\120\3d\BON 1\FILTER\ren trong 27.ipt
07_Disinfection_and_Water_Conditioning,Aquapro_55W_UV_Water_Sterilizer_SS,RON UV.ipt,Part,131072,D:\INVENTOR_DATA\05_STANDARD_COMPONENTS\07_Disinfection_and_Water_Conditioning\Aquapro_55W_UV_Water_Sterilizer_SS\RON UV.ipt,D:\TAN -DU AN\TOSHIBA\120\3d\BON 1\FILTER\0-LOC TONG HOP\1 COT 1PHIN- BOM\Workgroups\NotInProject\RON UV.ipt
07_Disinfection_and_Water_Conditioning,Aquapro_55W_UV_Water_Sterilizer_SS,UV 55W.iam,Assembly,190464,D:\INVENTOR_DATA\05_STANDARD_COMPONENTS\07_Disinfection_and_Water_Conditioning\Aquapro_55W_UV_Water_Sterilizer_SS\UV 55W.iam,D:\TAN -DU AN\TOSHIBA\120\3d\BON 1\FILTER\den uv\AQUAPRO\UV 55W.iam
07_Disinfection_and_Water_Conditioning,Aquapro_55W_UV_Water_Sterilizer_SS,VO UV AQUAPRO 55W.ipt,Part,432640,D:\INVENTOR_DATA\05_STANDARD_COMPONENTS\07_Disinfection_and_Water_Conditioning\Aquapro_55W_UV_Water_Sterilizer_SS\VO UV AQUAPRO 55W.ipt,D:\TAN -DU AN\TOSHIBA\120\3d\BON 1\FILTER\den uv\AQUAPRO\VO UV AQUAPRO 55W.ipt
07_Disinfection_and_Water_Conditioning,Automatic_Garden_Water_Timer_Valve,Automatic_Garden_Water_Timer_Valve.ipt,Part,849920,D:\INVENTOR_DATA\05_STANDARD_COMPONENTS\07_Disinfection_and_Water_Conditioning\Automatic_Garden_Water_Timer_Valve\Automatic_Garden_Water_Timer_Valve.ipt,Origin Created in Module
07_Disinfection_and_Water_Conditioning,Cleanroom_Air_Handling_Unit_AHU_3m,Cleanroom_Air_Handling_Unit_AHU_3m.iam,Main Assembly,598016,D:\INVENTOR_DATA\05_STANDARD_COMPONENTS\07_Disinfection_and_Water_Conditioning\Cleanroom_Air_Handling_Unit_AHU_3m\Cleanroom_Air_Handling_Unit_AHU_3m.iam,Origin Created in Module
07_Disinfection_and_Water_Conditioning,Cleanroom_Air_Handling_Unit_AHU_3m,COIL LANH.ipt,Part,173568,D:\INVENTOR_DATA\05_STANDARD_COMPONENTS\07_Disinfection_and_Water_Conditioning\Cleanroom_Air_Handling_Unit_AHU_3m\COIL LANH.ipt,D:\TAN -DU AN\TOSHIBA\120\3d\BON 1\DAI VIET\AIRTEK\COIL LANH.ipt
07_Disinfection_and_Water_Conditioning,Cleanroom_Air_Handling_Unit_AHU_3m,coil nong.ipt,Part,1789952,D:\INVENTOR_DATA\05_STANDARD_COMPONENTS\07_Disinfection_and_Water_Conditioning\Cleanroom_Air_Handling_Unit_AHU_3m\coil nong.ipt,D:\TAN -DU AN\TOSHIBA\120\3d\BON 1\DAI VIET\AIRTEK\coil nong.ipt
07_Disinfection_and_Water_Conditioning,Cleanroom_Air_Handling_Unit_AHU_3m,filter - Copy.ipt,Part,164352,D:\INVENTOR_DATA\05_STANDARD_COMPONENTS\07_Disinfection_and_Water_Conditioning\Cleanroom_Air_Handling_Unit_AHU_3m\filter - Copy.ipt,D:\TAN -DU AN\TOSHIBA\120\3d\BON 1\DAI VIET\AIRTEK\filter - Copy.ipt
07_Disinfection_and_Water_Conditioning,Cleanroom_Air_Handling_Unit_AHU_3m,filter.ipt,Part,116224,D:\INVENTOR_DATA\05_STANDARD_COMPONENTS\07_Disinfection_and_Water_Conditioning\Cleanroom_Air_Handling_Unit_AHU_3m\filter.ipt,D:\TAN -DU AN\TOSHIBA\120\3d\BON 1\DAI VIET\AIRTEK\filter.ipt
07_Disinfection_and_Water_Conditioning,Cleanroom_Air_Handling_Unit_AHU_3m,LAP AHU.iam,Assembly,598016,D:\INVENTOR_DATA\05_STANDARD_COMPONENTS\07_Disinfection_and_Water_Conditioning\Cleanroom_Air_Handling_Unit_AHU_3m\LAP AHU.iam,D:\TAN -DU AN\TOSHIBA\120\3d\BON 1\DAI VIET\AIRTEK\LAP AHU.iam
07_Disinfection_and_Water_Conditioning,Cleanroom_Air_Handling_Unit_AHU_3m,LAP AHU_Simplify_1.ipt,Part,30161920,D:\INVENTOR_DATA\05_STANDARD_COMPONENTS\07_Disinfection_and_Water_Conditioning\Cleanroom_Air_Handling_Unit_AHU_3m\LAP AHU_Simplify_1.ipt,D:\TAN -DU AN\TOSHIBA\120\3d\BON 1\DAI VIET\AIRTEK\LAP AHU_Simplify_1.ipt
07_Disinfection_and_Water_Conditioning,Cleanroom_Air_Handling_Unit_AHU_3m,LAP COIL LANH.iam,Assembly,202240,D:\INVENTOR_DATA\05_STANDARD_COMPONENTS\07_Disinfection_and_Water_Conditioning\Cleanroom_Air_Handling_Unit_AHU_3m\LAP COIL LANH.iam,D:\TAN -DU AN\TOSHIBA\120\3d\BON 1\DAI VIET\AIRTEK\LAP COIL LANH.iam
07_Disinfection_and_Water_Conditioning,Cleanroom_Air_Handling_Unit_AHU_3m,lap hop coil lanh.iam,Assembly,114688,D:\INVENTOR_DATA\05_STANDARD_COMPONENTS\07_Disinfection_and_Water_Conditioning\Cleanroom_Air_Handling_Unit_AHU_3m\lap hop coil lanh.iam,D:\TAN -DU AN\TOSHIBA\120\3d\BON 1\DAI VIET\AIRTEK\lap hop coil lanh.iam
07_Disinfection_and_Water_Conditioning,Cleanroom_Air_Handling_Unit_AHU_3m,lap hop coil nong.iam,Assembly,700416,D:\INVENTOR_DATA\05_STANDARD_COMPONENTS\07_Disinfection_and_Water_Conditioning\Cleanroom_Air_Handling_Unit_AHU_3m\lap hop coil nong.iam,D:\TAN -DU AN\TOSHIBA\120\3d\BON 1\DAI VIET\AIRTEK\lap hop coil nong.iam
07_Disinfection_and_Water_Conditioning,Cleanroom_Air_Handling_Unit_AHU_3m,ONG DONG.ipt,Part,110080,D:\INVENTOR_DATA\05_STANDARD_COMPONENTS\07_Disinfection_and_Water_Conditioning\Cleanroom_Air_Handling_Unit_AHU_3m\ONG DONG.ipt,D:\TAN -DU AN\TOSHIBA\120\3d\BON 1\DAI VIET\AIRTEK\ONG DONG.ipt
07_Disinfection_and_Water_Conditioning,Cleanroom_Air_Handling_Unit_AHU_3m,plug fan.ipt,Part,849920,D:\INVENTOR_DATA\05_STANDARD_COMPONENTS\07_Disinfection_and_Water_Conditioning\Cleanroom_Air_Handling_Unit_AHU_3m\plug fan.ipt,D:\TAN -DU AN\TOSHIBA\120\3d\BON 1\DAI VIET\AIRTEK\plug fan.ipt
07_Disinfection_and_Water_Conditioning,Cleanroom_Air_Handling_Unit_AHU_3m,VO AHU.ipt,Part,251392,D:\INVENTOR_DATA\05_STANDARD_COMPONENTS\07_Disinfection_and_Water_Conditioning\Cleanroom_Air_Handling_Unit_AHU_3m\VO AHU.ipt,D:\TAN -DU AN\TOSHIBA\120\3d\BON 1\DAI VIET\AIRTEK\VO AHU.ipt
07_Disinfection_and_Water_Conditioning,Cleanroom_Air_Handling_Unit_AHU_3m,vo coil.ipt,Part,167936,D:\INVENTOR_DATA\05_STANDARD_COMPONENTS\07_Disinfection_and_Water_Conditioning\Cleanroom_Air_Handling_Unit_AHU_3m\vo coil.ipt,D:\TAN -DU AN\TOSHIBA\120\3d\BON 1\DAI VIET\AIRTEK\vo coil.ipt
07_Disinfection_and_Water_Conditioning,Industrial_UV_Sterilizer_440W_DN80,co dinh timer.ipt,Part,104960,D:\INVENTOR_DATA\05_STANDARD_COMPONENTS\07_Disinfection_and_Water_Conditioning\Industrial_UV_Sterilizer_440W_DN80\co dinh timer.ipt,D:\TAN -DU AN\TOSHIBA\120\3d\BON 1\FILTER\0-LOC TONG HOP\tan tan loc\Workgroups\NotInProject\co dinh timer.ipt
07_Disinfection_and_Water_Conditioning,Industrial_UV_Sterilizer_440W_DN80,cong tac 16A.ipt,Part,269312,D:\INVENTOR_DATA\05_STANDARD_COMPONENTS\07_Disinfection_and_Water_Conditioning\Industrial_UV_Sterilizer_440W_DN80\cong tac 16A.ipt,D:\TAN -DU AN\TOSHIBA\120\3d\BON 1\FILTER\thiet bi dien\cong tac 16A.ipt
07_Disinfection_and_Water_Conditioning,Industrial_UV_Sterilizer_440W_DN80,dau chup den - Copy_MIR4_MIR.ipt,Part,238080,D:\INVENTOR_DATA\05_STANDARD_COMPONENTS\07_Disinfection_and_Water_Conditioning\Industrial_UV_Sterilizer_440W_DN80\dau chup den - Copy_MIR4_MIR.ipt,D:\TAN -DU AN\TOSHIBA\120\3d\BON 1\FILTER\den uv\AQUAPRO\dau chup den - Copy_MIR4_MIR.ipt
07_Disinfection_and_Water_Conditioning,Industrial_UV_Sterilizer_440W_DN80,dau chup den - Copy_MIR5_MIR.ipt,Part,238080,D:\INVENTOR_DATA\05_STANDARD_COMPONENTS\07_Disinfection_and_Water_Conditioning\Industrial_UV_Sterilizer_440W_DN80\dau chup den - Copy_MIR5_MIR.ipt,D:\TAN -DU AN\TOSHIBA\120\3d\BON 1\FILTER\den uv\AQUAPRO\dau chup den - Copy_MIR5_MIR.ipt
07_Disinfection_and_Water_Conditioning,Industrial_UV_Sterilizer_440W_DN80,dau chup den - Copy_MIR6_MIR.ipt,Part,238080,D:\INVENTOR_DATA\05_STANDARD_COMPONENTS\07_Disinfection_and_Water_Conditioning\Industrial_UV_Sterilizer_440W_DN80\dau chup den - Copy_MIR6_MIR.ipt,D:\TAN -DU AN\TOSHIBA\120\3d\BON 1\FILTER\den uv\AQUAPRO\dau chup den - Copy_MIR6_MIR.ipt
07_Disinfection_and_Water_Conditioning,Industrial_UV_Sterilizer_440W_DN80,dau chup den - Copy_MIR7.ipt,Part,223232,D:\INVENTOR_DATA\05_STANDARD_COMPONENTS\07_Disinfection_and_Water_Conditioning\Industrial_UV_Sterilizer_440W_DN80\dau chup den - Copy_MIR7.ipt,D:\TAN -DU AN\TOSHIBA\120\3d\BON 1\FILTER\den uv\AQUAPRO\dau chup den - Copy_MIR7.ipt
07_Disinfection_and_Water_Conditioning,Industrial_UV_Sterilizer_440W_DN80,DEN DO.ipt,Part,129024,D:\INVENTOR_DATA\05_STANDARD_COMPONENTS\07_Disinfection_and_Water_Conditioning\Industrial_UV_Sterilizer_440W_DN80\DEN DO.ipt,D:\TAN -DU AN\TOSHIBA\120\3d\BON 1\FILTER\den uv\AQUAPRO\SS 440W\DEN DO.ipt
07_Disinfection_and_Water_Conditioning,Industrial_UV_Sterilizer_440W_DN80,DEN UV 55W_MIR4_MIR.ipt,Part,120832,D:\INVENTOR_DATA\05_STANDARD_COMPONENTS\07_Disinfection_and_Water_Conditioning\Industrial_UV_Sterilizer_440W_DN80\DEN UV 55W_MIR4_MIR.ipt,D:\TAN -DU AN\TOSHIBA\120\3d\BON 1\FILTER\den uv\AQUAPRO\DEN UV 55W_MIR4_MIR.ipt
07_Disinfection_and_Water_Conditioning,Industrial_UV_Sterilizer_440W_DN80,DEN UV 55W_MIR5_MIR.ipt,Part,120320,D:\INVENTOR_DATA\05_STANDARD_COMPONENTS\07_Disinfection_and_Water_Conditioning\Industrial_UV_Sterilizer_440W_DN80\DEN UV 55W_MIR5_MIR.ipt,D:\TAN -DU AN\TOSHIBA\120\3d\BON 1\FILTER\den uv\AQUAPRO\DEN UV 55W_MIR5_MIR.ipt
07_Disinfection_and_Water_Conditioning,Industrial_UV_Sterilizer_440W_DN80,DEN UV 55W_MIR6_MIR.ipt,Part,120320,D:\INVENTOR_DATA\05_STANDARD_COMPONENTS\07_Disinfection_and_Water_Conditioning\Industrial_UV_Sterilizer_440W_DN80\DEN UV 55W_MIR6_MIR.ipt,D:\TAN -DU AN\TOSHIBA\120\3d\BON 1\FILTER\den uv\AQUAPRO\DEN UV 55W_MIR6_MIR.ipt
07_Disinfection_and_Water_Conditioning,Industrial_UV_Sterilizer_440W_DN80,DEN UV 55W_MIR7.ipt,Part,118272,D:\INVENTOR_DATA\05_STANDARD_COMPONENTS\07_Disinfection_and_Water_Conditioning\Industrial_UV_Sterilizer_440W_DN80\DEN UV 55W_MIR7.ipt,D:\TAN -DU AN\TOSHIBA\120\3d\BON 1\FILTER\den uv\AQUAPRO\DEN UV 55W_MIR7.ipt
07_Disinfection_and_Water_Conditioning,Industrial_UV_Sterilizer_440W_DN80,DEN UV SS440W.ipt,Part,747008,D:\INVENTOR_DATA\05_STANDARD_COMPONENTS\07_Disinfection_and_Water_Conditioning\Industrial_UV_Sterilizer_440W_DN80\DEN UV SS440W.ipt,D:\TAN -DU AN\TOSHIBA\120\3d\BON 1\FILTER\den uv\AQUAPRO\SS 440W\DEN UV SS440W.ipt
07_Disinfection_and_Water_Conditioning,Industrial_UV_Sterilizer_440W_DN80,DEN XANH.ipt,Part,129536,D:\INVENTOR_DATA\05_STANDARD_COMPONENTS\07_Disinfection_and_Water_Conditioning\Industrial_UV_Sterilizer_440W_DN80\DEN XANH.ipt,D:\TAN -DU AN\TOSHIBA\120\3d\BON 1\FILTER\den uv\AQUAPRO\SS 440W\DEN XANH.ipt
07_Disinfection_and_Water_Conditioning,Industrial_UV_Sterilizer_440W_DN80,Industrial_UV_Sterilizer_440W_DN80.iam,Main Assembly,389120,D:\INVENTOR_DATA\05_STANDARD_COMPONENTS\07_Disinfection_and_Water_Conditioning\Industrial_UV_Sterilizer_440W_DN80\Industrial_UV_Sterilizer_440W_DN80.iam,Origin Created in Module
07_Disinfection_and_Water_Conditioning,Industrial_UV_Sterilizer_440W_DN80,LAP BONG UV_MIR4_MIR.iam,Assembly,113664,D:\INVENTOR_DATA\05_STANDARD_COMPONENTS\07_Disinfection_and_Water_Conditioning\Industrial_UV_Sterilizer_440W_DN80\LAP BONG UV_MIR4_MIR.iam,D:\TAN -DU AN\TOSHIBA\120\3d\BON 1\FILTER\den uv\AQUAPRO\SS 440W\LAP BONG UV_MIR4_MIR.iam
07_Disinfection_and_Water_Conditioning,Industrial_UV_Sterilizer_440W_DN80,LAP BONG UV_MIR5_MIR.iam,Assembly,113664,D:\INVENTOR_DATA\05_STANDARD_COMPONENTS\07_Disinfection_and_Water_Conditioning\Industrial_UV_Sterilizer_440W_DN80\LAP BONG UV_MIR5_MIR.iam,D:\TAN -DU AN\TOSHIBA\120\3d\BON 1\FILTER\den uv\AQUAPRO\SS 440W\LAP BONG UV_MIR5_MIR.iam
07_Disinfection_and_Water_Conditioning,Industrial_UV_Sterilizer_440W_DN80,LAP BONG UV_MIR6_MIR.iam,Assembly,113664,D:\INVENTOR_DATA\05_STANDARD_COMPONENTS\07_Disinfection_and_Water_Conditioning\Industrial_UV_Sterilizer_440W_DN80\LAP BONG UV_MIR6_MIR.iam,D:\TAN -DU AN\TOSHIBA\120\3d\BON 1\FILTER\den uv\AQUAPRO\SS 440W\LAP BONG UV_MIR6_MIR.iam
07_Disinfection_and_Water_Conditioning,Industrial_UV_Sterilizer_440W_DN80,LAP BONG UV_MIR7.iam,Assembly,112640,D:\INVENTOR_DATA\05_STANDARD_COMPONENTS\07_Disinfection_and_Water_Conditioning\Industrial_UV_Sterilizer_440W_DN80\LAP BONG UV_MIR7.iam,D:\TAN -DU AN\TOSHIBA\120\3d\BON 1\FILTER\den uv\AQUAPRO\SS 440W\LAP BONG UV_MIR7.iam
07_Disinfection_and_Water_Conditioning,Industrial_UV_Sterilizer_440W_DN80,LAP UV SS440W - Copy.iam,Assembly,389120,D:\INVENTOR_DATA\05_STANDARD_COMPONENTS\07_Disinfection_and_Water_Conditioning\Industrial_UV_Sterilizer_440W_DN80\LAP UV SS440W - Copy.iam,D:\TAN -DU AN\TOSHIBA\120\3d\BON 1\FILTER\den uv\AQUAPRO\SS 440W\LAP UV SS440W - Copy.iam
07_Disinfection_and_Water_Conditioning,Industrial_UV_Sterilizer_440W_DN80,nap timer.ipt,Part,98816,D:\INVENTOR_DATA\05_STANDARD_COMPONENTS\07_Disinfection_and_Water_Conditioning\Industrial_UV_Sterilizer_440W_DN80\nap timer.ipt,D:\TAN -DU AN\TOSHIBA\120\3d\BON 1\FILTER\0-LOC TONG HOP\tan tan loc\Workgroups\NotInProject\nap timer.ipt
07_Disinfection_and_Water_Conditioning,Industrial_UV_Sterilizer_440W_DN80,ONG THACH ANH_MIR4_MIR.ipt,Part,89600,D:\INVENTOR_DATA\05_STANDARD_COMPONENTS\07_Disinfection_and_Water_Conditioning\Industrial_UV_Sterilizer_440W_DN80\ONG THACH ANH_MIR4_MIR.ipt,D:\TAN -DU AN\TOSHIBA\120\3d\BON 1\FILTER\den uv\AQUAPRO\ONG THACH ANH_MIR4_MIR.ipt
07_Disinfection_and_Water_Conditioning,Industrial_UV_Sterilizer_440W_DN80,ONG THACH ANH_MIR5_MIR.ipt,Part,90112,D:\INVENTOR_DATA\05_STANDARD_COMPONENTS\07_Disinfection_and_Water_Conditioning\Industrial_UV_Sterilizer_440W_DN80\ONG THACH ANH_MIR5_MIR.ipt,D:\TAN -DU AN\TOSHIBA\120\3d\BON 1\FILTER\den uv\AQUAPRO\ONG THACH ANH_MIR5_MIR.ipt
07_Disinfection_and_Water_Conditioning,Industrial_UV_Sterilizer_440W_DN80,ONG THACH ANH_MIR6_MIR.ipt,Part,89600,D:\INVENTOR_DATA\05_STANDARD_COMPONENTS\07_Disinfection_and_Water_Conditioning\Industrial_UV_Sterilizer_440W_DN80\ONG THACH ANH_MIR6_MIR.ipt,D:\TAN -DU AN\TOSHIBA\120\3d\BON 1\FILTER\den uv\AQUAPRO\ONG THACH ANH_MIR6_MIR.ipt
07_Disinfection_and_Water_Conditioning,Industrial_UV_Sterilizer_440W_DN80,ONG THACH ANH_MIR7.ipt,Part,81920,D:\INVENTOR_DATA\05_STANDARD_COMPONENTS\07_Disinfection_and_Water_Conditioning\Industrial_UV_Sterilizer_440W_DN80\ONG THACH ANH_MIR7.ipt,D:\TAN -DU AN\TOSHIBA\120\3d\BON 1\FILTER\den uv\AQUAPRO\ONG THACH ANH_MIR7.ipt
07_Disinfection_and_Water_Conditioning,Industrial_UV_Sterilizer_440W_DN80,timer.iam,Assembly,127488,D:\INVENTOR_DATA\05_STANDARD_COMPONENTS\07_Disinfection_and_Water_Conditioning\Industrial_UV_Sterilizer_440W_DN80\timer.iam,D:\TAN -DU AN\TOSHIBA\120\3d\BON 1\MAY OZON\timer\timer.iam
07_Disinfection_and_Water_Conditioning,Industrial_UV_Sterilizer_440W_DN80,timer.ipt,Part,322048,D:\INVENTOR_DATA\05_STANDARD_COMPONENTS\07_Disinfection_and_Water_Conditioning\Industrial_UV_Sterilizer_440W_DN80\timer.ipt,D:\TAN -DU AN\TOSHIBA\120\3d\BON 1\FILTER\thiet bi dien\timer.ipt
07_Disinfection_and_Water_Conditioning,Magnetic_Water_Descaler_Conditioner,Magnetic_Water_Descaler_Conditioner.ipt,Part,693248,D:\INVENTOR_DATA\05_STANDARD_COMPONENTS\07_Disinfection_and_Water_Conditioning\Magnetic_Water_Descaler_Conditioner\Magnetic_Water_Descaler_Conditioner.ipt,Origin Created in Module
07_Disinfection_and_Water_Conditioning,Mini_Inline_UV_Water_Sterilizer,Mini_Inline_UV_Water_Sterilizer.ipt,Part,463360,D:\INVENTOR_DATA\05_STANDARD_COMPONENTS\07_Disinfection_and_Water_Conditioning\Mini_Inline_UV_Water_Sterilizer\Mini_Inline_UV_Water_Sterilizer.ipt,Origin Created in Module
07_Disinfection_and_Water_Conditioning,Plastic_Venturi_Chemical_Ejector_DN25,Plastic_Venturi_Chemical_Ejector_DN25.ipt,Part,519168,D:\INVENTOR_DATA\05_STANDARD_COMPONENTS\07_Disinfection_and_Water_Conditioning\Plastic_Venturi_Chemical_Ejector_DN25\Plastic_Venturi_Chemical_Ejector_DN25.ipt,Origin Created in Module
07_Disinfection_and_Water_Conditioning,Submersible_UV_Pond_Clarifier_100W,Submersible_UV_Pond_Clarifier_100W.ipt,Part,450048,D:\INVENTOR_DATA\05_STANDARD_COMPONENTS\07_Disinfection_and_Water_Conditioning\Submersible_UV_Pond_Clarifier_100W\Submersible_UV_Pond_Clarifier_100W.ipt,Origin Created in Module
07_Disinfection_and_Water_Conditioning,Submersible_UV_Pond_Clarifier_55W,Submersible_UV_Pond_Clarifier_55W.ipt,Part,449024,D:\INVENTOR_DATA\05_STANDARD_COMPONENTS\07_Disinfection_and_Water_Conditioning\Submersible_UV_Pond_Clarifier_55W\Submersible_UV_Pond_Clarifier_55W.ipt,Origin Created in Module
07_Disinfection_and_Water_Conditioning,UV_Sterilizer_System_55W_SUS304_DN25,CUM.ipt,Part,207360,D:\INVENTOR_DATA\05_STANDARD_COMPONENTS\07_Disinfection_and_Water_Conditioning\UV_Sterilizer_System_55W_SUS304_DN25\CUM.ipt,D:\TAN -DU AN\TOSHIBA\120\3d\BON 1\FILTER\2m3 xuong chao\CUM.ipt
07_Disinfection_and_Water_Conditioning,UV_Sterilizer_System_55W_SUS304_DN25,CUM_MIR1.ipt,Part,194048,D:\INVENTOR_DATA\05_STANDARD_COMPONENTS\07_Disinfection_and_Water_Conditioning\UV_Sterilizer_System_55W_SUS304_DN25\CUM_MIR1.ipt,D:\TAN -DU AN\TOSHIBA\120\3d\BON 1\FILTER\2m3 xuong chao\CUM_MIR1.ipt
07_Disinfection_and_Water_Conditioning,UV_Sterilizer_System_55W_SUS304_DN25,dau chup den.ipt,Part,228352,D:\INVENTOR_DATA\05_STANDARD_COMPONENTS\07_Disinfection_and_Water_Conditioning\UV_Sterilizer_System_55W_SUS304_DN25\dau chup den.ipt,D:\TAN -DU AN\TOSHIBA\120\3d\BON 1\FILTER\0-LOC TONG HOP\1 COT 1PHIN- BOM\Workgroups\NotInProject\dau chup den.ipt
07_Disinfection_and_Water_Conditioning,UV_Sterilizer_System_55W_SUS304_DN25,DEN UV 55W.ipt,Part,154624,D:\INVENTOR_DATA\05_STANDARD_COMPONENTS\07_Disinfection_and_Water_Conditioning\UV_Sterilizer_System_55W_SUS304_DN25\DEN UV 55W.ipt,D:\TAN -DU AN\TOSHIBA\120\3d\BON 1\FILTER\0-LOC TONG HOP\1 COT 1PHIN- BOM\Workgroups\NotInProject\DEN UV 55W.ipt
07_Disinfection_and_Water_Conditioning,UV_Sterilizer_System_55W_SUS304_DN25,NAP 1.ipt,Part,172544,D:\INVENTOR_DATA\05_STANDARD_COMPONENTS\07_Disinfection_and_Water_Conditioning\UV_Sterilizer_System_55W_SUS304_DN25\NAP 1.ipt,D:\TAN -DU AN\TOSHIBA\120\3d\BON 1\FILTER\0-LOC TONG HOP\1 COT 1PHIN- BOM\Workgroups\NotInProject\NAP 1.ipt
07_Disinfection_and_Water_Conditioning,UV_Sterilizer_System_55W_SUS304_DN25,ONG THACH ANH.ipt,Part,99840,D:\INVENTOR_DATA\05_STANDARD_COMPONENTS\07_Disinfection_and_Water_Conditioning\UV_Sterilizer_System_55W_SUS304_DN25\ONG THACH ANH.ipt,D:\TAN -DU AN\TOSHIBA\120\3d\BON 1\FILTER\0-LOC TONG HOP\1 COT 1PHIN- BOM\Workgroups\NotInProject\ONG THACH ANH.ipt
07_Disinfection_and_Water_Conditioning,UV_Sterilizer_System_55W_SUS304_DN25,racco 27.ipt,Part,353792,D:\INVENTOR_DATA\05_STANDARD_COMPONENTS\07_Disinfection_and_Water_Conditioning\UV_Sterilizer_System_55W_SUS304_DN25\racco 27.ipt,D:\TAN -DU AN\TOSHIBA\120\3d\BON 1\racco 27.ipt
07_Disinfection_and_Water_Conditioning,UV_Sterilizer_System_55W_SUS304_DN25,ren trong 27.ipt,Part,239616,D:\INVENTOR_DATA\05_STANDARD_COMPONENTS\07_Disinfection_and_Water_Conditioning\UV_Sterilizer_System_55W_SUS304_DN25\ren trong 27.ipt,D:\TAN -DU AN\TOSHIBA\120\3d\BON 1\FILTER\ren trong 27.ipt
07_Disinfection_and_Water_Conditioning,UV_Sterilizer_System_55W_SUS304_DN25,ren trong 27_MIR1.ipt,Part,217088,D:\INVENTOR_DATA\05_STANDARD_COMPONENTS\07_Disinfection_and_Water_Conditioning\UV_Sterilizer_System_55W_SUS304_DN25\ren trong 27_MIR1.ipt,D:\TAN -DU AN\TOSHIBA\120\3d\BON 1\FILTER\2m3 xuong chao\ren trong 27_MIR1.ipt
07_Disinfection_and_Water_Conditioning,UV_Sterilizer_System_55W_SUS304_DN25,RON UV.ipt,Part,131072,D:\INVENTOR_DATA\05_STANDARD_COMPONENTS\07_Disinfection_and_Water_Conditioning\UV_Sterilizer_System_55W_SUS304_DN25\RON UV.ipt,D:\TAN -DU AN\TOSHIBA\120\3d\BON 1\FILTER\0-LOC TONG HOP\1 COT 1PHIN- BOM\Workgroups\NotInProject\RON UV.ipt
07_Disinfection_and_Water_Conditioning,UV_Sterilizer_System_55W_SUS304_DN25,UV 55W.iam,Assembly,454656,D:\INVENTOR_DATA\05_STANDARD_COMPONENTS\07_Disinfection_and_Water_Conditioning\UV_Sterilizer_System_55W_SUS304_DN25\UV 55W.iam,D:\TAN -DU AN\TOSHIBA\120\3d\BON 1\FILTER\2m3 xuong chao\UV 55W.iam
07_Disinfection_and_Water_Conditioning,UV_Sterilizer_System_55W_SUS304_DN25,UV55W-RT27.iam,Assembly,409088,D:\INVENTOR_DATA\05_STANDARD_COMPONENTS\07_Disinfection_and_Water_Conditioning\UV_Sterilizer_System_55W_SUS304_DN25\UV55W-RT27.iam,D:\TAN -DU AN\TOSHIBA\120\3d\BON 1\FILTER\2m3 xuong chao\01 TO REVIT\UV55W-RT27.iam
07_Disinfection_and_Water_Conditioning,UV_Sterilizer_System_55W_SUS304_DN25,UV_Sterilizer_System_55W_SUS304_DN25.iam,Main Assembly,409088,D:\INVENTOR_DATA\05_STANDARD_COMPONENTS\07_Disinfection_and_Water_Conditioning\UV_Sterilizer_System_55W_SUS304_DN25\UV_Sterilizer_System_55W_SUS304_DN25.iam,Origin Created in Module
07_Disinfection_and_Water_Conditioning,UV_Sterilizer_System_55W_SUS304_DN25,VO UV AQUAPRO 55W.ipt,Part,236544,D:\INVENTOR_DATA\05_STANDARD_COMPONENTS\07_Disinfection_and_Water_Conditioning\UV_Sterilizer_System_55W_SUS304_DN25\VO UV AQUAPRO 55W.ipt,D:\TAN -DU AN\TOSHIBA\120\3d\BON 1\FILTER\0-LOC TONG HOP\1 COT 1PHIN- BOM\Workgroups\NotInProject\VO UV AQUAPRO 55W.ipt
07_Disinfection_and_Water_Conditioning,UV_Sterilizer_System_55W_SUS304_DN25_Mirrored,CUM_MIR1_MIR.ipt,Part,194048,D:\INVENTOR_DATA\05_STANDARD_COMPONENTS\07_Disinfection_and_Water_Conditioning\UV_Sterilizer_System_55W_SUS304_DN25_Mirrored\CUM_MIR1_MIR.ipt,D:\TAN -DU AN\TOSHIBA\120\3d\BON 1\FILTER\2m3 xuong chao\CUM_MIR1_MIR.ipt
07_Disinfection_and_Water_Conditioning,UV_Sterilizer_System_55W_SUS304_DN25_Mirrored,CUM_MIR2.ipt,Part,189952,D:\INVENTOR_DATA\05_STANDARD_COMPONENTS\07_Disinfection_and_Water_Conditioning\UV_Sterilizer_System_55W_SUS304_DN25_Mirrored\CUM_MIR2.ipt,D:\TAN -DU AN\TOSHIBA\120\3d\BON 1\FILTER\2m3 xuong chao\CUM_MIR2.ipt
07_Disinfection_and_Water_Conditioning,UV_Sterilizer_System_55W_SUS304_DN25_Mirrored,dau chup den_MIR.ipt,Part,210944,D:\INVENTOR_DATA\05_STANDARD_COMPONENTS\07_Disinfection_and_Water_Conditioning\UV_Sterilizer_System_55W_SUS304_DN25_Mirrored\dau chup den_MIR.ipt,D:\TAN -DU AN\TOSHIBA\120\3d\BON 1\FILTER\2m3 xuong chao\dau chup den_MIR.ipt
07_Disinfection_and_Water_Conditioning,UV_Sterilizer_System_55W_SUS304_DN25_Mirrored,DEN UV 55W_MIR.ipt,Part,115712,D:\INVENTOR_DATA\05_STANDARD_COMPONENTS\07_Disinfection_and_Water_Conditioning\UV_Sterilizer_System_55W_SUS304_DN25_Mirrored\DEN UV 55W_MIR.ipt,D:\TAN -DU AN\TOSHIBA\120\3d\BON 1\FILTER\2m3 xuong chao\DEN UV 55W_MIR.ipt
07_Disinfection_and_Water_Conditioning,UV_Sterilizer_System_55W_SUS304_DN25_Mirrored,NAP 1_MIR.ipt,Part,239616,D:\INVENTOR_DATA\05_STANDARD_COMPONENTS\07_Disinfection_and_Water_Conditioning\UV_Sterilizer_System_55W_SUS304_DN25_Mirrored\NAP 1_MIR.ipt,D:\TAN -DU AN\TOSHIBA\120\3d\BON 1\FILTER\2m3 xuong chao\NAP 1_MIR.ipt
07_Disinfection_and_Water_Conditioning,UV_Sterilizer_System_55W_SUS304_DN25_Mirrored,ONG THACH ANH_MIR.ipt,Part,77824,D:\INVENTOR_DATA\05_STANDARD_COMPONENTS\07_Disinfection_and_Water_Conditioning\UV_Sterilizer_System_55W_SUS304_DN25_Mirrored\ONG THACH ANH_MIR.ipt,D:\TAN -DU AN\TOSHIBA\120\3d\BON 1\FILTER\2m3 xuong chao\ONG THACH ANH_MIR.ipt
07_Disinfection_and_Water_Conditioning,UV_Sterilizer_System_55W_SUS304_DN25_Mirrored,ren trong 27_MIR1_MIR.ipt,Part,205824,D:\INVENTOR_DATA\05_STANDARD_COMPONENTS\07_Disinfection_and_Water_Conditioning\UV_Sterilizer_System_55W_SUS304_DN25_Mirrored\ren trong 27_MIR1_MIR.ipt,D:\TAN -DU AN\TOSHIBA\120\3d\BON 1\FILTER\2m3 xuong chao\ren trong 27_MIR1_MIR.ipt
07_Disinfection_and_Water_Conditioning,UV_Sterilizer_System_55W_SUS304_DN25_Mirrored,ren trong 27_MIR2.ipt,Part,204288,D:\INVENTOR_DATA\05_STANDARD_COMPONENTS\07_Disinfection_and_Water_Conditioning\UV_Sterilizer_System_55W_SUS304_DN25_Mirrored\ren trong 27_MIR2.ipt,D:\TAN -DU AN\TOSHIBA\120\3d\BON 1\FILTER\2m3 xuong chao\ren trong 27_MIR2.ipt
07_Disinfection_and_Water_Conditioning,UV_Sterilizer_System_55W_SUS304_DN25_Mirrored,RON UV_MIR.ipt,Part,118784,D:\INVENTOR_DATA\05_STANDARD_COMPONENTS\07_Disinfection_and_Water_Conditioning\UV_Sterilizer_System_55W_SUS304_DN25_Mirrored\RON UV_MIR.ipt,D:\TAN -DU AN\TOSHIBA\120\3d\BON 1\FILTER\2m3 xuong chao\RON UV_MIR.ipt
07_Disinfection_and_Water_Conditioning,UV_Sterilizer_System_55W_SUS304_DN25_Mirrored,UV 55W_MIR.iam,Assembly,229376,D:\INVENTOR_DATA\05_STANDARD_COMPONENTS\07_Disinfection_and_Water_Conditioning\UV_Sterilizer_System_55W_SUS304_DN25_Mirrored\UV 55W_MIR.iam,D:\TAN -DU AN\TOSHIBA\120\3d\BON 1\FILTER\2m3 xuong chao\UV 55W_MIR.iam
07_Disinfection_and_Water_Conditioning,UV_Sterilizer_System_55W_SUS304_DN25_Mirrored,UV55W-RT27_MIR.iam,Assembly,192512,D:\INVENTOR_DATA\05_STANDARD_COMPONENTS\07_Disinfection_and_Water_Conditioning\UV_Sterilizer_System_55W_SUS304_DN25_Mirrored\UV55W-RT27_MIR.iam,D:\TAN -DU AN\TOSHIBA\120\3d\BON 1\FILTER\2m3 xuong chao\01 TO REVIT\UV55W-RT27_MIR.iam
07_Disinfection_and_Water_Conditioning,UV_Sterilizer_System_55W_SUS304_DN25_Mirrored,UV_Sterilizer_System_55W_SUS304_DN25_Mirrored.iam,Main Assembly,192512,D:\INVENTOR_DATA\05_STANDARD_COMPONENTS\07_Disinfection_and_Water_Conditioning\UV_Sterilizer_System_55W_SUS304_DN25_Mirrored\UV_Sterilizer_System_55W_SUS304_DN25_Mirrored.iam,Origin Created in Module
07_Disinfection_and_Water_Conditioning,UV_Sterilizer_System_55W_SUS304_DN25_Mirrored,VO UV AQUAPRO 55W_MIR.ipt,Part,167936,D:\INVENTOR_DATA\05_STANDARD_COMPONENTS\07_Disinfection_and_Water_Conditioning\UV_Sterilizer_System_55W_SUS304_DN25_Mirrored\VO UV AQUAPRO 55W_MIR.ipt,D:\TAN -DU AN\TOSHIBA\120\3d\BON 1\FILTER\2m3 xuong chao\VO UV AQUAPRO 55W_MIR.ipt
07_Disinfection_and_Water_Conditioning,Ultrasonic_Humidifier_Box_20Head,de vi.ipt,Part,118272,D:\INVENTOR_DATA\05_STANDARD_COMPONENTS\07_Disinfection_and_Water_Conditioning\Ultrasonic_Humidifier_Box_20Head\de vi.ipt,D:\TAN -DU AN\TOSHIBA\120\3d\BON 1\FILTER\phun suong\hop\de vi.ipt
07_Disinfection_and_Water_Conditioning,Ultrasonic_Humidifier_Box_20Head,ISO 4032 - M4 - ISO.ipt,Part,162304,D:\INVENTOR_DATA\05_STANDARD_COMPONENTS\07_Disinfection_and_Water_Conditioning\Ultrasonic_Humidifier_Box_20Head\ISO 4032 - M4 - ISO.ipt,D:\TAN -DU AN\TOSHIBA\120\3d\BON 1\FILTER\0-LOC TONG HOP\tan tan loc\Libraries\Content Center Files\en-US\ISO 4032(2)\ISO 4032 - M4 - ISO.ipt
07_Disinfection_and_Water_Conditioning,Ultrasonic_Humidifier_Box_20Head,lap hop phun suong.iam,Assembly,559616,D:\INVENTOR_DATA\05_STANDARD_COMPONENTS\07_Disinfection_and_Water_Conditioning\Ultrasonic_Humidifier_Box_20Head\lap hop phun suong.iam,D:\TAN -DU AN\TOSHIBA\120\3d\BON 1\FILTER\phun suong\hop\lap hop phun suong.iam
07_Disinfection_and_Water_Conditioning,Ultrasonic_Humidifier_Box_20Head,lap hop.iam,Assembly,232960,D:\INVENTOR_DATA\05_STANDARD_COMPONENTS\07_Disinfection_and_Water_Conditioning\Ultrasonic_Humidifier_Box_20Head\lap hop.iam,D:\TAN -DU AN\TOSHIBA\120\3d\BON 1\FILTER\phun suong\hop\lap hop.iam
07_Disinfection_and_Water_Conditioning,Ultrasonic_Humidifier_Box_20Head,NAP QUAT 1.ipt,Part,404992,D:\INVENTOR_DATA\05_STANDARD_COMPONENTS\07_Disinfection_and_Water_Conditioning\Ultrasonic_Humidifier_Box_20Head\NAP QUAT 1.ipt,D:\TAN -DU AN\TOSHIBA\120\3d\BON 1\FILTER\thiet bi dien\NAP QUAT 1.ipt
07_Disinfection_and_Water_Conditioning,Ultrasonic_Humidifier_Box_20Head,nap tren.ipt,Part,109056,D:\INVENTOR_DATA\05_STANDARD_COMPONENTS\07_Disinfection_and_Water_Conditioning\Ultrasonic_Humidifier_Box_20Head\nap tren.ipt,D:\TAN -DU AN\TOSHIBA\120\3d\BON 1\FILTER\phun suong\hop\nap tren.ipt
07_Disinfection_and_Water_Conditioning,Ultrasonic_Humidifier_Box_20Head,phao co nho.ipt,Part,386560,D:\INVENTOR_DATA\05_STANDARD_COMPONENTS\07_Disinfection_and_Water_Conditioning\Ultrasonic_Humidifier_Box_20Head\phao co nho.ipt,D:\TAN -DU AN\TOSHIBA\120\3d\BON 1\FILTER\phun suong\phao co nho.ipt
07_Disinfection_and_Water_Conditioning,Ultrasonic_Humidifier_Box_20Head,quat hut.ipt,Part,502272,D:\INVENTOR_DATA\05_STANDARD_COMPONENTS\07_Disinfection_and_Water_Conditioning\Ultrasonic_Humidifier_Box_20Head\quat hut.ipt,D:\TAN -DU AN\TOSHIBA\120\3d\BON 1\MAY OZON\quat hut.ipt
07_Disinfection_and_Water_Conditioning,Ultrasonic_Humidifier_Box_20Head,tam day.ipt,Part,151040,D:\INVENTOR_DATA\05_STANDARD_COMPONENTS\07_Disinfection_and_Water_Conditioning\Ultrasonic_Humidifier_Box_20Head\tam day.ipt,D:\TAN -DU AN\TOSHIBA\120\3d\BON 1\FILTER\phun suong\hop\tam day.ipt
07_Disinfection_and_Water_Conditioning,Ultrasonic_Humidifier_Box_20Head,tam hong dai.ipt,Part,173568,D:\INVENTOR_DATA\05_STANDARD_COMPONENTS\07_Disinfection_and_Water_Conditioning\Ultrasonic_Humidifier_Box_20Head\tam hong dai.ipt,D:\TAN -DU AN\TOSHIBA\120\3d\BON 1\FILTER\phun suong\hop\tam hong dai.ipt
07_Disinfection_and_Water_Conditioning,Ultrasonic_Humidifier_Box_20Head,tam hong dai_MIR.ipt,Part,154624,D:\INVENTOR_DATA\05_STANDARD_COMPONENTS\07_Disinfection_and_Water_Conditioning\Ultrasonic_Humidifier_Box_20Head\tam hong dai_MIR.ipt,D:\TAN -DU AN\TOSHIBA\120\3d\BON 1\FILTER\phun suong\hop\tam hong dai_MIR.ipt
07_Disinfection_and_Water_Conditioning,Ultrasonic_Humidifier_Box_20Head,tam hong ngan 2.ipt,Part,199168,D:\INVENTOR_DATA\05_STANDARD_COMPONENTS\07_Disinfection_and_Water_Conditioning\Ultrasonic_Humidifier_Box_20Head\tam hong ngan 2.ipt,D:\TAN -DU AN\TOSHIBA\120\3d\BON 1\FILTER\phun suong\hop\tam hong ngan 2.ipt
07_Disinfection_and_Water_Conditioning,Ultrasonic_Humidifier_Box_20Head,tam hong ngan.ipt,Part,166400,D:\INVENTOR_DATA\05_STANDARD_COMPONENTS\07_Disinfection_and_Water_Conditioning\Ultrasonic_Humidifier_Box_20Head\tam hong ngan.ipt,D:\TAN -DU AN\TOSHIBA\120\3d\BON 1\FILTER\phun suong\hop\tam hong ngan.ipt
07_Disinfection_and_Water_Conditioning,Ultrasonic_Humidifier_Box_20Head,Ultrasonic_Humidifier_Box_20Head.iam,Main Assembly,559616,D:\INVENTOR_DATA\05_STANDARD_COMPONENTS\07_Disinfection_and_Water_Conditioning\Ultrasonic_Humidifier_Box_20Head\Ultrasonic_Humidifier_Box_20Head.iam,Origin Created in Module
07_Disinfection_and_Water_Conditioning,Ultrasonic_Humidifier_Box_20Head,vach.ipt,Part,94720,D:\INVENTOR_DATA\05_STANDARD_COMPONENTS\07_Disinfection_and_Water_Conditioning\Ultrasonic_Humidifier_Box_20Head\vach.ipt,D:\TAN -DU AN\TOSHIBA\120\3d\BON 1\FILTER\phun suong\hop\vach.ipt
07_Disinfection_and_Water_Conditioning,Ultrasonic_Humidifier_Box_20Head,vi 10 mat.ipt,Part,760832,D:\INVENTOR_DATA\05_STANDARD_COMPONENTS\07_Disinfection_and_Water_Conditioning\Ultrasonic_Humidifier_Box_20Head\vi 10 mat.ipt,D:\TAN -DU AN\TOSHIBA\120\3d\BON 1\FILTER\phun suong\vi 10 mat.ipt
07_Disinfection_and_Water_Conditioning,Ultrasonic_Mist_Maker_10Head_48V,Ultrasonic_Mist_Maker_10Head_48V.ipt,Part,760832,D:\INVENTOR_DATA\05_STANDARD_COMPONENTS\07_Disinfection_and_Water_Conditioning\Ultrasonic_Mist_Maker_10Head_48V\Ultrasonic_Mist_Maker_10Head_48V.ipt,Origin Created in Module
07_Disinfection_and_Water_Conditioning,Venturi_Aeration_Ejector_DN80_SS304,buong thu khi.ipt,Part,126464,D:\INVENTOR_DATA\05_STANDARD_COMPONENTS\07_Disinfection_and_Water_Conditioning\Venturi_Aeration_Ejector_DN80_SS304\buong thu khi.ipt,D:\TAN -DU AN\TOSHIBA\120\3d\BON 1\FILTER\EJECTOR\buong thu khi.ipt
07_Disinfection_and_Water_Conditioning,Venturi_Aeration_Ejector_DN80_SS304,dau ra 1.ipt,Part,108544,D:\INVENTOR_DATA\05_STANDARD_COMPONENTS\07_Disinfection_and_Water_Conditioning\Venturi_Aeration_Ejector_DN80_SS304\dau ra 1.ipt,D:\TAN -DU AN\TOSHIBA\120\3d\BON 1\FILTER\EJECTOR\dau ra 1.ipt
07_Disinfection_and_Water_Conditioning,Venturi_Aeration_Ejector_DN80_SS304,lap ejector.iam,Assembly,201216,D:\INVENTOR_DATA\05_STANDARD_COMPONENTS\07_Disinfection_and_Water_Conditioning\Venturi_Aeration_Ejector_DN80_SS304\lap ejector.iam,D:\TAN -DU AN\TOSHIBA\120\3d\BON 1\FILTER\EJECTOR\lap ejector.iam
07_Disinfection_and_Water_Conditioning,Venturi_Aeration_Ejector_DN80_SS304,mat bich.ipt,Part,150528,D:\INVENTOR_DATA\05_STANDARD_COMPONENTS\07_Disinfection_and_Water_Conditioning\Venturi_Aeration_Ejector_DN80_SS304\mat bich.ipt,D:\TAN -DU AN\TOSHIBA\120\3d\BON 1\FILTER\EJECTOR\mat bich.ipt
07_Disinfection_and_Water_Conditioning,Venturi_Aeration_Ejector_DN80_SS304,ong loe nuoc vao.ipt,Part,123904,D:\INVENTOR_DATA\05_STANDARD_COMPONENTS\07_Disinfection_and_Water_Conditioning\Venturi_Aeration_Ejector_DN80_SS304\ong loe nuoc vao.ipt,D:\TAN -DU AN\TOSHIBA\120\3d\BON 1\FILTER\EJECTOR\ong loe nuoc vao.ipt
07_Disinfection_and_Water_Conditioning,Venturi_Aeration_Ejector_DN80_SS304,ong loe ra.ipt,Part,122368,D:\INVENTOR_DATA\05_STANDARD_COMPONENTS\07_Disinfection_and_Water_Conditioning\Venturi_Aeration_Ejector_DN80_SS304\ong loe ra.ipt,D:\TAN -DU AN\TOSHIBA\120\3d\BON 1\FILTER\EJECTOR\ong loe ra.ipt
07_Disinfection_and_Water_Conditioning,Venturi_Aeration_Ejector_DN80_SS304,ong ra 2.ipt,Part,125952,D:\INVENTOR_DATA\05_STANDARD_COMPONENTS\07_Disinfection_and_Water_Conditioning\Venturi_Aeration_Ejector_DN80_SS304\ong ra 2.ipt,D:\TAN -DU AN\TOSHIBA\120\3d\BON 1\FILTER\EJECTOR\ong ra 2.ipt
07_Disinfection_and_Water_Conditioning,Venturi_Aeration_Ejector_DN80_SS304,ren trong khi vao.ipt,Part,134144,D:\INVENTOR_DATA\05_STANDARD_COMPONENTS\07_Disinfection_and_Water_Conditioning\Venturi_Aeration_Ejector_DN80_SS304\ren trong khi vao.ipt,D:\TAN -DU AN\TOSHIBA\120\3d\BON 1\FILTER\EJECTOR\ren trong khi vao.ipt
07_Disinfection_and_Water_Conditioning,Venturi_Aeration_Ejector_DN80_SS304,Venturi_Aeration_Ejector_DN80_SS304.iam,Main Assembly,201216,D:\INVENTOR_DATA\05_STANDARD_COMPONENTS\07_Disinfection_and_Water_Conditioning\Venturi_Aeration_Ejector_DN80_SS304\Venturi_Aeration_Ejector_DN80_SS304.iam,Origin Created in Module
08_Instrumentation_and_Analyzers,Air_Gas_Panel_Flowmeter_With_Valve,Air_Gas_Panel_Flowmeter_With_Valve.iam,Main Assembly,192512,D:\INVENTOR_DATA\05_STANDARD_COMPONENTS\08_Instrumentation_and_Analyzers\Air_Gas_Panel_Flowmeter_With_Valve\Air_Gas_Panel_Flowmeter_With_Valve.iam,Origin Created in Module
08_Instrumentation_and_Analyzers,Air_Gas_Panel_Flowmeter_With_Valve,bi 10.ipt,Part,160768,D:\INVENTOR_DATA\05_STANDARD_COMPONENTS\08_Instrumentation_and_Analyzers\Air_Gas_Panel_Flowmeter_With_Valve\bi 10.ipt,D:\TAN -DU AN\TOSHIBA\120\3d\BON 1\FILTER\0-LOC TONG HOP\nano bubble\Workgroups\NotInProject\bi 10.ipt
08_Instrumentation_and_Analyzers,Air_Gas_Panel_Flowmeter_With_Valve,KEP RN21.ipt,Part,127488,D:\INVENTOR_DATA\05_STANDARD_COMPONENTS\08_Instrumentation_and_Analyzers\Air_Gas_Panel_Flowmeter_With_Valve\KEP RN21.ipt,D:\TAN -DU AN\TOSHIBA\120\3d\BON 1\FILTER\0-LOC TONG HOP\nano bubble\Workgroups\NotInProject\KEP RN21.ipt
08_Instrumentation_and_Analyzers,Air_Gas_Panel_Flowmeter_With_Valve,Lap luu luong ke do khi.iam,Assembly,192512,D:\INVENTOR_DATA\05_STANDARD_COMPONENTS\08_Instrumentation_and_Analyzers\Air_Gas_Panel_Flowmeter_With_Valve\Lap luu luong ke do khi.iam,D:\TAN -DU AN\TOSHIBA\120\3d\BON 1\FILTER\0-LOC TONG HOP\nano bubble\Workgroups\NotInProject\Lap luu luong ke do khi.iam
08_Instrumentation_and_Analyzers,Air_Gas_Panel_Flowmeter_With_Valve,Num van.ipt,Part,97280,D:\INVENTOR_DATA\05_STANDARD_COMPONENTS\08_Instrumentation_and_Analyzers\Air_Gas_Panel_Flowmeter_With_Valve\Num van.ipt,D:\TAN -DU AN\TOSHIBA\120\3d\BON 1\FILTER\0-LOC TONG HOP\nano bubble\Workgroups\NotInProject\Num van.ipt
08_Instrumentation_and_Analyzers,Air_Gas_Panel_Flowmeter_With_Valve,Nut bit tren.ipt,Part,113152,D:\INVENTOR_DATA\05_STANDARD_COMPONENTS\08_Instrumentation_and_Analyzers\Air_Gas_Panel_Flowmeter_With_Valve\Nut bit tren.ipt,D:\TAN -DU AN\TOSHIBA\120\3d\BON 1\FILTER\0-LOC TONG HOP\nano bubble\Workgroups\NotInProject\Nut bit tren.ipt
08_Instrumentation_and_Analyzers,Air_Gas_Panel_Flowmeter_With_Valve,Vo.ipt,Part,120832,D:\INVENTOR_DATA\05_STANDARD_COMPONENTS\08_Instrumentation_and_Analyzers\Air_Gas_Panel_Flowmeter_With_Valve\Vo.ipt,D:\TAN -DU AN\TOSHIBA\120\3d\BON 1\FILTER\0-LOC TONG HOP\nano bubble\Workgroups\NotInProject\Vo.ipt
08_Instrumentation_and_Analyzers,Brass_Magnetic_Flow_Switch_DN20_34,Brass_Magnetic_Flow_Switch_DN20_34.ipt,Part,368128,D:\INVENTOR_DATA\05_STANDARD_COMPONENTS\08_Instrumentation_and_Analyzers\Brass_Magnetic_Flow_Switch_DN20_34\Brass_Magnetic_Flow_Switch_DN20_34.ipt,Origin Created in Module
08_Instrumentation_and_Analyzers,Differential_Pressure_Transmitter_4_20mA,Differential_Pressure_Transmitter_4_20mA.ipt,Part,647680,D:\INVENTOR_DATA\05_STANDARD_COMPONENTS\08_Instrumentation_and_Analyzers\Differential_Pressure_Transmitter_4_20mA\Differential_Pressure_Transmitter_4_20mA.ipt,Origin Created in Module
08_Instrumentation_and_Analyzers,EDI_Megaohm_Resistivity_Sensor_SUS316,bushing 27-21 ren.ipt,Part,288768,D:\INVENTOR_DATA\05_STANDARD_COMPONENTS\08_Instrumentation_and_Analyzers\EDI_Megaohm_Resistivity_Sensor_SUS316\bushing 27-21 ren.ipt,D:\TAN -DU AN\TOSHIBA\120\3d\BON 1\DAI VIET\lap cam bien\bushing 27-21 ren.ipt
08_Instrumentation_and_Analyzers,EDI_Megaohm_Resistivity_Sensor_SUS316,dien cuc megaohm.ipt,Part,838656,D:\INVENTOR_DATA\05_STANDARD_COMPONENTS\08_Instrumentation_and_Analyzers\EDI_Megaohm_Resistivity_Sensor_SUS316\dien cuc megaohm.ipt,D:\TAN -DU AN\TOSHIBA\120\3d\BON 1\DAI VIET\MEGAOHM\dien cuc megaohm.ipt
08_Instrumentation_and_Analyzers,EDI_Megaohm_Resistivity_Sensor_SUS316,EDI_Megaohm_Resistivity_Sensor_SUS316.ipt,Part,838656,D:\INVENTOR_DATA\05_STANDARD_COMPONENTS\08_Instrumentation_and_Analyzers\EDI_Megaohm_Resistivity_Sensor_SUS316\EDI_Megaohm_Resistivity_Sensor_SUS316.ipt,Origin Created in Module
08_Instrumentation_and_Analyzers,EDI_Megaohm_Resistivity_Sensor_SUS316,lap cam bien megaohm.iam,Assembly,428544,D:\INVENTOR_DATA\05_STANDARD_COMPONENTS\08_Instrumentation_and_Analyzers\EDI_Megaohm_Resistivity_Sensor_SUS316\lap cam bien megaohm.iam,D:\TAN -DU AN\TOSHIBA\120\3d\BON 1\DAI VIET\MEGAOHM\lap cam bien megaohm.iam
08_Instrumentation_and_Analyzers,EDI_Megaohm_Resistivity_Sensor_SUS316,ong d27 100mm.ipt,Part,275456,D:\INVENTOR_DATA\05_STANDARD_COMPONENTS\08_Instrumentation_and_Analyzers\EDI_Megaohm_Resistivity_Sensor_SUS316\ong d27 100mm.ipt,D:\TAN -DU AN\TOSHIBA\120\3d\BON 1\DAI VIET\MEGAOHM\ong d27 100mm.ipt
08_Instrumentation_and_Analyzers,EDI_Megaohm_Resistivity_Sensor_SUS316,PVC LAP CAM BIEN.iam,Assembly,294400,D:\INVENTOR_DATA\05_STANDARD_COMPONENTS\08_Instrumentation_and_Analyzers\EDI_Megaohm_Resistivity_Sensor_SUS316\PVC LAP CAM BIEN.iam,D:\TAN -DU AN\TOSHIBA\120\3d\BON 1\DAI VIET\lap cam bien\PVC LAP CAM BIEN.iam
08_Instrumentation_and_Analyzers,EDI_Megaohm_Resistivity_Sensor_SUS316,TE27 DL.ipt,Part,318464,D:\INVENTOR_DATA\05_STANDARD_COMPONENTS\08_Instrumentation_and_Analyzers\EDI_Megaohm_Resistivity_Sensor_SUS316\TE27 DL.ipt,D:\TAN -DU AN\TOSHIBA\120\3d\BON 1\DAI VIET\lap cam bien\TE27 DL.ipt
08_Instrumentation_and_Analyzers,Electromagnetic_Flowmeter_DN50,Electromagnetic_Flowmeter_DN50.ipt,Part,272384,D:\INVENTOR_DATA\05_STANDARD_COMPONENTS\08_Instrumentation_and_Analyzers\Electromagnetic_Flowmeter_DN50\Electromagnetic_Flowmeter_DN50.ipt,Origin Created in Module
08_Instrumentation_and_Analyzers,Electromagnetic_Flowmeter_DN65,Electromagnetic_Flowmeter_DN65.ipt,Part,434688,D:\INVENTOR_DATA\05_STANDARD_COMPONENTS\08_Instrumentation_and_Analyzers\Electromagnetic_Flowmeter_DN65\Electromagnetic_Flowmeter_DN65.ipt,Origin Created in Module
08_Instrumentation_and_Analyzers,Electromagnetic_Flowmeter_DN65_Flanged,Electromagnetic_Flowmeter_DN65_Flanged.iam,Main Assembly,349696,D:\INVENTOR_DATA\05_STANDARD_COMPONENTS\08_Instrumentation_and_Analyzers\Electromagnetic_Flowmeter_DN65_Flanged\Electromagnetic_Flowmeter_DN65_Flanged.iam,Origin Created in Module
08_Instrumentation_and_Analyzers,Electromagnetic_Flowmeter_DN65_Flanged,flowmeter DN65.ipt,Part,434688,D:\INVENTOR_DATA\05_STANDARD_COMPONENTS\08_Instrumentation_and_Analyzers\Electromagnetic_Flowmeter_DN65_Flanged\flowmeter DN65.ipt,D:\TAN -DU AN\TOSHIBA\120\3d\BON 1\FILTER\luu luong ke\FLOWMETER DIEN TU\flowmeter DN65.ipt
08_Instrumentation_and_Analyzers,Electromagnetic_Flowmeter_DN65_Flanged,ISO 4017 - M12 x 25DIN EN A2-70 (ST_STL).ipt,Part,193024,D:\INVENTOR_DATA\05_STANDARD_COMPONENTS\08_Instrumentation_and_Analyzers\Electromagnetic_Flowmeter_DN65_Flanged\ISO 4017 - M12 x 25DIN EN A2-70 (ST_STL).ipt,D:\TAN -DU AN\TOSHIBA\120\3d\BON 1\FILTER\RO CONTAINER\ISO CONTAINER - 1AAA  - (HICUBE) 40' (12m)\ISO 4017 - M12 x 25DIN EN A2-70 (ST_STL).ipt
08_Instrumentation_and_Analyzers,Electromagnetic_Flowmeter_DN65_Flanged,ISO 4017 - M16 x 100 - ISO.ipt,Part,190464,D:\INVENTOR_DATA\05_STANDARD_COMPONENTS\08_Instrumentation_and_Analyzers\Electromagnetic_Flowmeter_DN65_Flanged\ISO 4017 - M16 x 100 - ISO.ipt,D:\TAN -DU AN\TOSHIBA\120\3d\BON 1\FILTER\0-LOC TONG HOP\XLNT toshiba\Libraries\Content Center Files\en-US\ISO 4017(1)\ISO 4017 - M16 x 100 - ISO.ipt
08_Instrumentation_and_Analyzers,Electromagnetic_Flowmeter_DN65_Flanged,ISO 4017 - M16 x 60 - ISO.ipt,Part,192512,D:\INVENTOR_DATA\05_STANDARD_COMPONENTS\08_Instrumentation_and_Analyzers\Electromagnetic_Flowmeter_DN65_Flanged\ISO 4017 - M16 x 60 - ISO.ipt,D:\TAN -DU AN\TOSHIBA\120\3d\BON 1\FILTER\0-LOC TONG HOP\XLNT toshiba\Libraries\Content Center Files\en-US\ISO 4017(1)\ISO 4017 - M16 x 60 - ISO.ipt
08_Instrumentation_and_Analyzers,Electromagnetic_Flowmeter_DN65_Flanged,ISO 4032 - M12DIN EN A2-70 (ST_STL).ipt,Part,163840,D:\INVENTOR_DATA\05_STANDARD_COMPONENTS\08_Instrumentation_and_Analyzers\Electromagnetic_Flowmeter_DN65_Flanged\ISO 4032 - M12DIN EN A2-70 (ST_STL).ipt,D:\TAN -DU AN\TOSHIBA\120\3d\BON 1\FILTER\RO CONTAINER\ISO CONTAINER - 1AAA  - (HICUBE) 40' (12m)\ISO 4032 - M12DIN EN A2-70 (ST_STL).ipt
08_Instrumentation_and_Analyzers,Electromagnetic_Flowmeter_DN65_Flanged,ISO 4032 - M14 - ISO.ipt,Part,163840,D:\INVENTOR_DATA\05_STANDARD_COMPONENTS\08_Instrumentation_and_Analyzers\Electromagnetic_Flowmeter_DN65_Flanged\ISO 4032 - M14 - ISO.ipt,D:\TAN -DU AN\TOSHIBA\120\3d\BON 1\FILTER\0-LOC TONG HOP\XLNT toshiba\Libraries\Content Center Files\en-US\ISO 4032(2)\ISO 4032 - M14 - ISO.ipt
08_Instrumentation_and_Analyzers,Electromagnetic_Flowmeter_DN65_Flanged,ISO 4032 - M16 - ISO.ipt,Part,164352,D:\INVENTOR_DATA\05_STANDARD_COMPONENTS\08_Instrumentation_and_Analyzers\Electromagnetic_Flowmeter_DN65_Flanged\ISO 4032 - M16 - ISO.ipt,D:\TAN -DU AN\TOSHIBA\120\3d\BON 1\FILTER\0-LOC TONG HOP\XLNT toshiba\Libraries\Content Center Files\en-US\ISO 4032(2)\ISO 4032 - M16 - ISO.ipt
08_Instrumentation_and_Analyzers,Electromagnetic_Flowmeter_DN65_Flanged,ISO 4032 - M4 - ISO.ipt,Part,162304,D:\INVENTOR_DATA\05_STANDARD_COMPONENTS\08_Instrumentation_and_Analyzers\Electromagnetic_Flowmeter_DN65_Flanged\ISO 4032 - M4 - ISO.ipt,D:\TAN -DU AN\TOSHIBA\120\3d\BON 1\FILTER\0-LOC TONG HOP\tan tan loc\Libraries\Content Center Files\en-US\ISO 4032(2)\ISO 4032 - M4 - ISO.ipt
08_Instrumentation_and_Analyzers,Electromagnetic_Flowmeter_DN65_Flanged,ISO 4032 - M6 - ISO.ipt,Part,165888,D:\INVENTOR_DATA\05_STANDARD_COMPONENTS\08_Instrumentation_and_Analyzers\Electromagnetic_Flowmeter_DN65_Flanged\ISO 4032 - M6 - ISO.ipt,D:\TAN -DU AN\TOSHIBA\120\3d\BON 1\FILTER\ISO 4032 - M6 - ISO.ipt
08_Instrumentation_and_Analyzers,Electromagnetic_Flowmeter_DN65_Flanged,ISO 7089 - 12 - 140 HV(1).ipt,Part,106496,D:\INVENTOR_DATA\05_STANDARD_COMPONENTS\08_Instrumentation_and_Analyzers\Electromagnetic_Flowmeter_DN65_Flanged\ISO 7089 - 12 - 140 HV(1).ipt,D:\TAN -DU AN\TOSHIBA\120\3d\BON 1\FILTER\0-LOC TONG HOP\XLNT toshiba\Libraries\Content Center Files\en-US\ISO 7089\ISO 7089 - 12 - 140 HV(1).ipt
08_Instrumentation_and_Analyzers,Electromagnetic_Flowmeter_DN65_Flanged,ISO 7089 - 16 - 140 HV(1).ipt,Part,106496,D:\INVENTOR_DATA\05_STANDARD_COMPONENTS\08_Instrumentation_and_Analyzers\Electromagnetic_Flowmeter_DN65_Flanged\ISO 7089 - 16 - 140 HV(1).ipt,D:\TAN -DU AN\TOSHIBA\120\3d\BON 1\FILTER\0-LOC TONG HOP\XLNT toshiba\Libraries\Content Center Files\en-US\ISO 7089\ISO 7089 - 16 - 140 HV(1).ipt
08_Instrumentation_and_Analyzers,Electromagnetic_Flowmeter_DN65_Flanged,ISO 7089 - 8 - 140 HV(1).ipt,Part,106496,D:\INVENTOR_DATA\05_STANDARD_COMPONENTS\08_Instrumentation_and_Analyzers\Electromagnetic_Flowmeter_DN65_Flanged\ISO 7089 - 8 - 140 HV(1).ipt,D:\TAN -DU AN\TOSHIBA\120\3d\BON 1\FILTER\0-LOC TONG HOP\XLNT toshiba\Libraries\Content Center Files\en-US\ISO 7089\ISO 7089 - 8 - 140 HV(1).ipt
08_Instrumentation_and_Analyzers,Electromagnetic_Flowmeter_DN65_Flanged,ISO 7092 - ST 14 - 140 HV.ipt,Part,108544,D:\INVENTOR_DATA\05_STANDARD_COMPONENTS\08_Instrumentation_and_Analyzers\Electromagnetic_Flowmeter_DN65_Flanged\ISO 7092 - ST 14 - 140 HV.ipt,D:\TAN -DU AN\TOSHIBA\120\3d\BON 1\FILTER\0-LOC TONG HOP\XLNT toshiba\Libraries\Content Center Files\en-US\ISO 7092\ISO 7092 - ST 14 - 140 HV.ipt
08_Instrumentation_and_Analyzers,Electromagnetic_Flowmeter_DN65_Flanged,ISO 8673 - M14 x 1.5ISO.ipt,Part,164352,D:\INVENTOR_DATA\05_STANDARD_COMPONENTS\08_Instrumentation_and_Analyzers\Electromagnetic_Flowmeter_DN65_Flanged\ISO 8673 - M14 x 1.5ISO.ipt,D:\TAN -DU AN\TOSHIBA\120\3d\BON 1\FILTER\ISO 8673 - M14 x 1.5ISO.ipt
08_Instrumentation_and_Analyzers,Electromagnetic_Flowmeter_DN65_Flanged,ISO 8676 - M10 x 1 x 30 - ISO.ipt,Part,192512,D:\INVENTOR_DATA\05_STANDARD_COMPONENTS\08_Instrumentation_and_Analyzers\Electromagnetic_Flowmeter_DN65_Flanged\ISO 8676 - M10 x 1 x 30 - ISO.ipt,D:\TAN -DU AN\TOSHIBA\120\3d\BON 1\FILTER\0-LOC TONG HOP\THUNG SIEU LOC\Libraries\Content Center Files\en-US\ISO 8676(2)\ISO 8676 - M10 x 1 x 30 - ISO.ipt
08_Instrumentation_and_Analyzers,Electromagnetic_Flowmeter_DN65_Flanged,ISO 8676 - M10 x 1 x 55 - ISO.ipt,Part,190464,D:\INVENTOR_DATA\05_STANDARD_COMPONENTS\08_Instrumentation_and_Analyzers\Electromagnetic_Flowmeter_DN65_Flanged\ISO 8676 - M10 x 1 x 55 - ISO.ipt,D:\TAN -DU AN\TOSHIBA\120\3d\BON 1\FILTER\0-LOC TONG HOP\HE SIEU LOC\Libraries\Content Center Files\en-US\ISO 8676(2)\ISO 8676 - M10 x 1 x 55 - ISO.ipt
08_Instrumentation_and_Analyzers,Electromagnetic_Flowmeter_DN65_Flanged,ISO 8676 - M10 x 1 x 60 - ISO.ipt,Part,189952,D:\INVENTOR_DATA\05_STANDARD_COMPONENTS\08_Instrumentation_and_Analyzers\Electromagnetic_Flowmeter_DN65_Flanged\ISO 8676 - M10 x 1 x 60 - ISO.ipt,D:\TAN -DU AN\TOSHIBA\120\3d\BON 1\FILTER\0-LOC TONG HOP\tan tan loc\Libraries\Content Center Files\en-US\ISO 8676(2)\ISO 8676 - M10 x 1 x 60 - ISO.ipt
08_Instrumentation_and_Analyzers,Electromagnetic_Flowmeter_DN65_Flanged,ISO 8676 - M10 x 1 x 80 - ISO.ipt,Part,188928,D:\INVENTOR_DATA\05_STANDARD_COMPONENTS\08_Instrumentation_and_Analyzers\Electromagnetic_Flowmeter_DN65_Flanged\ISO 8676 - M10 x 1 x 80 - ISO.ipt,D:\TAN -DU AN\TOSHIBA\120\3d\BON 1\FILTER\0-LOC TONG HOP\tan tan loc\Libraries\Content Center Files\en-US\ISO 8676(2)\ISO 8676 - M10 x 1 x 80 - ISO.ipt
08_Instrumentation_and_Analyzers,Electromagnetic_Flowmeter_DN65_Flanged,ISO 8676 - M16 x 1.5 x 100 - ISO.ipt,Part,189952,D:\INVENTOR_DATA\05_STANDARD_COMPONENTS\08_Instrumentation_and_Analyzers\Electromagnetic_Flowmeter_DN65_Flanged\ISO 8676 - M16 x 1.5 x 100 - ISO.ipt,D:\TAN -DU AN\TOSHIBA\120\3d\BON 1\FILTER\0-LOC TONG HOP\XLNT toshiba\Libraries\Content Center Files\en-US\ISO 8676(2)\ISO 8676 - M16 x 1.5 x 100 - ISO.ipt
08_Instrumentation_and_Analyzers,Electromagnetic_Flowmeter_DN65_Flanged,ISO 8676 - M16 x 1.5 x 90 - ISO.ipt,Part,190464,D:\INVENTOR_DATA\05_STANDARD_COMPONENTS\08_Instrumentation_and_Analyzers\Electromagnetic_Flowmeter_DN65_Flanged\ISO 8676 - M16 x 1.5 x 90 - ISO.ipt,D:\TAN -DU AN\TOSHIBA\120\3d\BON 1\FILTER\0-LOC TONG HOP\XLNT toshiba\Libraries\Content Center Files\en-US\ISO 8676(2)\ISO 8676 - M16 x 1.5 x 90 - ISO.ipt
08_Instrumentation_and_Analyzers,Electromagnetic_Flowmeter_DN65_Flanged,ISO 8676 - M8 x 1 x 45 - ISO.ipt,Part,190464,D:\INVENTOR_DATA\05_STANDARD_COMPONENTS\08_Instrumentation_and_Analyzers\Electromagnetic_Flowmeter_DN65_Flanged\ISO 8676 - M8 x 1 x 45 - ISO.ipt,D:\TAN -DU AN\TOSHIBA\120\3d\BON 1\FILTER\0-LOC TONG HOP\nano bubble\Libraries\Content Center Files\en-US\ISO 8676(2)\ISO 8676 - M8 x 1 x 45 - ISO.ipt
08_Instrumentation_and_Analyzers,Electromagnetic_Flowmeter_DN65_Flanged,ISO 8676 - M8 x 1 x 50 - ISO.ipt,Part,189952,D:\INVENTOR_DATA\05_STANDARD_COMPONENTS\08_Instrumentation_and_Analyzers\Electromagnetic_Flowmeter_DN65_Flanged\ISO 8676 - M8 x 1 x 50 - ISO.ipt,D:\TAN -DU AN\TOSHIBA\120\3d\BON 1\FILTER\0-LOC TONG HOP\LOC TONG LAP RAP\Libraries\Content Center Files\en-US\ISO 8676(2)\ISO 8676 - M8 x 1 x 50 - ISO.ipt
08_Instrumentation_and_Analyzers,Electromagnetic_Flowmeter_DN65_Flanged,ISO 8676 - M8 x 1 x 55 - ISO.ipt,Part,189952,D:\INVENTOR_DATA\05_STANDARD_COMPONENTS\08_Instrumentation_and_Analyzers\Electromagnetic_Flowmeter_DN65_Flanged\ISO 8676 - M8 x 1 x 55 - ISO.ipt,D:\TAN -DU AN\TOSHIBA\120\3d\BON 1\FILTER\0-LOC TONG HOP\tan tan loc\Libraries\Content Center Files\en-US\ISO 8676(2)\ISO 8676 - M8 x 1 x 55 - ISO.ipt
08_Instrumentation_and_Analyzers,Electromagnetic_Flowmeter_DN65_Flanged,LAP MB LUU LUONG KE DN65.iam,Assembly,349696,D:\INVENTOR_DATA\05_STANDARD_COMPONENTS\08_Instrumentation_and_Analyzers\Electromagnetic_Flowmeter_DN65_Flanged\LAP MB LUU LUONG KE DN65.iam,D:\TAN -DU AN\TOSHIBA\120\3d\BON 1\FILTER\luu luong ke\FLOWMETER DIEN TU\LAP MB LUU LUONG KE DN65.iam
08_Instrumentation_and_Analyzers,Electromagnetic_Flowmeter_DN65_Flanged,MAT BICH nhua 76.ipt,Part,369152,D:\INVENTOR_DATA\05_STANDARD_COMPONENTS\08_Instrumentation_and_Analyzers\Electromagnetic_Flowmeter_DN65_Flanged\MAT BICH nhua 76.ipt,D:\TAN -DU AN\TOSHIBA\120\3d\BON 1\FILTER\MAT BICH nhua 76.ipt
08_Instrumentation_and_Analyzers,Hydrostatic_Submersible_Level_Sensor,Hydrostatic_Submersible_Level_Sensor.ipt,Part,395264,D:\INVENTOR_DATA\05_STANDARD_COMPONENTS\08_Instrumentation_and_Analyzers\Hydrostatic_Submersible_Level_Sensor\Hydrostatic_Submersible_Level_Sensor.ipt,Origin Created in Module
08_Instrumentation_and_Analyzers,Hydrostatic_Submersible_Level_Sensor,man hinh.ipt,Part,4131840,D:\INVENTOR_DATA\05_STANDARD_COMPONENTS\08_Instrumentation_and_Analyzers\Hydrostatic_Submersible_Level_Sensor\man hinh.ipt,D:\TAN -DU AN\TOSHIBA\120\3d\BON 1\DAI VIET\IOT\muc nuoc\man hinh.ipt
08_Instrumentation_and_Analyzers,Industrial_Pressure_Transmitter_4_20mA,Industrial_Pressure_Transmitter_4_20mA.ipt,Part,433152,D:\INVENTOR_DATA\05_STANDARD_COMPONENTS\08_Instrumentation_and_Analyzers\Industrial_Pressure_Transmitter_4_20mA\Industrial_Pressure_Transmitter_4_20mA.ipt,Origin Created in Module
08_Instrumentation_and_Analyzers,Industrial_Submersible_pH_Sensor_Probe,Industrial_Submersible_pH_Sensor_Probe.ipt,Part,632320,D:\INVENTOR_DATA\05_STANDARD_COMPONENTS\08_Instrumentation_and_Analyzers\Industrial_Submersible_pH_Sensor_Probe\Industrial_Submersible_pH_Sensor_Probe.ipt,Origin Created in Module
08_Instrumentation_and_Analyzers,Industrial_pH_ORP_Electrode_Sensor,Industrial_pH_ORP_Electrode_Sensor.ipt,Part,447488,D:\INVENTOR_DATA\05_STANDARD_COMPONENTS\08_Instrumentation_and_Analyzers\Industrial_pH_ORP_Electrode_Sensor\Industrial_pH_ORP_Electrode_Sensor.ipt,Origin Created in Module
08_Instrumentation_and_Analyzers,Inline_Conductivity_EC_Sensor_SUS316,Inline_Conductivity_EC_Sensor_SUS316.ipt,Part,541696,D:\INVENTOR_DATA\05_STANDARD_COMPONENTS\08_Instrumentation_and_Analyzers\Inline_Conductivity_EC_Sensor_SUS316\Inline_Conductivity_EC_Sensor_SUS316.ipt,Origin Created in Module
08_Instrumentation_and_Analyzers,Inline_Water_TDS_Probe_Sensor,Inline_Water_TDS_Probe_Sensor.ipt,Part,217600,D:\INVENTOR_DATA\05_STANDARD_COMPONENTS\08_Instrumentation_and_Analyzers\Inline_Water_TDS_Probe_Sensor\Inline_Water_TDS_Probe_Sensor.ipt,Origin Created in Module
08_Instrumentation_and_Analyzers,Lohand_LHD6901_Water_Quality_Controller,Lohand_LHD6901_Water_Quality_Controller.ipt,Part,886272,D:\INVENTOR_DATA\05_STANDARD_COMPONENTS\08_Instrumentation_and_Analyzers\Lohand_LHD6901_Water_Quality_Controller\Lohand_LHD6901_Water_Quality_Controller.ipt,Origin Created in Module
08_Instrumentation_and_Analyzers,Lohand_Residual_Chlorine_Flow_Cell,bushing 27-21 ren - Copy.ipt,Part,382976,D:\INVENTOR_DATA\05_STANDARD_COMPONENTS\08_Instrumentation_and_Analyzers\Lohand_Residual_Chlorine_Flow_Cell\bushing 27-21 ren - Copy.ipt,D:\TAN -DU AN\TOSHIBA\120\3d\BON 1\phu kien nhua\bushing 27-21 ren - Copy.ipt
08_Instrumentation_and_Analyzers,Lohand_Residual_Chlorine_Flow_Cell,clo.ipt,Part,457728,D:\INVENTOR_DATA\05_STANDARD_COMPONENTS\08_Instrumentation_and_Analyzers\Lohand_Residual_Chlorine_Flow_Cell\clo.ipt,D:\TAN -DU AN\TOSHIBA\120\3d\BON 1\DAI VIET\LOHAND\clo.ipt
08_Instrumentation_and_Analyzers,Lohand_Residual_Chlorine_Flow_Cell,CO RN13-8.ipt,Part,428032,D:\INVENTOR_DATA\05_STANDARD_COMPONENTS\08_Instrumentation_and_Analyzers\Lohand_Residual_Chlorine_Flow_Cell\CO RN13-8.ipt,D:\TAN -DU AN\TOSHIBA\120\3d\BON 1\DAI VIET\LOHAND\CO RN13-8.ipt
08_Instrumentation_and_Analyzers,Lohand_Residual_Chlorine_Flow_Cell,CO RN21-12.ipt,Part,419328,D:\INVENTOR_DATA\05_STANDARD_COMPONENTS\08_Instrumentation_and_Analyzers\Lohand_Residual_Chlorine_Flow_Cell\CO RN21-12.ipt,D:\TAN -DU AN\TOSHIBA\120\3d\BON 1\DAI VIET\LOHAND\CO RN21-12.ipt
08_Instrumentation_and_Analyzers,Lohand_Residual_Chlorine_Flow_Cell,CO RN21-8.ipt,Part,424448,D:\INVENTOR_DATA\05_STANDARD_COMPONENTS\08_Instrumentation_and_Analyzers\Lohand_Residual_Chlorine_Flow_Cell\CO RN21-8.ipt,D:\TAN -DU AN\TOSHIBA\120\3d\BON 1\DAI VIET\LOHAND\CO RN21-8.ipt
08_Instrumentation_and_Analyzers,Lohand_Residual_Chlorine_Flow_Cell,DO DUC.ipt,Part,453120,D:\INVENTOR_DATA\05_STANDARD_COMPONENTS\08_Instrumentation_and_Analyzers\Lohand_Residual_Chlorine_Flow_Cell\DO DUC.ipt,D:\TAN -DU AN\TOSHIBA\120\3d\BON 1\DAI VIET\LOHAND\DO DUC.ipt
08_Instrumentation_and_Analyzers,Lohand_Residual_Chlorine_Flow_Cell,FC DEN.ipt,Part,748032,D:\INVENTOR_DATA\05_STANDARD_COMPONENTS\08_Instrumentation_and_Analyzers\Lohand_Residual_Chlorine_Flow_Cell\FC DEN.ipt,D:\TAN -DU AN\TOSHIBA\120\3d\BON 1\DAI VIET\LOHAND\FC DEN.ipt
08_Instrumentation_and_Analyzers,Lohand_Residual_Chlorine_Flow_Cell,FLOWCELL CLO.ipt,Part,588288,D:\INVENTOR_DATA\05_STANDARD_COMPONENTS\08_Instrumentation_and_Analyzers\Lohand_Residual_Chlorine_Flow_Cell\FLOWCELL CLO.ipt,D:\TAN -DU AN\TOSHIBA\120\3d\BON 1\DAI VIET\LOHAND\FLOWCELL CLO.ipt
08_Instrumentation_and_Analyzers,Lohand_Residual_Chlorine_Flow_Cell,lap FC DEN.iam,Assembly,543744,D:\INVENTOR_DATA\05_STANDARD_COMPONENTS\08_Instrumentation_and_Analyzers\Lohand_Residual_Chlorine_Flow_Cell\lap FC DEN.iam,D:\TAN -DU AN\TOSHIBA\120\3d\BON 1\DAI VIET\LOHAND\lap FC DEN.iam
08_Instrumentation_and_Analyzers,Lohand_Residual_Chlorine_Flow_Cell,LAP FC XANH.iam,Assembly,588800,D:\INVENTOR_DATA\05_STANDARD_COMPONENTS\08_Instrumentation_and_Analyzers\Lohand_Residual_Chlorine_Flow_Cell\LAP FC XANH.iam,D:\TAN -DU AN\TOSHIBA\120\3d\BON 1\DAI VIET\LOHAND\LAP FC XANH.iam
08_Instrumentation_and_Analyzers,Lohand_Residual_Chlorine_Flow_Cell,LH D6901.ipt,Part,886272,D:\INVENTOR_DATA\05_STANDARD_COMPONENTS\08_Instrumentation_and_Analyzers\Lohand_Residual_Chlorine_Flow_Cell\LH D6901.ipt,D:\TAN -DU AN\TOSHIBA\120\3d\BON 1\DAI VIET\LOHAND\LH D6901.ipt
08_Instrumentation_and_Analyzers,Lohand_Residual_Chlorine_Flow_Cell,Lohand_Residual_Chlorine_Flow_Cell.iam,Main Assembly,588800,D:\INVENTOR_DATA\05_STANDARD_COMPONENTS\08_Instrumentation_and_Analyzers\Lohand_Residual_Chlorine_Flow_Cell\Lohand_Residual_Chlorine_Flow_Cell.iam,Origin Created in Module
08_Instrumentation_and_Analyzers,Lohand_Residual_Chlorine_Flow_Cell,NUT RN21.ipt,Part,317952,D:\INVENTOR_DATA\05_STANDARD_COMPONENTS\08_Instrumentation_and_Analyzers\Lohand_Residual_Chlorine_Flow_Cell\NUT RN21.ipt,D:\TAN -DU AN\TOSHIBA\120\3d\BON 1\DAI VIET\LOHAND\NUT RN21.ipt
08_Instrumentation_and_Analyzers,Lohand_Residual_Chlorine_Flow_Cell,van day 12.ipt,Part,388608,D:\INVENTOR_DATA\05_STANDARD_COMPONENTS\08_Instrumentation_and_Analyzers\Lohand_Residual_Chlorine_Flow_Cell\van day 12.ipt,D:\TAN -DU AN\TOSHIBA\120\3d\BON 1\DAI VIET\LOHAND\van day 12.ipt
08_Instrumentation_and_Analyzers,Lohand_Residual_Chlorine_Flow_Cell,VAN GOC 8.ipt,Part,417280,D:\INVENTOR_DATA\05_STANDARD_COMPONENTS\08_Instrumentation_and_Analyzers\Lohand_Residual_Chlorine_Flow_Cell\VAN GOC 8.ipt,D:\TAN -DU AN\TOSHIBA\120\3d\BON 1\DAI VIET\LOHAND\VAN GOC 8.ipt
08_Instrumentation_and_Analyzers,Lohand_Turbidity_Sensor_Flow_Cell,bushing 27-21 ren - Copy.ipt,Part,382976,D:\INVENTOR_DATA\05_STANDARD_COMPONENTS\08_Instrumentation_and_Analyzers\Lohand_Turbidity_Sensor_Flow_Cell\bushing 27-21 ren - Copy.ipt,D:\TAN -DU AN\TOSHIBA\120\3d\BON 1\phu kien nhua\bushing 27-21 ren - Copy.ipt
08_Instrumentation_and_Analyzers,Lohand_Turbidity_Sensor_Flow_Cell,clo.ipt,Part,457728,D:\INVENTOR_DATA\05_STANDARD_COMPONENTS\08_Instrumentation_and_Analyzers\Lohand_Turbidity_Sensor_Flow_Cell\clo.ipt,D:\TAN -DU AN\TOSHIBA\120\3d\BON 1\DAI VIET\LOHAND\clo.ipt
08_Instrumentation_and_Analyzers,Lohand_Turbidity_Sensor_Flow_Cell,CO RN13-8.ipt,Part,428032,D:\INVENTOR_DATA\05_STANDARD_COMPONENTS\08_Instrumentation_and_Analyzers\Lohand_Turbidity_Sensor_Flow_Cell\CO RN13-8.ipt,D:\TAN -DU AN\TOSHIBA\120\3d\BON 1\DAI VIET\LOHAND\CO RN13-8.ipt
08_Instrumentation_and_Analyzers,Lohand_Turbidity_Sensor_Flow_Cell,CO RN21-12.ipt,Part,419328,D:\INVENTOR_DATA\05_STANDARD_COMPONENTS\08_Instrumentation_and_Analyzers\Lohand_Turbidity_Sensor_Flow_Cell\CO RN21-12.ipt,D:\TAN -DU AN\TOSHIBA\120\3d\BON 1\DAI VIET\LOHAND\CO RN21-12.ipt
08_Instrumentation_and_Analyzers,Lohand_Turbidity_Sensor_Flow_Cell,CO RN21-8.ipt,Part,424448,D:\INVENTOR_DATA\05_STANDARD_COMPONENTS\08_Instrumentation_and_Analyzers\Lohand_Turbidity_Sensor_Flow_Cell\CO RN21-8.ipt,D:\TAN -DU AN\TOSHIBA\120\3d\BON 1\DAI VIET\LOHAND\CO RN21-8.ipt
08_Instrumentation_and_Analyzers,Lohand_Turbidity_Sensor_Flow_Cell,DO DUC.ipt,Part,453120,D:\INVENTOR_DATA\05_STANDARD_COMPONENTS\08_Instrumentation_and_Analyzers\Lohand_Turbidity_Sensor_Flow_Cell\DO DUC.ipt,D:\TAN -DU AN\TOSHIBA\120\3d\BON 1\DAI VIET\LOHAND\DO DUC.ipt
08_Instrumentation_and_Analyzers,Lohand_Turbidity_Sensor_Flow_Cell,FC DEN.ipt,Part,748032,D:\INVENTOR_DATA\05_STANDARD_COMPONENTS\08_Instrumentation_and_Analyzers\Lohand_Turbidity_Sensor_Flow_Cell\FC DEN.ipt,D:\TAN -DU AN\TOSHIBA\120\3d\BON 1\DAI VIET\LOHAND\FC DEN.ipt
08_Instrumentation_and_Analyzers,Lohand_Turbidity_Sensor_Flow_Cell,FLOWCELL CLO.ipt,Part,588288,D:\INVENTOR_DATA\05_STANDARD_COMPONENTS\08_Instrumentation_and_Analyzers\Lohand_Turbidity_Sensor_Flow_Cell\FLOWCELL CLO.ipt,D:\TAN -DU AN\TOSHIBA\120\3d\BON 1\DAI VIET\LOHAND\FLOWCELL CLO.ipt
08_Instrumentation_and_Analyzers,Lohand_Turbidity_Sensor_Flow_Cell,lap FC DEN.iam,Assembly,543744,D:\INVENTOR_DATA\05_STANDARD_COMPONENTS\08_Instrumentation_and_Analyzers\Lohand_Turbidity_Sensor_Flow_Cell\lap FC DEN.iam,D:\TAN -DU AN\TOSHIBA\120\3d\BON 1\DAI VIET\LOHAND\lap FC DEN.iam
08_Instrumentation_and_Analyzers,Lohand_Turbidity_Sensor_Flow_Cell,LAP FC XANH.iam,Assembly,588800,D:\INVENTOR_DATA\05_STANDARD_COMPONENTS\08_Instrumentation_and_Analyzers\Lohand_Turbidity_Sensor_Flow_Cell\LAP FC XANH.iam,D:\TAN -DU AN\TOSHIBA\120\3d\BON 1\DAI VIET\LOHAND\LAP FC XANH.iam
08_Instrumentation_and_Analyzers,Lohand_Turbidity_Sensor_Flow_Cell,LH D6901.ipt,Part,886272,D:\INVENTOR_DATA\05_STANDARD_COMPONENTS\08_Instrumentation_and_Analyzers\Lohand_Turbidity_Sensor_Flow_Cell\LH D6901.ipt,D:\TAN -DU AN\TOSHIBA\120\3d\BON 1\DAI VIET\LOHAND\LH D6901.ipt
08_Instrumentation_and_Analyzers,Lohand_Turbidity_Sensor_Flow_Cell,Lohand_Turbidity_Sensor_Flow_Cell.iam,Main Assembly,543744,D:\INVENTOR_DATA\05_STANDARD_COMPONENTS\08_Instrumentation_and_Analyzers\Lohand_Turbidity_Sensor_Flow_Cell\Lohand_Turbidity_Sensor_Flow_Cell.iam,Origin Created in Module
08_Instrumentation_and_Analyzers,Lohand_Turbidity_Sensor_Flow_Cell,NUT RN21.ipt,Part,317952,D:\INVENTOR_DATA\05_STANDARD_COMPONENTS\08_Instrumentation_and_Analyzers\Lohand_Turbidity_Sensor_Flow_Cell\NUT RN21.ipt,D:\TAN -DU AN\TOSHIBA\120\3d\BON 1\DAI VIET\LOHAND\NUT RN21.ipt
08_Instrumentation_and_Analyzers,Lohand_Turbidity_Sensor_Flow_Cell,van day 12.ipt,Part,388608,D:\INVENTOR_DATA\05_STANDARD_COMPONENTS\08_Instrumentation_and_Analyzers\Lohand_Turbidity_Sensor_Flow_Cell\van day 12.ipt,D:\TAN -DU AN\TOSHIBA\120\3d\BON 1\DAI VIET\LOHAND\van day 12.ipt
08_Instrumentation_and_Analyzers,Lohand_Turbidity_Sensor_Flow_Cell,VAN GOC 8.ipt,Part,417280,D:\INVENTOR_DATA\05_STANDARD_COMPONENTS\08_Instrumentation_and_Analyzers\Lohand_Turbidity_Sensor_Flow_Cell\VAN GOC 8.ipt,D:\TAN -DU AN\TOSHIBA\120\3d\BON 1\DAI VIET\LOHAND\VAN GOC 8.ipt
08_Instrumentation_and_Analyzers,Mini_Panel_Flowmeter_2LPM_Valve,Mini_Panel_Flowmeter_2LPM_Valve.ipt,Part,601600,D:\INVENTOR_DATA\05_STANDARD_COMPONENTS\08_Instrumentation_and_Analyzers\Mini_Panel_Flowmeter_2LPM_Valve\Mini_Panel_Flowmeter_2LPM_Valve.ipt,Origin Created in Module
08_Instrumentation_and_Analyzers,Mini_Panel_Flowmeter_600ml_Valve,Mini_Panel_Flowmeter_600ml_Valve.ipt,Part,1662976,D:\INVENTOR_DATA\05_STANDARD_COMPONENTS\08_Instrumentation_and_Analyzers\Mini_Panel_Flowmeter_600ml_Valve\Mini_Panel_Flowmeter_600ml_Valve.ipt,Origin Created in Module
08_Instrumentation_and_Analyzers,Mini_Pulse_Flow_Sensor_10mm,Mini_Pulse_Flow_Sensor_10mm.ipt,Part,893952,D:\INVENTOR_DATA\05_STANDARD_COMPONENTS\08_Instrumentation_and_Analyzers\Mini_Pulse_Flow_Sensor_10mm\Mini_Pulse_Flow_Sensor_10mm.ipt,Origin Created in Module
08_Instrumentation_and_Analyzers,Panel_Mount_Flowmeter_4_8m3h_DN20,Panel_Mount_Flowmeter_4_8m3h_DN20.ipt,Part,1350144,D:\INVENTOR_DATA\05_STANDARD_COMPONENTS\08_Instrumentation_and_Analyzers\Panel_Mount_Flowmeter_4_8m3h_DN20\Panel_Mount_Flowmeter_4_8m3h_DN20.ipt,Origin Created in Module
08_Instrumentation_and_Analyzers,Panel_Mount_Flowmeter_DN15_D21,cuc ll.ipt,Part,113664,D:\INVENTOR_DATA\05_STANDARD_COMPONENTS\08_Instrumentation_and_Analyzers\Panel_Mount_Flowmeter_DN15_D21\cuc ll.ipt,D:\TAN -DU AN\TOSHIBA\120\3d\BON 1\FILTER\luu luong ke\cuc ll.ipt
08_Instrumentation_and_Analyzers,Panel_Mount_Flowmeter_DN15_D21,llk 21.iam,Assembly,246272,D:\INVENTOR_DATA\05_STANDARD_COMPONENTS\08_Instrumentation_and_Analyzers\Panel_Mount_Flowmeter_DN15_D21\llk 21.iam,D:\TAN -DU AN\TOSHIBA\120\3d\BON 1\FILTER\luu luong ke\llk 21.iam
08_Instrumentation_and_Analyzers,Panel_Mount_Flowmeter_DN15_D21,Panel_Mount_Flowmeter_DN15_D21.iam,Main Assembly,246272,D:\INVENTOR_DATA\05_STANDARD_COMPONENTS\08_Instrumentation_and_Analyzers\Panel_Mount_Flowmeter_DN15_D21\Panel_Mount_Flowmeter_DN15_D21.iam,Origin Created in Module
08_Instrumentation_and_Analyzers,Panel_Mount_Flowmeter_DN15_D21,ren 21.ipt,Part,333824,D:\INVENTOR_DATA\05_STANDARD_COMPONENTS\08_Instrumentation_and_Analyzers\Panel_Mount_Flowmeter_DN15_D21\ren 21.ipt,D:\TAN -DU AN\TOSHIBA\120\3d\BON 1\FILTER\luu luong ke\ren 21.ipt
08_Instrumentation_and_Analyzers,Panel_Mount_Flowmeter_DN15_D21,thanh luu luong trong - 21.ipt,Part,381440,D:\INVENTOR_DATA\05_STANDARD_COMPONENTS\08_Instrumentation_and_Analyzers\Panel_Mount_Flowmeter_DN15_D21\thanh luu luong trong - 21.ipt,D:\TAN -DU AN\TOSHIBA\120\3d\BON 1\FILTER\luu luong ke\thanh luu luong trong - 21.ipt
08_Instrumentation_and_Analyzers,Panel_Mount_Flowmeter_DN15_D21,vo luu luong - 21.ipt,Part,356864,D:\INVENTOR_DATA\05_STANDARD_COMPONENTS\08_Instrumentation_and_Analyzers\Panel_Mount_Flowmeter_DN15_D21\vo luu luong - 21.ipt,D:\TAN -DU AN\TOSHIBA\120\3d\BON 1\FILTER\luu luong ke\vo luu luong - 21.ipt
08_Instrumentation_and_Analyzers,Panel_Mount_Flowmeter_DN20_D27,cuc ll.ipt,Part,113664,D:\INVENTOR_DATA\05_STANDARD_COMPONENTS\08_Instrumentation_and_Analyzers\Panel_Mount_Flowmeter_DN20_D27\cuc ll.ipt,D:\TAN -DU AN\TOSHIBA\120\3d\BON 1\FILTER\luu luong ke\cuc ll.ipt
08_Instrumentation_and_Analyzers,Panel_Mount_Flowmeter_DN20_D27,lap luu luong ke - 27.iam,Assembly,393216,D:\INVENTOR_DATA\05_STANDARD_COMPONENTS\08_Instrumentation_and_Analyzers\Panel_Mount_Flowmeter_DN20_D27\lap luu luong ke - 27.iam,D:\TAN -DU AN\TOSHIBA\120\3d\BON 1\FILTER\luu luong ke\lap luu luong ke - 27.iam
08_Instrumentation_and_Analyzers,Panel_Mount_Flowmeter_DN20_D27,Panel_Mount_Flowmeter_DN20_D27.iam,Main Assembly,393216,D:\INVENTOR_DATA\05_STANDARD_COMPONENTS\08_Instrumentation_and_Analyzers\Panel_Mount_Flowmeter_DN20_D27\Panel_Mount_Flowmeter_DN20_D27.iam,Origin Created in Module
08_Instrumentation_and_Analyzers,Panel_Mount_Flowmeter_DN20_D27,racco 27.ipt,Part,581120,D:\INVENTOR_DATA\05_STANDARD_COMPONENTS\08_Instrumentation_and_Analyzers\Panel_Mount_Flowmeter_DN20_D27\racco 27.ipt,D:\TAN -DU AN\TOSHIBA\120\3d\BON 1\FILTER\2m3 xuong chao\racco 27.ipt
08_Instrumentation_and_Analyzers,Panel_Mount_Flowmeter_DN20_D27,ren 32 - Copy.ipt,Part,140288,D:\INVENTOR_DATA\05_STANDARD_COMPONENTS\08_Instrumentation_and_Analyzers\Panel_Mount_Flowmeter_DN20_D27\ren 32 - Copy.ipt,D:\TAN -DU AN\TOSHIBA\120\3d\BON 1\FILTER\luu luong ke\ren 32 - Copy.ipt
08_Instrumentation_and_Analyzers,Panel_Mount_Flowmeter_DN20_D27,REN NGOAI 27.ipt,Part,236032,D:\INVENTOR_DATA\05_STANDARD_COMPONENTS\08_Instrumentation_and_Analyzers\Panel_Mount_Flowmeter_DN20_D27\REN NGOAI 27.ipt,D:\TAN -DU AN\TOSHIBA\120\3d\BON 1\phu kien nhua\REN NGOAI 27.ipt
08_Instrumentation_and_Analyzers,Panel_Mount_Flowmeter_DN20_D27,thanh luu luong trong.ipt,Part,211456,D:\INVENTOR_DATA\05_STANDARD_COMPONENTS\08_Instrumentation_and_Analyzers\Panel_Mount_Flowmeter_DN20_D27\thanh luu luong trong.ipt,D:\TAN -DU AN\TOSHIBA\120\3d\BON 1\FILTER\luu luong ke\thanh luu luong trong.ipt
08_Instrumentation_and_Analyzers,Panel_Mount_Flowmeter_DN20_D27,vo luu luong.ipt,Part,156672,D:\INVENTOR_DATA\05_STANDARD_COMPONENTS\08_Instrumentation_and_Analyzers\Panel_Mount_Flowmeter_DN20_D27\vo luu luong.ipt,D:\TAN -DU AN\TOSHIBA\120\3d\BON 1\FILTER\luu luong ke\vo luu luong.ipt
08_Instrumentation_and_Analyzers,Panel_Mount_Pressure_Gauge,Panel_Mount_Pressure_Gauge.ipt,Part,302080,D:\INVENTOR_DATA\05_STANDARD_COMPONENTS\08_Instrumentation_and_Analyzers\Panel_Mount_Pressure_Gauge\Panel_Mount_Pressure_Gauge.ipt,Origin Created in Module
08_Instrumentation_and_Analyzers,Panel_Mount_Pressure_Gauge_D100_Back,Panel_Mount_Pressure_Gauge_D100_Back.ipt,Part,2433024,D:\INVENTOR_DATA\05_STANDARD_COMPONENTS\08_Instrumentation_and_Analyzers\Panel_Mount_Pressure_Gauge_D100_Back\Panel_Mount_Pressure_Gauge_D100_Back.ipt,Origin Created in Module
08_Instrumentation_and_Analyzers,Panel_Mount_Pressure_Gauge_D60_Back,Panel_Mount_Pressure_Gauge_D60_Back.ipt,Part,1699840,D:\INVENTOR_DATA\05_STANDARD_COMPONENTS\08_Instrumentation_and_Analyzers\Panel_Mount_Pressure_Gauge_D60_Back\Panel_Mount_Pressure_Gauge_D60_Back.ipt,Origin Created in Module
08_Instrumentation_and_Analyzers,Plastic_EC_Conductivity_Sensor_CON1134,Plastic_EC_Conductivity_Sensor_CON1134.ipt,Part,603648,D:\INVENTOR_DATA\05_STANDARD_COMPONENTS\08_Instrumentation_and_Analyzers\Plastic_EC_Conductivity_Sensor_CON1134\Plastic_EC_Conductivity_Sensor_CON1134.ipt,Origin Created in Module
08_Instrumentation_and_Analyzers,Pressure_Gauge_Siphon_Tube_DN15_SS,Pressure_Gauge_Siphon_Tube_DN15_SS.ipt,Part,478720,D:\INVENTOR_DATA\05_STANDARD_COMPONENTS\08_Instrumentation_and_Analyzers\Pressure_Gauge_Siphon_Tube_DN15_SS\Pressure_Gauge_Siphon_Tube_DN15_SS.ipt,Origin Created in Module
08_Instrumentation_and_Analyzers,ProMinent_pH_Sensor_DULCOTEST,ProMinent_pH_Sensor_DULCOTEST.ipt,Part,368128,D:\INVENTOR_DATA\05_STANDARD_COMPONENTS\08_Instrumentation_and_Analyzers\ProMinent_pH_Sensor_DULCOTEST\ProMinent_pH_Sensor_DULCOTEST.ipt,Origin Created in Module
08_Instrumentation_and_Analyzers,Pulse_Output_Flow_Sensor_DN25,Pulse_Output_Flow_Sensor_DN25.ipt,Part,731648,D:\INVENTOR_DATA\05_STANDARD_COMPONENTS\08_Instrumentation_and_Analyzers\Pulse_Output_Flow_Sensor_DN25\Pulse_Output_Flow_Sensor_DN25.ipt,Origin Created in Module
08_Instrumentation_and_Analyzers,Pulse_Output_Flow_Sensor_DN40,Pulse_Output_Flow_Sensor_DN40.ipt,Part,612352,D:\INVENTOR_DATA\05_STANDARD_COMPONENTS\08_Instrumentation_and_Analyzers\Pulse_Output_Flow_Sensor_DN40\Pulse_Output_Flow_Sensor_DN40.ipt,Origin Created in Module
08_Instrumentation_and_Analyzers,ROC_CCT3300_Conductivity_Monitor,ROC_CCT3300_Conductivity_Monitor.ipt,Part,11604480,D:\INVENTOR_DATA\05_STANDARD_COMPONENTS\08_Instrumentation_and_Analyzers\ROC_CCT3300_Conductivity_Monitor\ROC_CCT3300_Conductivity_Monitor.ipt,Origin Created in Module
08_Instrumentation_and_Analyzers,RO_Pump_Discharge_Pressure_Station,CA RA 21-13.ipt,Part,194048,D:\INVENTOR_DATA\05_STANDARD_COMPONENTS\08_Instrumentation_and_Analyzers\RO_Pump_Discharge_Pressure_Station\CA RA 21-13.ipt,D:\TAN -DU AN\TOSHIBA\120\3d\BON 1\FILTER\CA RA 21-13.ipt
08_Instrumentation_and_Analyzers,RO_Pump_Discharge_Pressure_Station,cam bien sau bom cao ap.iam,Assembly,1398272,D:\INVENTOR_DATA\05_STANDARD_COMPONENTS\08_Instrumentation_and_Analyzers\RO_Pump_Discharge_Pressure_Station\cam bien sau bom cao ap.iam,D:\TAN -DU AN\TOSHIBA\120\3d\BON 1\FILTER\cam bien ap suat\cam bien sau bom cao ap.iam
08_Instrumentation_and_Analyzers,RO_Pump_Discharge_Pressure_Station,cam bien sau bom ro.Route01.ipt,Part,85504,D:\INVENTOR_DATA\05_STANDARD_COMPONENTS\08_Instrumentation_and_Analyzers\RO_Pump_Discharge_Pressure_Station\cam bien sau bom ro.Route01.ipt,D:\TAN -DU AN\TOSHIBA\120\3d\BON 1\FILTER\cam bien ap suat\cam bien sau bom ro\AIP\Tube and Pipe\Run01\cam bien sau bom ro.Route01.ipt
08_Instrumentation_and_Analyzers,RO_Pump_Discharge_Pressure_Station,cam bien sau bom ro.Route02.ipt,Part,85504,D:\INVENTOR_DATA\05_STANDARD_COMPONENTS\08_Instrumentation_and_Analyzers\RO_Pump_Discharge_Pressure_Station\cam bien sau bom ro.Route02.ipt,D:\TAN -DU AN\TOSHIBA\120\3d\BON 1\FILTER\cam bien ap suat\cam bien sau bom ro\AIP\Tube and Pipe\Run01\cam bien sau bom ro.Route02.ipt
08_Instrumentation_and_Analyzers,RO_Pump_Discharge_Pressure_Station,cam bien sau bom ro.Run01.iam,Assembly,108032,D:\INVENTOR_DATA\05_STANDARD_COMPONENTS\08_Instrumentation_and_Analyzers\RO_Pump_Discharge_Pressure_Station\cam bien sau bom ro.Run01.iam,D:\TAN -DU AN\TOSHIBA\120\3d\BON 1\FILTER\cam bien ap suat\cam bien sau bom ro\AIP\Tube and Pipe\Run01\cam bien sau bom ro.Run01.iam
08_Instrumentation_and_Analyzers,RO_Pump_Discharge_Pressure_Station,cam bien sau bom ro.Tube and Pipe Runs.iam,Assembly,289792,D:\INVENTOR_DATA\05_STANDARD_COMPONENTS\08_Instrumentation_and_Analyzers\RO_Pump_Discharge_Pressure_Station\cam bien sau bom ro.Tube and Pipe Runs.iam,D:\TAN -DU AN\TOSHIBA\120\3d\BON 1\FILTER\cam bien ap suat\cam bien sau bom ro\AIP\Tube and Pipe\cam bien sau bom ro.Tube and Pipe Runs.iam
08_Instrumentation_and_Analyzers,RO_Pump_Discharge_Pressure_Station,cong tac ap.ipt,Part,531968,D:\INVENTOR_DATA\05_STANDARD_COMPONENTS\08_Instrumentation_and_Analyzers\RO_Pump_Discharge_Pressure_Station\cong tac ap.ipt,D:\TAN -DU AN\TOSHIBA\120\3d\BON 1\FILTER\cong tac ap.ipt
08_Instrumentation_and_Analyzers,RO_Pump_Discharge_Pressure_Station,cong tac dien tu.ipt,Part,167936,D:\INVENTOR_DATA\05_STANDARD_COMPONENTS\08_Instrumentation_and_Analyzers\RO_Pump_Discharge_Pressure_Station\cong tac dien tu.ipt,D:\TAN -DU AN\TOSHIBA\120\3d\BON 1\FILTER\cam bien\cong tac dien tu.ipt
08_Instrumentation_and_Analyzers,RO_Pump_Discharge_Pressure_Station,dong ho ap 100.ipt,Part,1563648,D:\INVENTOR_DATA\05_STANDARD_COMPONENTS\08_Instrumentation_and_Analyzers\RO_Pump_Discharge_Pressure_Station\dong ho ap 100.ipt,D:\TAN -DU AN\TOSHIBA\120\3d\BON 1\FILTER\dong ho ap\dong ho ap 100.ipt
08_Instrumentation_and_Analyzers,RO_Pump_Discharge_Pressure_Station,kep 21 tren ong 60.ipt,Part,158208,D:\INVENTOR_DATA\05_STANDARD_COMPONENTS\08_Instrumentation_and_Analyzers\RO_Pump_Discharge_Pressure_Station\kep 21 tren ong 60.ipt,D:\TAN -DU AN\TOSHIBA\120\3d\BON 1\FILTER\phu kien inox\kep 21 tren ong 60.ipt
08_Instrumentation_and_Analyzers,RO_Pump_Discharge_Pressure_Station,pipipe.1600152426274.ipt,Part,143872,D:\INVENTOR_DATA\05_STANDARD_COMPONENTS\08_Instrumentation_and_Analyzers\RO_Pump_Discharge_Pressure_Station\pipipe.1600152426274.ipt,D:\TAN -DU AN\TOSHIBA\120\3d\BON 1\FILTER\cam bien ap suat\cam bien sau bom ro\AIP\Tube and Pipe\Run01\pipipe.1600152426274.ipt
08_Instrumentation_and_Analyzers,RO_Pump_Discharge_Pressure_Station,pipipe.1600152468030.ipt,Part,215040,D:\INVENTOR_DATA\05_STANDARD_COMPONENTS\08_Instrumentation_and_Analyzers\RO_Pump_Discharge_Pressure_Station\pipipe.1600152468030.ipt,D:\TAN -DU AN\TOSHIBA\120\3d\BON 1\FILTER\cam bien ap suat\cam bien sau bom ro\AIP\Tube and Pipe\Run01\pipipe.1600152468030.ipt
08_Instrumentation_and_Analyzers,RO_Pump_Discharge_Pressure_Station,ren ngoai 21 ong 10.ipt,Part,352768,D:\INVENTOR_DATA\05_STANDARD_COMPONENTS\08_Instrumentation_and_Analyzers\RO_Pump_Discharge_Pressure_Station\ren ngoai 21 ong 10.ipt,D:\TAN -DU AN\TOSHIBA\120\3d\BON 1\FILTER\bon frp 4272\ren ngoai 21 ong 10.ipt
08_Instrumentation_and_Analyzers,RO_Pump_Discharge_Pressure_Station,REN NGOAI 21.ipt,Part,144384,D:\INVENTOR_DATA\05_STANDARD_COMPONENTS\08_Instrumentation_and_Analyzers\RO_Pump_Discharge_Pressure_Station\REN NGOAI 21.ipt,D:\TAN -DU AN\TOSHIBA\120\3d\BON 1\FILTER\phu kien inox\REN NGOAI 21.ipt
08_Instrumentation_and_Analyzers,RO_Pump_Discharge_Pressure_Station,RO_Pump_Discharge_Pressure_Station.iam,Main Assembly,1398272,D:\INVENTOR_DATA\05_STANDARD_COMPONENTS\08_Instrumentation_and_Analyzers\RO_Pump_Discharge_Pressure_Station\RO_Pump_Discharge_Pressure_Station.iam,Origin Created in Module
08_Instrumentation_and_Analyzers,RO_Pump_Discharge_Pressure_Station,te 21.ipt,Part,299008,D:\INVENTOR_DATA\05_STANDARD_COMPONENTS\08_Instrumentation_and_Analyzers\RO_Pump_Discharge_Pressure_Station\te 21.ipt,D:\TAN -DU AN\TOSHIBA\120\3d\BON 1\FILTER\phu kien inox\te 21.ipt
08_Instrumentation_and_Analyzers,RO_Pump_Discharge_Pressure_Station,VAN 21.ipt,Part,253440,D:\INVENTOR_DATA\05_STANDARD_COMPONENTS\08_Instrumentation_and_Analyzers\RO_Pump_Discharge_Pressure_Station\VAN 21.ipt,D:\TAN -DU AN\TOSHIBA\120\3d\BON 1\FILTER\phu kien inox\VAN 21.ipt
08_Instrumentation_and_Analyzers,RO_Pump_Discharge_Pressure_Station,xiphong.ipt,Part,478720,D:\INVENTOR_DATA\05_STANDARD_COMPONENTS\08_Instrumentation_and_Analyzers\RO_Pump_Discharge_Pressure_Station\xiphong.ipt,D:\TAN -DU AN\TOSHIBA\120\3d\BON 1\FILTER\phu kien inox\xiphong.ipt
08_Instrumentation_and_Analyzers,Remond_Digital_EC_Sensor_RS485,Remond_Digital_EC_Sensor_RS485.ipt,Part,543232,D:\INVENTOR_DATA\05_STANDARD_COMPONENTS\08_Instrumentation_and_Analyzers\Remond_Digital_EC_Sensor_RS485\Remond_Digital_EC_Sensor_RS485.ipt,Origin Created in Module
08_Instrumentation_and_Analyzers,Remond_Digital_pH_Sensor_RS485,Remond_Digital_pH_Sensor_RS485.ipt,Part,558080,D:\INVENTOR_DATA\05_STANDARD_COMPONENTS\08_Instrumentation_and_Analyzers\Remond_Digital_pH_Sensor_RS485\Remond_Digital_pH_Sensor_RS485.ipt,Origin Created in Module
08_Instrumentation_and_Analyzers,Rotameter_Flowmeter_PPR_Union_DN25,LLK34-RN34 - PPR.iam,Assembly,187904,D:\INVENTOR_DATA\05_STANDARD_COMPONENTS\08_Instrumentation_and_Analyzers\Rotameter_Flowmeter_PPR_Union_DN25\LLK34-RN34 - PPR.iam,Origin Created in Module
08_Instrumentation_and_Analyzers,Rotameter_Flowmeter_PPR_Union_DN25,LLK34-RN34 - PPR_inline.iam,Assembly,187904,D:\INVENTOR_DATA\05_STANDARD_COMPONENTS\08_Instrumentation_and_Analyzers\Rotameter_Flowmeter_PPR_Union_DN25\LLK34-RN34 - PPR_inline.iam,D:\TAN -DU AN\TOSHIBA\120\3d\BON 1\FILTER\2m3 xuong chao\LLK34-RN34 - PPR_inline.iam
08_Instrumentation_and_Analyzers,Rotameter_Flowmeter_PPR_Union_DN25,luu luong ke ong tron 34.ipt,Part,392704,D:\INVENTOR_DATA\05_STANDARD_COMPONENTS\08_Instrumentation_and_Analyzers\Rotameter_Flowmeter_PPR_Union_DN25\luu luong ke ong tron 34.ipt,D:\TAN -DU AN\TOSHIBA\120\3d\BON 1\FILTER\2m3 xuong chao\luu luong ke ong tron 34.ipt
08_Instrumentation_and_Analyzers,Rotameter_Flowmeter_PPR_Union_DN25,RACCO RN32.ipt,Part,377344,D:\INVENTOR_DATA\05_STANDARD_COMPONENTS\08_Instrumentation_and_Analyzers\Rotameter_Flowmeter_PPR_Union_DN25\RACCO RN32.ipt,D:\TAN -DU AN\TOSHIBA\120\3d\BON 1\FILTER\2m3 xuong chao\RACCO RN32.ipt
08_Instrumentation_and_Analyzers,Rotameter_Flowmeter_PPR_Union_DN25,REN NGOAI 34.ipt,Part,239616,D:\INVENTOR_DATA\05_STANDARD_COMPONENTS\08_Instrumentation_and_Analyzers\Rotameter_Flowmeter_PPR_Union_DN25\REN NGOAI 34.ipt,D:\TAN -DU AN\TOSHIBA\120\3d\BON 1\FILTER\2m3 xuong chao\REN NGOAI 34.ipt
08_Instrumentation_and_Analyzers,Rotameter_Flowmeter_PPR_Union_DN25,REN NGOAI 34_MIR.ipt,Part,214528,D:\INVENTOR_DATA\05_STANDARD_COMPONENTS\08_Instrumentation_and_Analyzers\Rotameter_Flowmeter_PPR_Union_DN25\REN NGOAI 34_MIR.ipt,D:\TAN -DU AN\TOSHIBA\120\3d\BON 1\FILTER\2m3 xuong chao\REN NGOAI 34_MIR.ipt
08_Instrumentation_and_Analyzers,Rotameter_Flowmeter_PPR_Union_DN25,Rotameter_Flowmeter_PPR_Union_DN25.iam,Main Assembly,370176,D:\INVENTOR_DATA\05_STANDARD_COMPONENTS\08_Instrumentation_and_Analyzers\Rotameter_Flowmeter_PPR_Union_DN25\Rotameter_Flowmeter_PPR_Union_DN25.iam,Origin Created in Module
08_Instrumentation_and_Analyzers,Rotameter_Flowmeter_PanelMount_2_18LPM_DN25,LLK34-RN34_inline.iam,Assembly,365568,D:\INVENTOR_DATA\05_STANDARD_COMPONENTS\08_Instrumentation_and_Analyzers\Rotameter_Flowmeter_PanelMount_2_18LPM_DN25\LLK34-RN34_inline.iam,D:\TAN -DU AN\TOSHIBA\120\3d\BON 1\FILTER\2m3 xuong chao\01 TO REVIT\LLK34-RN34_inline.iam
08_Instrumentation_and_Analyzers,Rotameter_Flowmeter_PanelMount_2_18LPM_DN25,luu luong ke ong tron 34.ipt,Part,392704,D:\INVENTOR_DATA\05_STANDARD_COMPONENTS\08_Instrumentation_and_Analyzers\Rotameter_Flowmeter_PanelMount_2_18LPM_DN25\luu luong ke ong tron 34.ipt,D:\TAN -DU AN\TOSHIBA\120\3d\BON 1\FILTER\2m3 xuong chao\luu luong ke ong tron 34.ipt
08_Instrumentation_and_Analyzers,Rotameter_Flowmeter_PanelMount_2_18LPM_DN25,REN NGOAI 34.ipt,Part,239616,D:\INVENTOR_DATA\05_STANDARD_COMPONENTS\08_Instrumentation_and_Analyzers\Rotameter_Flowmeter_PanelMount_2_18LPM_DN25\REN NGOAI 34.ipt,D:\TAN -DU AN\TOSHIBA\120\3d\BON 1\FILTER\2m3 xuong chao\REN NGOAI 34.ipt
08_Instrumentation_and_Analyzers,Rotameter_Flowmeter_PanelMount_2_18LPM_DN25,Rotameter_Flowmeter_PanelMount_2_18LPM_DN25.iam,Main Assembly,365568,D:\INVENTOR_DATA\05_STANDARD_COMPONENTS\08_Instrumentation_and_Analyzers\Rotameter_Flowmeter_PanelMount_2_18LPM_DN25\Rotameter_Flowmeter_PanelMount_2_18LPM_DN25.iam,Origin Created in Module
08_Instrumentation_and_Analyzers,Round_Tube_Rotameter_DN25_D34,Round_Tube_Rotameter_DN25_D34.ipt,Part,392704,D:\INVENTOR_DATA\05_STANDARD_COMPONENTS\08_Instrumentation_and_Analyzers\Round_Tube_Rotameter_DN25_D34\Round_Tube_Rotameter_DN25_D34.ipt,Origin Created in Module
08_Instrumentation_and_Analyzers,Short_Rotameter_16m3h_DN40_Threaded,cuc do.ipt,Part,126464,D:\INVENTOR_DATA\05_STANDARD_COMPONENTS\08_Instrumentation_and_Analyzers\Short_Rotameter_16m3h_DN40_Threaded\cuc do.ipt,D:\TAN -DU AN\TOSHIBA\120\3d\BON 1\FILTER\cuc do.ipt
08_Instrumentation_and_Analyzers,Short_Rotameter_16m3h_DN40_Threaded,lap llk 49 ren.iam,Assembly,352256,D:\INVENTOR_DATA\05_STANDARD_COMPONENTS\08_Instrumentation_and_Analyzers\Short_Rotameter_16m3h_DN40_Threaded\lap llk 49 ren.iam,D:\TAN -DU AN\TOSHIBA\120\3d\BON 1\FILTER\luu luong ke\16m3h-D49\lap llk 49 ren.iam
08_Instrumentation_and_Analyzers,Short_Rotameter_16m3h_DN40_Threaded,LAP LLK 49.iam,Assembly,357376,D:\INVENTOR_DATA\05_STANDARD_COMPONENTS\08_Instrumentation_and_Analyzers\Short_Rotameter_16m3h_DN40_Threaded\LAP LLK 49.iam,D:\TAN -DU AN\TOSHIBA\120\3d\BON 1\FILTER\luu luong ke\16m3h-D49\LAP LLK 49.iam
08_Instrumentation_and_Analyzers,Short_Rotameter_16m3h_DN40_Threaded,nhua chan 2 dau.ipt,Part,185344,D:\INVENTOR_DATA\05_STANDARD_COMPONENTS\08_Instrumentation_and_Analyzers\Short_Rotameter_16m3h_DN40_Threaded\nhua chan 2 dau.ipt,D:\TAN -DU AN\TOSHIBA\120\3d\BON 1\FILTER\nhua chan 2 dau.ipt
08_Instrumentation_and_Analyzers,Short_Rotameter_16m3h_DN40_Threaded,ONG TRONG.ipt,Part,199168,D:\INVENTOR_DATA\05_STANDARD_COMPONENTS\08_Instrumentation_and_Analyzers\Short_Rotameter_16m3h_DN40_Threaded\ONG TRONG.ipt,D:\TAN -DU AN\TOSHIBA\120\3d\BON 1\FILTER\2m3 xuong chao\ong trong.ipt
08_Instrumentation_and_Analyzers,Short_Rotameter_16m3h_DN40_Threaded,racco 2 dau.ipt,Part,229376,D:\INVENTOR_DATA\05_STANDARD_COMPONENTS\08_Instrumentation_and_Analyzers\Short_Rotameter_16m3h_DN40_Threaded\racco 2 dau.ipt,D:\TAN -DU AN\TOSHIBA\120\3d\BON 1\FILTER\2m3 xuong chao\racco 2 dau.ipt
08_Instrumentation_and_Analyzers,Short_Rotameter_16m3h_DN40_Threaded,REN NGOAI 49-60.ipt,Part,228352,D:\INVENTOR_DATA\05_STANDARD_COMPONENTS\08_Instrumentation_and_Analyzers\Short_Rotameter_16m3h_DN40_Threaded\REN NGOAI 49-60.ipt,D:\TAN -DU AN\TOSHIBA\120\3d\BON 1\phu kien nhua\REN NGOAI 49-60.ipt
08_Instrumentation_and_Analyzers,Short_Rotameter_16m3h_DN40_Threaded,Short_Rotameter_16m3h_DN40_Threaded.iam,Main Assembly,352256,D:\INVENTOR_DATA\05_STANDARD_COMPONENTS\08_Instrumentation_and_Analyzers\Short_Rotameter_16m3h_DN40_Threaded\Short_Rotameter_16m3h_DN40_Threaded.iam,Origin Created in Module
08_Instrumentation_and_Analyzers,Short_Rotameter_16m3h_DN40_Threaded,thanh inox.ipt,Part,87040,D:\INVENTOR_DATA\05_STANDARD_COMPONENTS\08_Instrumentation_and_Analyzers\Short_Rotameter_16m3h_DN40_Threaded\thanh inox.ipt,D:\TAN -DU AN\TOSHIBA\120\3d\BON 1\FILTER\thanh inox.ipt
08_Instrumentation_and_Analyzers,Short_Tube_Rotameter_2500LPH_DN20,CUC CAM.ipt,Part,120320,D:\INVENTOR_DATA\05_STANDARD_COMPONENTS\08_Instrumentation_and_Analyzers\Short_Tube_Rotameter_2500LPH_DN20\CUC CAM.ipt,D:\TAN -DU AN\TOSHIBA\120\3d\BON 1\FILTER\luu luong ke\REN 27 2500LH\CUC CAM.ipt
08_Instrumentation_and_Analyzers,Short_Tube_Rotameter_2500LPH_DN20,LAP LUU LUONG 2500.iam,Assembly,215040,D:\INVENTOR_DATA\05_STANDARD_COMPONENTS\08_Instrumentation_and_Analyzers\Short_Tube_Rotameter_2500LPH_DN20\LAP LUU LUONG 2500.iam,D:\TAN -DU AN\TOSHIBA\120\3d\BON 1\FILTER\luu luong ke\REN 27 2500LH\LAP LUU LUONG 2500.iam
08_Instrumentation_and_Analyzers,Short_Tube_Rotameter_2500LPH_DN20,LAP RACCO 27.iam,Assembly,176640,D:\INVENTOR_DATA\05_STANDARD_COMPONENTS\08_Instrumentation_and_Analyzers\Short_Tube_Rotameter_2500LPH_DN20\LAP RACCO 27.iam,D:\TAN -DU AN\TOSHIBA\120\3d\BON 1\FILTER\luu luong ke\REN 27 2500LH\LAP RACCO 27.iam
08_Instrumentation_and_Analyzers,Short_Tube_Rotameter_2500LPH_DN20,ONG TRONG.ipt,Part,139776,D:\INVENTOR_DATA\05_STANDARD_COMPONENTS\08_Instrumentation_and_Analyzers\Short_Tube_Rotameter_2500LPH_DN20\ONG TRONG.ipt,D:\TAN -DU AN\TOSHIBA\120\3d\BON 1\FILTER\0-LOC TONG HOP\tan tan loc\Workgroups\NotInProject\ONG TRONG.ipt
08_Instrumentation_and_Analyzers,Short_Tube_Rotameter_2500LPH_DN20,ONG TRONG2.ipt,Part,165376,D:\INVENTOR_DATA\05_STANDARD_COMPONENTS\08_Instrumentation_and_Analyzers\Short_Tube_Rotameter_2500LPH_DN20\ONG TRONG2.ipt,D:\TAN -DU AN\TOSHIBA\120\3d\BON 1\FILTER\luu luong ke\REN 27 2500LH\ONG TRONG2.ipt
08_Instrumentation_and_Analyzers,Short_Tube_Rotameter_2500LPH_DN20,Part16.ipt,Part,157696,D:\INVENTOR_DATA\05_STANDARD_COMPONENTS\08_Instrumentation_and_Analyzers\Short_Tube_Rotameter_2500LPH_DN20\Part16.ipt,D:\TAN -DU AN\TOSHIBA\120\3d\BON 1\FILTER\luu luong ke\REN 27 2500LH\Part16.ipt
08_Instrumentation_and_Analyzers,Short_Tube_Rotameter_2500LPH_DN20,RACCO 1.ipt,Part,123392,D:\INVENTOR_DATA\05_STANDARD_COMPONENTS\08_Instrumentation_and_Analyzers\Short_Tube_Rotameter_2500LPH_DN20\RACCO 1.ipt,D:\TAN -DU AN\TOSHIBA\120\3d\BON 1\FILTER\0-LOC TONG HOP\tan tan loc\Workgroups\NotInProject\RACCO 1.ipt
08_Instrumentation_and_Analyzers,Short_Tube_Rotameter_2500LPH_DN20,RACCO 2.ipt,Part,112640,D:\INVENTOR_DATA\05_STANDARD_COMPONENTS\08_Instrumentation_and_Analyzers\Short_Tube_Rotameter_2500LPH_DN20\RACCO 2.ipt,D:\TAN -DU AN\TOSHIBA\120\3d\BON 1\FILTER\0-LOC TONG HOP\tan tan loc\Workgroups\NotInProject\RACCO 2.ipt
08_Instrumentation_and_Analyzers,Short_Tube_Rotameter_2500LPH_DN20,Short_Tube_Rotameter_2500LPH_DN20.iam,Main Assembly,215040,D:\INVENTOR_DATA\05_STANDARD_COMPONENTS\08_Instrumentation_and_Analyzers\Short_Tube_Rotameter_2500LPH_DN20\Short_Tube_Rotameter_2500LPH_DN20.iam,Origin Created in Module
08_Instrumentation_and_Analyzers,Short_Tube_Rotameter_2500LPH_DN20,THANH INOX 3MM.ipt,Part,77312,D:\INVENTOR_DATA\05_STANDARD_COMPONENTS\08_Instrumentation_and_Analyzers\Short_Tube_Rotameter_2500LPH_DN20\THANH INOX 3MM.ipt,D:\TAN -DU AN\TOSHIBA\120\3d\BON 1\FILTER\luu luong ke\REN 27 2500LH\THANH INOX 3MM.ipt
08_Instrumentation_and_Analyzers,Short_Tube_Rotameter_6000LPH_DN25,CUC CAM.ipt,Part,104448,D:\INVENTOR_DATA\05_STANDARD_COMPONENTS\08_Instrumentation_and_Analyzers\Short_Tube_Rotameter_6000LPH_DN25\CUC CAM.ipt,D:\TAN -DU AN\TOSHIBA\120\3d\BON 1\FILTER\luu luong ke\REN 34 6000LH\CUC CAM.ipt
08_Instrumentation_and_Analyzers,Short_Tube_Rotameter_6000LPH_DN25,LAP LUU LUONG 6000.iam,Assembly,356352,D:\INVENTOR_DATA\05_STANDARD_COMPONENTS\08_Instrumentation_and_Analyzers\Short_Tube_Rotameter_6000LPH_DN25\LAP LUU LUONG 6000.iam,D:\TAN -DU AN\TOSHIBA\120\3d\BON 1\FILTER\luu luong ke\REN 34 6000LH\LAP LUU LUONG 6000.iam
08_Instrumentation_and_Analyzers,Short_Tube_Rotameter_6000LPH_DN25,LAP RACCO.iam,Assembly,177664,D:\INVENTOR_DATA\05_STANDARD_COMPONENTS\08_Instrumentation_and_Analyzers\Short_Tube_Rotameter_6000LPH_DN25\LAP RACCO.iam,D:\TAN -DU AN\TOSHIBA\120\3d\BON 1\FILTER\luu luong ke\REN 34 6000LH\LAP RACCO.iam
08_Instrumentation_and_Analyzers,Short_Tube_Rotameter_6000LPH_DN25,ONG TRONG.ipt,Part,153600,D:\INVENTOR_DATA\05_STANDARD_COMPONENTS\08_Instrumentation_and_Analyzers\Short_Tube_Rotameter_6000LPH_DN25\ONG TRONG.ipt,D:\TAN -DU AN\TOSHIBA\120\3d\BON 1\FILTER\luu luong ke\REN 34 6000LH\ONG TRONG.ipt
08_Instrumentation_and_Analyzers,Short_Tube_Rotameter_6000LPH_DN25,Part16.ipt,Part,157184,D:\INVENTOR_DATA\05_STANDARD_COMPONENTS\08_Instrumentation_and_Analyzers\Short_Tube_Rotameter_6000LPH_DN25\Part16.ipt,D:\TAN -DU AN\TOSHIBA\120\3d\BON 1\FILTER\luu luong ke\REN 34 6000LH\Part16.ipt
08_Instrumentation_and_Analyzers,Short_Tube_Rotameter_6000LPH_DN25,RACCO 1.ipt,Part,123392,D:\INVENTOR_DATA\05_STANDARD_COMPONENTS\08_Instrumentation_and_Analyzers\Short_Tube_Rotameter_6000LPH_DN25\RACCO 1.ipt,D:\TAN -DU AN\TOSHIBA\120\3d\BON 1\FILTER\0-LOC TONG HOP\tan tan loc\Workgroups\NotInProject\RACCO 1.ipt
08_Instrumentation_and_Analyzers,Short_Tube_Rotameter_6000LPH_DN25,RACCO 2.ipt,Part,112640,D:\INVENTOR_DATA\05_STANDARD_COMPONENTS\08_Instrumentation_and_Analyzers\Short_Tube_Rotameter_6000LPH_DN25\RACCO 2.ipt,D:\TAN -DU AN\TOSHIBA\120\3d\BON 1\FILTER\0-LOC TONG HOP\tan tan loc\Workgroups\NotInProject\RACCO 2.ipt
08_Instrumentation_and_Analyzers,Short_Tube_Rotameter_6000LPH_DN25,Short_Tube_Rotameter_6000LPH_DN25.iam,Main Assembly,356352,D:\INVENTOR_DATA\05_STANDARD_COMPONENTS\08_Instrumentation_and_Analyzers\Short_Tube_Rotameter_6000LPH_DN25\Short_Tube_Rotameter_6000LPH_DN25.iam,Origin Created in Module
08_Instrumentation_and_Analyzers,Short_Tube_Rotameter_6000LPH_DN25,thanh inox.ipt,Part,77312,D:\INVENTOR_DATA\05_STANDARD_COMPONENTS\08_Instrumentation_and_Analyzers\Short_Tube_Rotameter_6000LPH_DN25\thanh inox.ipt,D:\TAN -DU AN\TOSHIBA\120\3d\BON 1\FILTER\luu luong ke\REN 34 6000LH\THANH INOX.ipt
08_Instrumentation_and_Analyzers,Short_Tube_Rotameter_DN20_Female,Short_Tube_Rotameter_DN20_Female.ipt,Part,556544,D:\INVENTOR_DATA\05_STANDARD_COMPONENTS\08_Instrumentation_and_Analyzers\Short_Tube_Rotameter_DN20_Female\Short_Tube_Rotameter_DN20_Female.ipt,Origin Created in Module
08_Instrumentation_and_Analyzers,Soil_EC_Moisture_Sensor_RS485,Soil_EC_Moisture_Sensor_RS485.ipt,Part,481792,D:\INVENTOR_DATA\05_STANDARD_COMPONENTS\08_Instrumentation_and_Analyzers\Soil_EC_Moisture_Sensor_RS485\Soil_EC_Moisture_Sensor_RS485.ipt,Origin Created in Module
08_Instrumentation_and_Analyzers,Supmea_Online_Chlorine_Controller,Supmea_Online_Chlorine_Controller.ipt,Part,6184960,D:\INVENTOR_DATA\05_STANDARD_COMPONENTS\08_Instrumentation_and_Analyzers\Supmea_Online_Chlorine_Controller\Supmea_Online_Chlorine_Controller.ipt,Origin Created in Module
08_Instrumentation_and_Analyzers,Supmea_Residual_Chlorine_Flow_Cell,bo doc supmea.ipt,Part,6184960,D:\INVENTOR_DATA\05_STANDARD_COMPONENTS\08_Instrumentation_and_Analyzers\Supmea_Residual_Chlorine_Flow_Cell\bo doc supmea.ipt,D:\TAN -DU AN\TOSHIBA\120\3d\BON 1\DAI VIET\IOT\supmea\do clo du\bo doc supmea.ipt
08_Instrumentation_and_Analyzers,Supmea_Residual_Chlorine_Flow_Cell,cam bien clo du supmea.ipt,Part,532480,D:\INVENTOR_DATA\05_STANDARD_COMPONENTS\08_Instrumentation_and_Analyzers\Supmea_Residual_Chlorine_Flow_Cell\cam bien clo du supmea.ipt,D:\TAN -DU AN\TOSHIBA\120\3d\BON 1\DAI VIET\IOT\supmea\do clo du\cam bien clo du supmea.ipt
08_Instrumentation_and_Analyzers,Supmea_Residual_Chlorine_Flow_Cell,flowcell supmea.ipt,Part,668160,D:\INVENTOR_DATA\05_STANDARD_COMPONENTS\08_Instrumentation_and_Analyzers\Supmea_Residual_Chlorine_Flow_Cell\flowcell supmea.ipt,D:\TAN -DU AN\TOSHIBA\120\3d\BON 1\DAI VIET\IOT\supmea\do clo du\flowcell supmea.ipt
08_Instrumentation_and_Analyzers,Supmea_Residual_Chlorine_Flow_Cell,lap flowcell.iam,Assembly,508416,D:\INVENTOR_DATA\05_STANDARD_COMPONENTS\08_Instrumentation_and_Analyzers\Supmea_Residual_Chlorine_Flow_Cell\lap flowcell.iam,D:\TAN -DU AN\TOSHIBA\120\3d\BON 1\DAI VIET\IOT\supmea\do clo du\lap flowcell.iam
08_Instrumentation_and_Analyzers,Supmea_Residual_Chlorine_Flow_Cell,Supmea_Residual_Chlorine_Flow_Cell.iam,Main Assembly,508416,D:\INVENTOR_DATA\05_STANDARD_COMPONENTS\08_Instrumentation_and_Analyzers\Supmea_Residual_Chlorine_Flow_Cell\Supmea_Residual_Chlorine_Flow_Cell.iam,Origin Created in Module
08_Instrumentation_and_Analyzers,Supmea_SUP1100_Digital_Process_Meter,Supmea_SUP1100_Digital_Process_Meter.ipt,Part,4131840,D:\INVENTOR_DATA\05_STANDARD_COMPONENTS\08_Instrumentation_and_Analyzers\Supmea_SUP1100_Digital_Process_Meter\Supmea_SUP1100_Digital_Process_Meter.ipt,Origin Created in Module
08_Instrumentation_and_Analyzers,Tank_Pressure_Monitoring_Station_Unit,cb ap.ipt,Part,493568,D:\INVENTOR_DATA\05_STANDARD_COMPONENTS\08_Instrumentation_and_Analyzers\Tank_Pressure_Monitoring_Station_Unit\cb ap.ipt,D:\TAN -DU AN\TOSHIBA\120\3d\BON 1\FILTER\000 CNV\cb ap.ipt
08_Instrumentation_and_Analyzers,Tank_Pressure_Monitoring_Station_Unit,CB CHENH AP.ipt,Part,647680,D:\INVENTOR_DATA\05_STANDARD_COMPONENTS\08_Instrumentation_and_Analyzers\Tank_Pressure_Monitoring_Station_Unit\CB CHENH AP.ipt,D:\TAN -DU AN\TOSHIBA\120\3d\BON 1\FILTER\000 CNV\CB CHENH AP.ipt
08_Instrumentation_and_Analyzers,Tank_Pressure_Monitoring_Station_Unit,CO 13.ipt,Part,380928,D:\INVENTOR_DATA\05_STANDARD_COMPONENTS\08_Instrumentation_and_Analyzers\Tank_Pressure_Monitoring_Station_Unit\CO 13.ipt,D:\TAN -DU AN\TOSHIBA\120\3d\BON 1\FILTER\000 CNV\CO 13.ipt
08_Instrumentation_and_Analyzers,Tank_Pressure_Monitoring_Station_Unit,ISO 4161 - M6(1).ipt,Part,198656,D:\INVENTOR_DATA\05_STANDARD_COMPONENTS\08_Instrumentation_and_Analyzers\Tank_Pressure_Monitoring_Station_Unit\ISO 4161 - M6(1).ipt,D:\TAN -DU AN\TOSHIBA\120\3d\BON 1\FILTER\ISO 4161 - M6(1).ipt
08_Instrumentation_and_Analyzers,Tank_Pressure_Monitoring_Station_Unit,ISO 4762 - M6 x 10ISO.ipt,Part,199680,D:\INVENTOR_DATA\05_STANDARD_COMPONENTS\08_Instrumentation_and_Analyzers\Tank_Pressure_Monitoring_Station_Unit\ISO 4762 - M6 x 10ISO.ipt,D:\TAN -DU AN\TOSHIBA\120\3d\BON 1\FILTER\ISO 4762 - M6 x 10ISO.ipt
08_Instrumentation_and_Analyzers,Tank_Pressure_Monitoring_Station_Unit,ISO 4762 - M6 x 20ISO.ipt,Part,195072,D:\INVENTOR_DATA\05_STANDARD_COMPONENTS\08_Instrumentation_and_Analyzers\Tank_Pressure_Monitoring_Station_Unit\ISO 4762 - M6 x 20ISO.ipt,D:\TAN -DU AN\TOSHIBA\120\3d\BON 1\FILTER\ISO 4762 - M6 x 20ISO.ipt
08_Instrumentation_and_Analyzers,Tank_Pressure_Monitoring_Station_Unit,ISO 7045 - M4 x 14 - 4.8 - H - ISO.ipt,Part,270848,D:\INVENTOR_DATA\05_STANDARD_COMPONENTS\08_Instrumentation_and_Analyzers\Tank_Pressure_Monitoring_Station_Unit\ISO 7045 - M4 x 14 - 4.8 - H - ISO.ipt,D:\TAN -DU AN\TOSHIBA\120\3d\BON 1\FILTER\0-LOC TONG HOP\tan tan loc\Libraries\Content Center Files\en-US\ISO 7045  H\ISO 7045 - M4 x 14 - 4.8 - H - ISO.ipt
08_Instrumentation_and_Analyzers,Tank_Pressure_Monitoring_Station_Unit,ISO 7045 - M4 x 16 - 4.8 - H - ISO.ipt,Part,269824,D:\INVENTOR_DATA\05_STANDARD_COMPONENTS\08_Instrumentation_and_Analyzers\Tank_Pressure_Monitoring_Station_Unit\ISO 7045 - M4 x 16 - 4.8 - H - ISO.ipt,D:\TAN -DU AN\TOSHIBA\120\3d\BON 1\FILTER\0-LOC TONG HOP\tan tan loc\Libraries\Content Center Files\en-US\ISO 7045  H\ISO 7045 - M4 x 16 - 4.8 - H - ISO.ipt
08_Instrumentation_and_Analyzers,Tank_Pressure_Monitoring_Station_Unit,ISO 7045 - M4 x 20 - 4.8 - H - ISO.ipt,Part,268288,D:\INVENTOR_DATA\05_STANDARD_COMPONENTS\08_Instrumentation_and_Analyzers\Tank_Pressure_Monitoring_Station_Unit\ISO 7045 - M4 x 20 - 4.8 - H - ISO.ipt,D:\TAN -DU AN\TOSHIBA\120\3d\BON 1\FILTER\0-LOC TONG HOP\tan tan loc\Libraries\Content Center Files\en-US\ISO 7045  H\ISO 7045 - M4 x 20 - 4.8 - H - ISO.ipt
08_Instrumentation_and_Analyzers,Tank_Pressure_Monitoring_Station_Unit,ISO 7089 - 12 - 140 HV(1).ipt,Part,106496,D:\INVENTOR_DATA\05_STANDARD_COMPONENTS\08_Instrumentation_and_Analyzers\Tank_Pressure_Monitoring_Station_Unit\ISO 7089 - 12 - 140 HV(1).ipt,D:\TAN -DU AN\TOSHIBA\120\3d\BON 1\FILTER\0-LOC TONG HOP\XLNT toshiba\Libraries\Content Center Files\en-US\ISO 7089\ISO 7089 - 12 - 140 HV(1).ipt
08_Instrumentation_and_Analyzers,Tank_Pressure_Monitoring_Station_Unit,ISO 7089 - 16 - 140 HV(1).ipt,Part,106496,D:\INVENTOR_DATA\05_STANDARD_COMPONENTS\08_Instrumentation_and_Analyzers\Tank_Pressure_Monitoring_Station_Unit\ISO 7089 - 16 - 140 HV(1).ipt,D:\TAN -DU AN\TOSHIBA\120\3d\BON 1\FILTER\0-LOC TONG HOP\XLNT toshiba\Libraries\Content Center Files\en-US\ISO 7089\ISO 7089 - 16 - 140 HV(1).ipt
08_Instrumentation_and_Analyzers,Tank_Pressure_Monitoring_Station_Unit,ISO 7089 - 2 - 140 HV(1).ipt,Part,108032,D:\INVENTOR_DATA\05_STANDARD_COMPONENTS\08_Instrumentation_and_Analyzers\Tank_Pressure_Monitoring_Station_Unit\ISO 7089 - 2 - 140 HV(1).ipt,D:\Autodesk\Inventor 2025\Content Center Files\en-US\ISO 7089\ISO 7089 - 2 - 140 HV(1).ipt
08_Instrumentation_and_Analyzers,Tank_Pressure_Monitoring_Station_Unit,ISO 7089 - 6 - 140 HV(1).ipt,Part,108544,D:\INVENTOR_DATA\05_STANDARD_COMPONENTS\08_Instrumentation_and_Analyzers\Tank_Pressure_Monitoring_Station_Unit\ISO 7089 - 6 - 140 HV(1).ipt,D:\Autodesk\Inventor 2025\Content Center Files\en-US\ISO 7089\ISO 7089 - 6 - 140 HV(1).ipt
08_Instrumentation_and_Analyzers,Tank_Pressure_Monitoring_Station_Unit,ISO 7089 - 8 - 140 HV(1).ipt,Part,108544,D:\INVENTOR_DATA\05_STANDARD_COMPONENTS\08_Instrumentation_and_Analyzers\Tank_Pressure_Monitoring_Station_Unit\ISO 7089 - 8 - 140 HV(1).ipt,D:\Autodesk\Inventor 2025\Content Center Files\en-US\ISO 7089\ISO 7089 - 8 - 140 HV(1).ipt
08_Instrumentation_and_Analyzers,Tank_Pressure_Monitoring_Station_Unit,lap cum cb ap.iam,Assembly,740864,D:\INVENTOR_DATA\05_STANDARD_COMPONENTS\08_Instrumentation_and_Analyzers\Tank_Pressure_Monitoring_Station_Unit\lap cum cb ap.iam,D:\TAN -DU AN\TOSHIBA\120\3d\BON 1\FILTER\000 CNV\lap cum cb ap.iam
08_Instrumentation_and_Analyzers,Tank_Pressure_Monitoring_Station_Unit,noi 13-6.ipt,Part,354304,D:\INVENTOR_DATA\05_STANDARD_COMPONENTS\08_Instrumentation_and_Analyzers\Tank_Pressure_Monitoring_Station_Unit\noi 13-6.ipt,D:\TAN -DU AN\TOSHIBA\120\3d\BON 1\FILTER\000 CNV\noi 13-6.ipt
08_Instrumentation_and_Analyzers,Tank_Pressure_Monitoring_Station_Unit,noi 13-6_MIR.ipt,Part,177152,D:\INVENTOR_DATA\05_STANDARD_COMPONENTS\08_Instrumentation_and_Analyzers\Tank_Pressure_Monitoring_Station_Unit\noi 13-6_MIR.ipt,D:\TAN -DU AN\TOSHIBA\120\3d\BON 1\FILTER\000 CNV\noi 13-6_MIR.ipt
08_Instrumentation_and_Analyzers,Tank_Pressure_Monitoring_Station_Unit,pat cb.ipt,Part,177152,D:\INVENTOR_DATA\05_STANDARD_COMPONENTS\08_Instrumentation_and_Analyzers\Tank_Pressure_Monitoring_Station_Unit\pat cb.ipt,D:\TAN -DU AN\TOSHIBA\120\3d\BON 1\FILTER\000 CNV\pat cb.ipt
08_Instrumentation_and_Analyzers,Tank_Pressure_Monitoring_Station_Unit,Tank_Pressure_Monitoring_Station_Unit.iam,Main Assembly,740864,D:\INVENTOR_DATA\05_STANDARD_COMPONENTS\08_Instrumentation_and_Analyzers\Tank_Pressure_Monitoring_Station_Unit\Tank_Pressure_Monitoring_Station_Unit.iam,Origin Created in Module
08_Instrumentation_and_Analyzers,Tank_Pressure_Monitoring_Station_Unit,TE 13.ipt,Part,396800,D:\INVENTOR_DATA\05_STANDARD_COMPONENTS\08_Instrumentation_and_Analyzers\Tank_Pressure_Monitoring_Station_Unit\TE 13.ipt,D:\TAN -DU AN\TOSHIBA\120\3d\BON 1\FILTER\000 CNV\TE 13.ipt
08_Instrumentation_and_Analyzers,Tank_Pressure_Monitoring_Station_Unit,vach tu.ipt,Part,148480,D:\INVENTOR_DATA\05_STANDARD_COMPONENTS\08_Instrumentation_and_Analyzers\Tank_Pressure_Monitoring_Station_Unit\vach tu.ipt,D:\TAN -DU AN\TOSHIBA\120\3d\BON 1\FILTER\000 CNV\vach tu.ipt
08_Instrumentation_and_Analyzers,Threaded_Pressure_Gauge_D100_Bottom,Threaded_Pressure_Gauge_D100_Bottom.ipt,Part,1563648,D:\INVENTOR_DATA\05_STANDARD_COMPONENTS\08_Instrumentation_and_Analyzers\Threaded_Pressure_Gauge_D100_Bottom\Threaded_Pressure_Gauge_D100_Bottom.ipt,Origin Created in Module
08_Instrumentation_and_Analyzers,Threaded_Pressure_Gauge_D60_Bottom,Threaded_Pressure_Gauge_D60_Bottom.ipt,Part,502272,D:\INVENTOR_DATA\05_STANDARD_COMPONENTS\08_Instrumentation_and_Analyzers\Threaded_Pressure_Gauge_D60_Bottom\Threaded_Pressure_Gauge_D60_Bottom.ipt,Origin Created in Module
08_Instrumentation_and_Analyzers,Threaded_Pressure_Gauge_SUS304,Threaded_Pressure_Gauge_SUS304.ipt,Part,340992,D:\INVENTOR_DATA\05_STANDARD_COMPONENTS\08_Instrumentation_and_Analyzers\Threaded_Pressure_Gauge_SUS304\Threaded_Pressure_Gauge_SUS304.ipt,Origin Created in Module
08_Instrumentation_and_Analyzers,UPVC_Inlet_Pressure_Sensor_Assembly,ASTM D 2466 90 Deg Elbow Socket-Type - Schedule 40 3_4.ipt,Part,233984,D:\INVENTOR_DATA\05_STANDARD_COMPONENTS\08_Instrumentation_and_Analyzers\UPVC_Inlet_Pressure_Sensor_Assembly\ASTM D 2466 90 Deg Elbow Socket-Type - Schedule 40 3_4.ipt,D:\TAN -DU AN\TOSHIBA\120\3d\BON 1\FILTER\0-LOC TONG HOP\tan tan loc\Libraries\Content Center Files\en-US\ASTM D 2466 90\ASTM D 2466 90 Deg Elbow Socket-Type - Schedule 40 3_4.ipt
08_Instrumentation_and_Analyzers,UPVC_Inlet_Pressure_Sensor_Assembly,CA RA 21-13.ipt,Part,194048,D:\INVENTOR_DATA\05_STANDARD_COMPONENTS\08_Instrumentation_and_Analyzers\UPVC_Inlet_Pressure_Sensor_Assembly\CA RA 21-13.ipt,D:\TAN -DU AN\TOSHIBA\120\3d\BON 1\FILTER\CA RA 21-13.ipt
08_Instrumentation_and_Analyzers,UPVC_Inlet_Pressure_Sensor_Assembly,CA RA 21-16.ipt,Part,312832,D:\INVENTOR_DATA\05_STANDARD_COMPONENTS\08_Instrumentation_and_Analyzers\UPVC_Inlet_Pressure_Sensor_Assembly\CA RA 21-16.ipt,D:\TAN -DU AN\TOSHIBA\120\3d\BON 1\FILTER\phu kien inox\CA RA 21-16.ipt
08_Instrumentation_and_Analyzers,UPVC_Inlet_Pressure_Sensor_Assembly,cong tac ap.ipt,Part,531968,D:\INVENTOR_DATA\05_STANDARD_COMPONENTS\08_Instrumentation_and_Analyzers\UPVC_Inlet_Pressure_Sensor_Assembly\cong tac ap.ipt,D:\TAN -DU AN\TOSHIBA\120\3d\BON 1\FILTER\cong tac ap.ipt
08_Instrumentation_and_Analyzers,UPVC_Inlet_Pressure_Sensor_Assembly,cong tac dien tu.ipt,Part,167936,D:\INVENTOR_DATA\05_STANDARD_COMPONENTS\08_Instrumentation_and_Analyzers\UPVC_Inlet_Pressure_Sensor_Assembly\cong tac dien tu.ipt,D:\TAN -DU AN\TOSHIBA\120\3d\BON 1\FILTER\cam bien\cong tac dien tu.ipt
08_Instrumentation_and_Analyzers,UPVC_Inlet_Pressure_Sensor_Assembly,dai khoi thuy 90-21.ipt,Part,322560,D:\INVENTOR_DATA\05_STANDARD_COMPONENTS\08_Instrumentation_and_Analyzers\UPVC_Inlet_Pressure_Sensor_Assembly\dai khoi thuy 90-21.ipt,D:\TAN -DU AN\TOSHIBA\120\3d\BON 1\FILTER\dai khoi thuy 90-21.ipt
08_Instrumentation_and_Analyzers,UPVC_Inlet_Pressure_Sensor_Assembly,DIN 6926 - M8 x 1.ipt,Part,214528,D:\INVENTOR_DATA\05_STANDARD_COMPONENTS\08_Instrumentation_and_Analyzers\UPVC_Inlet_Pressure_Sensor_Assembly\DIN 6926 - M8 x 1.ipt,D:\TAN -DU AN\RO 8M3 BD\INVENTOR\Workgroups\NotInProject\DIN 6926 - M8 x 1.ipt
08_Instrumentation_and_Analyzers,UPVC_Inlet_Pressure_Sensor_Assembly,dong ho ap.ipt,Part,387584,D:\INVENTOR_DATA\05_STANDARD_COMPONENTS\08_Instrumentation_and_Analyzers\UPVC_Inlet_Pressure_Sensor_Assembly\dong ho ap.ipt,D:\TAN -DU AN\TOSHIBA\120\3d\BON 1\FILTER\dong ho ap.ipt
08_Instrumentation_and_Analyzers,UPVC_Inlet_Pressure_Sensor_Assembly,ISO 8676 - M8 x 1 x 25 - ISO.ipt,Part,192512,D:\INVENTOR_DATA\05_STANDARD_COMPONENTS\08_Instrumentation_and_Analyzers\UPVC_Inlet_Pressure_Sensor_Assembly\ISO 8676 - M8 x 1 x 25 - ISO.ipt,D:\TAN -DU AN\TOSHIBA\120\3d\BON 1\FILTER\0-LOC TONG HOP\LOC TONG LAP RAP\Libraries\Content Center Files\en-US\ISO 8676(2)\ISO 8676 - M8 x 1 x 25 - ISO.ipt
08_Instrumentation_and_Analyzers,UPVC_Inlet_Pressure_Sensor_Assembly,lap bo cam bien dau vao-pvc.iam,Assembly,338432,D:\INVENTOR_DATA\05_STANDARD_COMPONENTS\08_Instrumentation_and_Analyzers\UPVC_Inlet_Pressure_Sensor_Assembly\lap bo cam bien dau vao-pvc.iam,D:\TAN -DU AN\TOSHIBA\120\3d\BON 1\FILTER\cam bien ap suat\lap bo cam bien dau vao-pvc.iam
08_Instrumentation_and_Analyzers,UPVC_Inlet_Pressure_Sensor_Assembly,lap cam bien ap - truoc bom ap.iam,Assembly,301568,D:\INVENTOR_DATA\05_STANDARD_COMPONENTS\08_Instrumentation_and_Analyzers\UPVC_Inlet_Pressure_Sensor_Assembly\lap cam bien ap - truoc bom ap.iam,D:\TAN -DU AN\TOSHIBA\120\3d\BON 1\FILTER\cam bien ap suat\lap cam bien ap - truoc bom ap.iam
08_Instrumentation_and_Analyzers,UPVC_Inlet_Pressure_Sensor_Assembly,lap cam bien ap - truoc bom ap.Route01.ipt,Part,91136,D:\INVENTOR_DATA\05_STANDARD_COMPONENTS\08_Instrumentation_and_Analyzers\UPVC_Inlet_Pressure_Sensor_Assembly\lap cam bien ap - truoc bom ap.Route01.ipt,D:\TAN -DU AN\TOSHIBA\120\3d\BON 1\FILTER\cam bien ap suat\lap cam bien ap - truoc bom ap\AIP\Tube and Pipe\Run02\lap cam bien ap - truoc bom ap.Route01.ipt
08_Instrumentation_and_Analyzers,UPVC_Inlet_Pressure_Sensor_Assembly,lap cam bien ap - truoc bom ap.Run01.iam,Assembly,67584,D:\INVENTOR_DATA\05_STANDARD_COMPONENTS\08_Instrumentation_and_Analyzers\UPVC_Inlet_Pressure_Sensor_Assembly\lap cam bien ap - truoc bom ap.Run01.iam,D:\TAN -DU AN\TOSHIBA\120\3d\BON 1\FILTER\cam bien ap suat\lap cam bien ap - truoc bom ap\AIP\Tube and Pipe\Run01\lap cam bien ap - truoc bom ap.Run01.iam
08_Instrumentation_and_Analyzers,UPVC_Inlet_Pressure_Sensor_Assembly,lap cam bien ap - truoc bom ap.Run02.iam,Assembly,166400,D:\INVENTOR_DATA\05_STANDARD_COMPONENTS\08_Instrumentation_and_Analyzers\UPVC_Inlet_Pressure_Sensor_Assembly\lap cam bien ap - truoc bom ap.Run02.iam,D:\TAN -DU AN\TOSHIBA\120\3d\BON 1\FILTER\cam bien ap suat\lap cam bien ap - truoc bom ap\AIP\Tube and Pipe\Run02\lap cam bien ap - truoc bom ap.Run02.iam
08_Instrumentation_and_Analyzers,UPVC_Inlet_Pressure_Sensor_Assembly,lap cam bien ap - truoc bom ap.Tube and Pipe Runs2.iam,Assembly,353792,D:\INVENTOR_DATA\05_STANDARD_COMPONENTS\08_Instrumentation_and_Analyzers\UPVC_Inlet_Pressure_Sensor_Assembly\lap cam bien ap - truoc bom ap.Tube and Pipe Runs2.iam,D:\TAN -DU AN\TOSHIBA\120\3d\BON 1\FILTER\cam bien ap suat\lap cam bien ap - truoc bom ap\AIP\Tube and Pipe\lap cam bien ap - truoc bom ap.Tube and Pipe Runs2.iam
08_Instrumentation_and_Analyzers,UPVC_Inlet_Pressure_Sensor_Assembly,pipipe.1648454303782.ipt,Part,198656,D:\INVENTOR_DATA\05_STANDARD_COMPONENTS\08_Instrumentation_and_Analyzers\UPVC_Inlet_Pressure_Sensor_Assembly\pipipe.1648454303782.ipt,D:\TAN -DU AN\TOSHIBA\120\3d\BON 1\FILTER\cam bien ap suat\lap cam bien ap - truoc bom ap\AIP\Tube and Pipe\Run02\pipipe.1648454303782.ipt
08_Instrumentation_and_Analyzers,UPVC_Inlet_Pressure_Sensor_Assembly,pipipe.1648454303828.ipt,Part,230400,D:\INVENTOR_DATA\05_STANDARD_COMPONENTS\08_Instrumentation_and_Analyzers\UPVC_Inlet_Pressure_Sensor_Assembly\pipipe.1648454303828.ipt,D:\TAN -DU AN\TOSHIBA\120\3d\BON 1\FILTER\cam bien ap suat\lap cam bien ap - truoc bom ap\AIP\Tube and Pipe\Run02\pipipe.1648454303828.ipt
08_Instrumentation_and_Analyzers,UPVC_Inlet_Pressure_Sensor_Assembly,ren ngoai 21 ong 10.ipt,Part,352768,D:\INVENTOR_DATA\05_STANDARD_COMPONENTS\08_Instrumentation_and_Analyzers\UPVC_Inlet_Pressure_Sensor_Assembly\ren ngoai 21 ong 10.ipt,D:\TAN -DU AN\TOSHIBA\120\3d\BON 1\FILTER\bon frp 4272\ren ngoai 21 ong 10.ipt
08_Instrumentation_and_Analyzers,UPVC_Inlet_Pressure_Sensor_Assembly,ren trong 21.ipt,Part,211968,D:\INVENTOR_DATA\05_STANDARD_COMPONENTS\08_Instrumentation_and_Analyzers\UPVC_Inlet_Pressure_Sensor_Assembly\ren trong 21.ipt,D:\TAN -DU AN\TOSHIBA\120\3d\BON 1\FILTER\2m3 xuong chao\ren trong 21.ipt
08_Instrumentation_and_Analyzers,UPVC_Inlet_Pressure_Sensor_Assembly,te 21.ipt,Part,293376,D:\INVENTOR_DATA\05_STANDARD_COMPONENTS\08_Instrumentation_and_Analyzers\UPVC_Inlet_Pressure_Sensor_Assembly\te 21.ipt,D:\TAN -DU AN\TOSHIBA\120\3d\BON 1\FILTER\te 21.ipt
08_Instrumentation_and_Analyzers,UPVC_Inlet_Pressure_Sensor_Assembly,UPVC_Inlet_Pressure_Sensor_Assembly.iam,Main Assembly,338432,D:\INVENTOR_DATA\05_STANDARD_COMPONENTS\08_Instrumentation_and_Analyzers\UPVC_Inlet_Pressure_Sensor_Assembly\UPVC_Inlet_Pressure_Sensor_Assembly.iam,Origin Created in Module
08_Instrumentation_and_Analyzers,UPVC_Inlet_Pressure_Sensor_Assembly,van 10.ipt,Part,369664,D:\INVENTOR_DATA\05_STANDARD_COMPONENTS\08_Instrumentation_and_Analyzers\UPVC_Inlet_Pressure_Sensor_Assembly\van 10.ipt,D:\TAN -DU AN\TOSHIBA\120\3d\BON 1\FILTER\bon frp 4272\van 10.ipt
08_Instrumentation_and_Analyzers,UPVC_Inlet_Pressure_Sensor_Assembly,van racco 21.ipt,Part,545280,D:\INVENTOR_DATA\05_STANDARD_COMPONENTS\08_Instrumentation_and_Analyzers\UPVC_Inlet_Pressure_Sensor_Assembly\van racco 21.ipt,D:\TAN -DU AN\TOSHIBA\120\3d\BON 1\FILTER\van racco 21.ipt
08_Instrumentation_and_Analyzers,UPVC_Long_Tube_Rotameter_DN15_D21,UPVC_Long_Tube_Rotameter_DN15_D21.ipt,Part,415232,D:\INVENTOR_DATA\05_STANDARD_COMPONENTS\08_Instrumentation_and_Analyzers\UPVC_Long_Tube_Rotameter_DN15_D21\UPVC_Long_Tube_Rotameter_DN15_D21.ipt,Origin Created in Module
08_Instrumentation_and_Analyzers,UPVC_Long_Tube_Rotameter_DN20_D27,UPVC_Long_Tube_Rotameter_DN20_D27.ipt,Part,413184,D:\INVENTOR_DATA\05_STANDARD_COMPONENTS\08_Instrumentation_and_Analyzers\UPVC_Long_Tube_Rotameter_DN20_D27\UPVC_Long_Tube_Rotameter_DN20_D27.ipt,Origin Created in Module
08_Instrumentation_and_Analyzers,UPVC_Short_Tube_Rotameter_DN32_D42,UPVC_Short_Tube_Rotameter_DN32_D42.ipt,Part,264192,D:\INVENTOR_DATA\05_STANDARD_COMPONENTS\08_Instrumentation_and_Analyzers\UPVC_Short_Tube_Rotameter_DN32_D42\UPVC_Short_Tube_Rotameter_DN32_D42.ipt,Origin Created in Module
08_Instrumentation_and_Analyzers,UPVC_Short_Tube_Rotameter_DN50_D63,cuc do.ipt,Part,126464,D:\INVENTOR_DATA\05_STANDARD_COMPONENTS\08_Instrumentation_and_Analyzers\UPVC_Short_Tube_Rotameter_DN50_D63\cuc do.ipt,D:\TAN -DU AN\TOSHIBA\120\3d\BON 1\FILTER\cuc do.ipt
08_Instrumentation_and_Analyzers,UPVC_Short_Tube_Rotameter_DN50_D63,LAP LLK 63.iam,Assembly,214528,D:\INVENTOR_DATA\05_STANDARD_COMPONENTS\08_Instrumentation_and_Analyzers\UPVC_Short_Tube_Rotameter_DN50_D63\LAP LLK 63.iam,D:\TAN -DU AN\TOSHIBA\120\3d\BON 1\FILTER\luu luong ke\LAP LLK 63.iam
08_Instrumentation_and_Analyzers,UPVC_Short_Tube_Rotameter_DN50_D63,nhua chan 2 dau.ipt,Part,185344,D:\INVENTOR_DATA\05_STANDARD_COMPONENTS\08_Instrumentation_and_Analyzers\UPVC_Short_Tube_Rotameter_DN50_D63\nhua chan 2 dau.ipt,D:\TAN -DU AN\TOSHIBA\120\3d\BON 1\FILTER\nhua chan 2 dau.ipt
08_Instrumentation_and_Analyzers,UPVC_Short_Tube_Rotameter_DN50_D63,ONG TRONG.ipt,Part,199168,D:\INVENTOR_DATA\05_STANDARD_COMPONENTS\08_Instrumentation_and_Analyzers\UPVC_Short_Tube_Rotameter_DN50_D63\ONG TRONG.ipt,D:\TAN -DU AN\TOSHIBA\120\3d\BON 1\FILTER\2m3 xuong chao\ong trong.ipt
08_Instrumentation_and_Analyzers,UPVC_Short_Tube_Rotameter_DN50_D63,racco 2 dau.ipt,Part,229376,D:\INVENTOR_DATA\05_STANDARD_COMPONENTS\08_Instrumentation_and_Analyzers\UPVC_Short_Tube_Rotameter_DN50_D63\racco 2 dau.ipt,D:\TAN -DU AN\TOSHIBA\120\3d\BON 1\FILTER\2m3 xuong chao\racco 2 dau.ipt
08_Instrumentation_and_Analyzers,UPVC_Short_Tube_Rotameter_DN50_D63,thanh inox.ipt,Part,87040,D:\INVENTOR_DATA\05_STANDARD_COMPONENTS\08_Instrumentation_and_Analyzers\UPVC_Short_Tube_Rotameter_DN50_D63\thanh inox.ipt,D:\TAN -DU AN\TOSHIBA\120\3d\BON 1\FILTER\thanh inox.ipt
08_Instrumentation_and_Analyzers,UPVC_Short_Tube_Rotameter_DN50_D63,UPVC_Short_Tube_Rotameter_DN50_D63.iam,Main Assembly,214528,D:\INVENTOR_DATA\05_STANDARD_COMPONENTS\08_Instrumentation_and_Analyzers\UPVC_Short_Tube_Rotameter_DN50_D63\UPVC_Short_Tube_Rotameter_DN50_D63.iam,Origin Created in Module
08_Instrumentation_and_Analyzers,UPVC_Short_Tube_Rotameter_DN80_D90,UPVC_Short_Tube_Rotameter_DN80_D90.ipt,Part,348672,D:\INVENTOR_DATA\05_STANDARD_COMPONENTS\08_Instrumentation_and_Analyzers\UPVC_Short_Tube_Rotameter_DN80_D90\UPVC_Short_Tube_Rotameter_DN80_D90.ipt,Origin Created in Module
08_Instrumentation_and_Analyzers,UPVC_Tube_Rotameter_Union_DN20_D27,UPVC_Tube_Rotameter_Union_DN20_D27.ipt,Part,410112,D:\INVENTOR_DATA\05_STANDARD_COMPONENTS\08_Instrumentation_and_Analyzers\UPVC_Tube_Rotameter_Union_DN20_D27\UPVC_Tube_Rotameter_Union_DN20_D27.ipt,Origin Created in Module
08_Instrumentation_and_Analyzers,UPVC_Tube_Rotameter_Union_DN50_D63,cuc do.ipt,Part,126464,D:\INVENTOR_DATA\05_STANDARD_COMPONENTS\08_Instrumentation_and_Analyzers\UPVC_Tube_Rotameter_Union_DN50_D63\cuc do.ipt,D:\TAN -DU AN\TOSHIBA\120\3d\BON 1\FILTER\cuc do.ipt
08_Instrumentation_and_Analyzers,UPVC_Tube_Rotameter_Union_DN50_D63,LAP LLK 63.iam,Assembly,214528,D:\INVENTOR_DATA\05_STANDARD_COMPONENTS\08_Instrumentation_and_Analyzers\UPVC_Tube_Rotameter_Union_DN50_D63\LAP LLK 63.iam,D:\TAN -DU AN\TOSHIBA\120\3d\BON 1\FILTER\luu luong ke\LAP LLK 63.iam
08_Instrumentation_and_Analyzers,UPVC_Tube_Rotameter_Union_DN50_D63,nhua chan 2 dau.ipt,Part,185344,D:\INVENTOR_DATA\05_STANDARD_COMPONENTS\08_Instrumentation_and_Analyzers\UPVC_Tube_Rotameter_Union_DN50_D63\nhua chan 2 dau.ipt,D:\TAN -DU AN\TOSHIBA\120\3d\BON 1\FILTER\nhua chan 2 dau.ipt
08_Instrumentation_and_Analyzers,UPVC_Tube_Rotameter_Union_DN50_D63,ONG TRONG.ipt,Part,199168,D:\INVENTOR_DATA\05_STANDARD_COMPONENTS\08_Instrumentation_and_Analyzers\UPVC_Tube_Rotameter_Union_DN50_D63\ONG TRONG.ipt,D:\TAN -DU AN\TOSHIBA\120\3d\BON 1\FILTER\2m3 xuong chao\ong trong.ipt
08_Instrumentation_and_Analyzers,UPVC_Tube_Rotameter_Union_DN50_D63,racco 2 dau.ipt,Part,229376,D:\INVENTOR_DATA\05_STANDARD_COMPONENTS\08_Instrumentation_and_Analyzers\UPVC_Tube_Rotameter_Union_DN50_D63\racco 2 dau.ipt,D:\TAN -DU AN\TOSHIBA\120\3d\BON 1\FILTER\2m3 xuong chao\racco 2 dau.ipt
08_Instrumentation_and_Analyzers,UPVC_Tube_Rotameter_Union_DN50_D63,thanh inox.ipt,Part,87040,D:\INVENTOR_DATA\05_STANDARD_COMPONENTS\08_Instrumentation_and_Analyzers\UPVC_Tube_Rotameter_Union_DN50_D63\thanh inox.ipt,D:\TAN -DU AN\TOSHIBA\120\3d\BON 1\FILTER\thanh inox.ipt
08_Instrumentation_and_Analyzers,UPVC_Tube_Rotameter_Union_DN50_D63,UPVC_Tube_Rotameter_Union_DN50_D63.iam,Main Assembly,214528,D:\INVENTOR_DATA\05_STANDARD_COMPONENTS\08_Instrumentation_and_Analyzers\UPVC_Tube_Rotameter_Union_DN50_D63\UPVC_Tube_Rotameter_Union_DN50_D63.iam,Origin Created in Module
08_Instrumentation_and_Analyzers,UPVC_Tube_Rotameter_Union_DN65_D75,cuc do.ipt,Part,126464,D:\INVENTOR_DATA\05_STANDARD_COMPONENTS\08_Instrumentation_and_Analyzers\UPVC_Tube_Rotameter_Union_DN65_D75\cuc do.ipt,D:\TAN -DU AN\TOSHIBA\120\3d\BON 1\FILTER\cuc do.ipt
08_Instrumentation_and_Analyzers,UPVC_Tube_Rotameter_Union_DN65_D75,LAP LLK 75.iam,Assembly,181248,D:\INVENTOR_DATA\05_STANDARD_COMPONENTS\08_Instrumentation_and_Analyzers\UPVC_Tube_Rotameter_Union_DN65_D75\LAP LLK 75.iam,D:\TAN -DU AN\TOSHIBA\120\3d\BON 1\FILTER\LAP LLK 75.iam
08_Instrumentation_and_Analyzers,UPVC_Tube_Rotameter_Union_DN65_D75,LUU LUONG KE 75 - Copy.ipt,Part,231936,D:\INVENTOR_DATA\05_STANDARD_COMPONENTS\08_Instrumentation_and_Analyzers\UPVC_Tube_Rotameter_Union_DN65_D75\LUU LUONG KE 75 - Copy.ipt,D:\TAN -DU AN\TOSHIBA\120\3d\BON 1\FILTER\LUU LUONG KE 75 - Copy.ipt
08_Instrumentation_and_Analyzers,UPVC_Tube_Rotameter_Union_DN65_D75,nhua chan 2 dau.ipt,Part,185344,D:\INVENTOR_DATA\05_STANDARD_COMPONENTS\08_Instrumentation_and_Analyzers\UPVC_Tube_Rotameter_Union_DN65_D75\nhua chan 2 dau.ipt,D:\TAN -DU AN\TOSHIBA\120\3d\BON 1\FILTER\nhua chan 2 dau.ipt
08_Instrumentation_and_Analyzers,UPVC_Tube_Rotameter_Union_DN65_D75,thanh inox.ipt,Part,87040,D:\INVENTOR_DATA\05_STANDARD_COMPONENTS\08_Instrumentation_and_Analyzers\UPVC_Tube_Rotameter_Union_DN65_D75\thanh inox.ipt,D:\TAN -DU AN\TOSHIBA\120\3d\BON 1\FILTER\thanh inox.ipt
08_Instrumentation_and_Analyzers,UPVC_Tube_Rotameter_Union_DN65_D75,UPVC_Tube_Rotameter_Union_DN65_D75.iam,Main Assembly,181248,D:\INVENTOR_DATA\05_STANDARD_COMPONENTS\08_Instrumentation_and_Analyzers\UPVC_Tube_Rotameter_Union_DN65_D75\UPVC_Tube_Rotameter_Union_DN65_D75.iam,Origin Created in Module
08_Instrumentation_and_Analyzers,Ultrapure_Resistivity_Sensor_6mm,Ultrapure_Resistivity_Sensor_6mm.ipt,Part,662016,D:\INVENTOR_DATA\05_STANDARD_COMPONENTS\08_Instrumentation_and_Analyzers\Ultrapure_Resistivity_Sensor_6mm\Ultrapure_Resistivity_Sensor_6mm.ipt,Origin Created in Module
09_Electrical_Control_and_IoT,3in1_AC_Power_Entry_EMI_Filter_Module,3in1_AC_Power_Entry_EMI_Filter_Module.ipt,Part,598016,D:\INVENTOR_DATA\05_STANDARD_COMPONENTS\09_Electrical_Control_and_IoT\3in1_AC_Power_Entry_EMI_Filter_Module\3in1_AC_Power_Entry_EMI_Filter_Module.ipt,Origin Created in Module
09_Electrical_Control_and_IoT,Air_Quality_LED_Display_Board_600x400,Air_Quality_LED_Display_Board_600x400.iam,Main Assembly,2882048,D:\INVENTOR_DATA\05_STANDARD_COMPONENTS\09_Electrical_Control_and_IoT\Air_Quality_LED_Display_Board_600x400\Air_Quality_LED_Display_Board_600x400.iam,Origin Created in Module
09_Electrical_Control_and_IoT,Air_Quality_LED_Display_Board_600x400,CB ANH SANG.ipt,Part,1148416,D:\INVENTOR_DATA\05_STANDARD_COMPONENTS\09_Electrical_Control_and_IoT\Air_Quality_LED_Display_Board_600x400\CB ANH SANG.ipt,D:\TAN -DU AN\TOSHIBA\120\3d\BON 1\FILTER\cam bien\CAM BIEN KHI\CB ANH SANG.ipt
09_Electrical_Control_and_IoT,Air_Quality_LED_Display_Board_600x400,CB BUI.ipt,Part,2882048,D:\INVENTOR_DATA\05_STANDARD_COMPONENTS\09_Electrical_Control_and_IoT\Air_Quality_LED_Display_Board_600x400\CB BUI.ipt,D:\TAN -DU AN\TOSHIBA\120\3d\BON 1\FILTER\cam bien\CAM BIEN KHI\CB BUI.ipt
09_Electrical_Control_and_IoT,Air_Quality_LED_Display_Board_600x400,CB co2.ipt,Part,1935872,D:\INVENTOR_DATA\05_STANDARD_COMPONENTS\09_Electrical_Control_and_IoT\Air_Quality_LED_Display_Board_600x400\CB co2.ipt,D:\TAN -DU AN\TOSHIBA\120\3d\BON 1\FILTER\cam bien\CAM BIEN KHI\CB co2.ipt
09_Electrical_Control_and_IoT,Air_Quality_LED_Display_Board_600x400,CB ND DA.ipt,Part,3232256,D:\INVENTOR_DATA\05_STANDARD_COMPONENTS\09_Electrical_Control_and_IoT\Air_Quality_LED_Display_Board_600x400\CB ND DA.ipt,D:\TAN -DU AN\TOSHIBA\120\3d\BON 1\FILTER\cam bien\CAM BIEN KHI\CB ND DA.ipt
09_Electrical_Control_and_IoT,Air_Quality_LED_Display_Board_600x400,CO2.ipt,Part,793088,D:\INVENTOR_DATA\05_STANDARD_COMPONENTS\09_Electrical_Control_and_IoT\Air_Quality_LED_Display_Board_600x400\CO2.ipt,D:\TAN -DU AN\TOSHIBA\120\3d\BON 1\DAI VIET\IOT\CAM BIEN KHI\CO2.ipt
09_Electrical_Control_and_IoT,Air_Quality_LED_Display_Board_600x400,hop 30x20x16.ipt,Part,656896,D:\INVENTOR_DATA\05_STANDARD_COMPONENTS\09_Electrical_Control_and_IoT\Air_Quality_LED_Display_Board_600x400\hop 30x20x16.ipt,D:\TAN -DU AN\TOSHIBA\120\3d\BON 1\DAI VIET\IOT\box china\hop 30x20x16.ipt
09_Electrical_Control_and_IoT,Air_Quality_LED_Display_Board_600x400,ILLUMINATION.ipt,Part,793600,D:\INVENTOR_DATA\05_STANDARD_COMPONENTS\09_Electrical_Control_and_IoT\Air_Quality_LED_Display_Board_600x400\ILLUMINATION.ipt,D:\TAN -DU AN\TOSHIBA\120\3d\BON 1\DAI VIET\IOT\CAM BIEN KHI\ILLUMINATION.ipt
09_Electrical_Control_and_IoT,Air_Quality_LED_Display_Board_600x400,ISO 4161 - M6(1).ipt,Part,198656,D:\INVENTOR_DATA\05_STANDARD_COMPONENTS\09_Electrical_Control_and_IoT\Air_Quality_LED_Display_Board_600x400\ISO 4161 - M6(1).ipt,D:\TAN -DU AN\TOSHIBA\120\3d\BON 1\FILTER\ISO 4161 - M6(1).ipt
09_Electrical_Control_and_IoT,Air_Quality_LED_Display_Board_600x400,LAP HOP 20X30X16.iam,Assembly,461312,D:\INVENTOR_DATA\05_STANDARD_COMPONENTS\09_Electrical_Control_and_IoT\Air_Quality_LED_Display_Board_600x400\LAP HOP 20X30X16.iam,D:\TAN -DU AN\TOSHIBA\120\3d\BON 1\DAI VIET\IOT\box china\LAP HOP 20X30X16.iam
09_Electrical_Control_and_IoT,Air_Quality_LED_Display_Board_600x400,lap led.iam,Assembly,2882048,D:\INVENTOR_DATA\05_STANDARD_COMPONENTS\09_Electrical_Control_and_IoT\Air_Quality_LED_Display_Board_600x400\lap led.iam,D:\TAN -DU AN\TOSHIBA\120\3d\BON 1\DAI VIET\QUAN TRAC NAM PHUONG\lap led.iam
09_Electrical_Control_and_IoT,Air_Quality_LED_Display_Board_600x400,LAP QUAN TRAC.iam,Assembly,6412800,D:\INVENTOR_DATA\05_STANDARD_COMPONENTS\09_Electrical_Control_and_IoT\Air_Quality_LED_Display_Board_600x400\LAP QUAN TRAC.iam,D:\TAN -DU AN\TOSHIBA\120\3d\BON 1\DAI VIET\QUAN TRAC NAM PHUONG\LAP QUAN TRAC.iam
09_Electrical_Control_and_IoT,Air_Quality_LED_Display_Board_600x400,lap tru led.iam,Assembly,11449856,D:\INVENTOR_DATA\05_STANDARD_COMPONENTS\09_Electrical_Control_and_IoT\Air_Quality_LED_Display_Board_600x400\lap tru led.iam,D:\TAN -DU AN\TOSHIBA\120\3d\BON 1\DAI VIET\QUAN TRAC NAM PHUONG\lap tru led.iam
09_Electrical_Control_and_IoT,Air_Quality_LED_Display_Board_600x400,led.ipt,Part,3052032,D:\INVENTOR_DATA\05_STANDARD_COMPONENTS\09_Electrical_Control_and_IoT\Air_Quality_LED_Display_Board_600x400\led.ipt,D:\TAN -DU AN\TOSHIBA\120\3d\BON 1\DAI VIET\QUAN TRAC NAM PHUONG\led.ipt
09_Electrical_Control_and_IoT,Air_Quality_LED_Display_Board_600x400,NAP hop 30x20x16.ipt,Part,734720,D:\INVENTOR_DATA\05_STANDARD_COMPONENTS\09_Electrical_Control_and_IoT\Air_Quality_LED_Display_Board_600x400\NAP hop 30x20x16.ipt,D:\TAN -DU AN\TOSHIBA\120\3d\BON 1\DAI VIET\IOT\box china\NAP hop 30x20x16.ipt
09_Electrical_Control_and_IoT,Air_Quality_LED_Display_Board_600x400,pat.ipt,Part,141312,D:\INVENTOR_DATA\05_STANDARD_COMPONENTS\09_Electrical_Control_and_IoT\Air_Quality_LED_Display_Board_600x400\pat.ipt,D:\TAN -DU AN\TOSHIBA\120\3d\BON 1\DAI VIET\IOT\box china\pat.ipt
09_Electrical_Control_and_IoT,Air_Quality_LED_Display_Board_600x400,pat_MIR.ipt,Part,112128,D:\INVENTOR_DATA\05_STANDARD_COMPONENTS\09_Electrical_Control_and_IoT\Air_Quality_LED_Display_Board_600x400\pat_MIR.ipt,D:\TAN -DU AN\TOSHIBA\120\3d\BON 1\DAI VIET\IOT\box china\pat_MIR.ipt
09_Electrical_Control_and_IoT,Air_Quality_LED_Display_Board_600x400,pat_MIR1.ipt,Part,111616,D:\INVENTOR_DATA\05_STANDARD_COMPONENTS\09_Electrical_Control_and_IoT\Air_Quality_LED_Display_Board_600x400\pat_MIR1.ipt,D:\TAN -DU AN\TOSHIBA\120\3d\BON 1\DAI VIET\IOT\box china\pat_MIR1.ipt
09_Electrical_Control_and_IoT,Air_Quality_LED_Display_Board_600x400,pat_MIR2.ipt,Part,124928,D:\INVENTOR_DATA\05_STANDARD_COMPONENTS\09_Electrical_Control_and_IoT\Air_Quality_LED_Display_Board_600x400\pat_MIR2.ipt,D:\TAN -DU AN\TOSHIBA\120\3d\BON 1\DAI VIET\IOT\box china\pat_MIR2.ipt
09_Electrical_Control_and_IoT,Air_Quality_LED_Display_Board_600x400,pat_MIR2_MIR.ipt,Part,121344,D:\INVENTOR_DATA\05_STANDARD_COMPONENTS\09_Electrical_Control_and_IoT\Air_Quality_LED_Display_Board_600x400\pat_MIR2_MIR.ipt,D:\TAN -DU AN\TOSHIBA\120\3d\BON 1\DAI VIET\IOT\box china\pat_MIR2_MIR.ipt
09_Electrical_Control_and_IoT,Air_Quality_LED_Display_Board_600x400,pat_MIR3.ipt,Part,122880,D:\INVENTOR_DATA\05_STANDARD_COMPONENTS\09_Electrical_Control_and_IoT\Air_Quality_LED_Display_Board_600x400\pat_MIR3.ipt,D:\TAN -DU AN\TOSHIBA\120\3d\BON 1\DAI VIET\IOT\box china\pat_MIR3.ipt
09_Electrical_Control_and_IoT,Air_Quality_LED_Display_Board_600x400,pat_MIR4.ipt,Part,122880,D:\INVENTOR_DATA\05_STANDARD_COMPONENTS\09_Electrical_Control_and_IoT\Air_Quality_LED_Display_Board_600x400\pat_MIR4.ipt,D:\TAN -DU AN\TOSHIBA\120\3d\BON 1\DAI VIET\IOT\box china\pat_MIR4.ipt
09_Electrical_Control_and_IoT,Air_Quality_LED_Display_Board_600x400,pat_MIR_MIR.ipt,Part,109056,D:\INVENTOR_DATA\05_STANDARD_COMPONENTS\09_Electrical_Control_and_IoT\Air_Quality_LED_Display_Board_600x400\pat_MIR_MIR.ipt,D:\TAN -DU AN\TOSHIBA\120\3d\BON 1\DAI VIET\IOT\box china\pat_MIR_MIR.ipt
09_Electrical_Control_and_IoT,Air_Quality_LED_Display_Board_600x400,PG INOX.ipt,Part,282624,D:\INVENTOR_DATA\05_STANDARD_COMPONENTS\09_Electrical_Control_and_IoT\Air_Quality_LED_Display_Board_600x400\PG INOX.ipt,D:\TAN -DU AN\TOSHIBA\120\3d\BON 1\MAY OZON\PG INOX.ipt
09_Electrical_Control_and_IoT,Air_Quality_LED_Display_Board_600x400,PM2.5 PM10.ipt,Part,794112,D:\INVENTOR_DATA\05_STANDARD_COMPONENTS\09_Electrical_Control_and_IoT\Air_Quality_LED_Display_Board_600x400\PM2.5 PM10.ipt,D:\TAN -DU AN\TOSHIBA\120\3d\BON 1\DAI VIET\IOT\CAM BIEN KHI\PM2.5 PM10.ipt
09_Electrical_Control_and_IoT,Air_Quality_LED_Display_Board_600x400,TAM MECA 600X400.ipt,Part,306176,D:\INVENTOR_DATA\05_STANDARD_COMPONENTS\09_Electrical_Control_and_IoT\Air_Quality_LED_Display_Board_600x400\TAM MECA 600X400.ipt,D:\TAN -DU AN\TOSHIBA\120\3d\BON 1\DAI VIET\QUAN TRAC NAM PHUONG\TAM MECA 600X400.ipt
09_Electrical_Control_and_IoT,Air_Quality_LED_Display_Board_600x400,taplo.ipt,Part,377344,D:\INVENTOR_DATA\05_STANDARD_COMPONENTS\09_Electrical_Control_and_IoT\Air_Quality_LED_Display_Board_600x400\taplo.ipt,D:\TAN -DU AN\TOSHIBA\120\3d\BON 1\DAI VIET\IOT\box china\taplo.ipt
09_Electrical_Control_and_IoT,Air_Quality_LED_Display_Board_600x400,TEMP HUMI.ipt,Part,793600,D:\INVENTOR_DATA\05_STANDARD_COMPONENTS\09_Electrical_Control_and_IoT\Air_Quality_LED_Display_Board_600x400\TEMP HUMI.ipt,D:\TAN -DU AN\TOSHIBA\120\3d\BON 1\DAI VIET\IOT\CAM BIEN KHI\TEMP HUMI.ipt
09_Electrical_Control_and_IoT,Air_Quality_LED_Display_Board_600x400,WORKING MAN-wHard Hat.ipt,Part,18400256,D:\INVENTOR_DATA\05_STANDARD_COMPONENTS\09_Electrical_Control_and_IoT\Air_Quality_LED_Display_Board_600x400\WORKING MAN-wHard Hat.ipt,D:\TAN -DU AN\TOSHIBA\120\3d\BON 1\WORKING MAN-wHard Hat.ipt
09_Electrical_Control_and_IoT,Air_Temp_Humidity_Sensor_RS485,Air_Temp_Humidity_Sensor_RS485.ipt,Part,3232256,D:\INVENTOR_DATA\05_STANDARD_COMPONENTS\09_Electrical_Control_and_IoT\Air_Temp_Humidity_Sensor_RS485\Air_Temp_Humidity_Sensor_RS485.ipt,Origin Created in Module
09_Electrical_Control_and_IoT,Alarm_Warning_Beacon_Light_24VDC_Red,Alarm_Warning_Beacon_Light_24VDC_Red.ipt,Part,573440,D:\INVENTOR_DATA\05_STANDARD_COMPONENTS\09_Electrical_Control_and_IoT\Alarm_Warning_Beacon_Light_24VDC_Red\Alarm_Warning_Beacon_Light_24VDC_Red.ipt,Origin Created in Module
09_Electrical_Control_and_IoT,Ambient_Light_Sensor_RS485_Modbus,Ambient_Light_Sensor_RS485_Modbus.ipt,Part,1148416,D:\INVENTOR_DATA\05_STANDARD_COMPONENTS\09_Electrical_Control_and_IoT\Ambient_Light_Sensor_RS485_Modbus\Ambient_Light_Sensor_RS485_Modbus.ipt,Origin Created in Module
09_Electrical_Control_and_IoT,Boxco_Plastic_Enclosure_300x200x130,Boxco_Plastic_Enclosure_300x200x130.iam,Main Assembly,293888,D:\INVENTOR_DATA\05_STANDARD_COMPONENTS\09_Electrical_Control_and_IoT\Boxco_Plastic_Enclosure_300x200x130\Boxco_Plastic_Enclosure_300x200x130.iam,Origin Created in Module
09_Electrical_Control_and_IoT,Boxco_Plastic_Enclosure_300x200x130,hop 30x20x13.ipt,Part,490496,D:\INVENTOR_DATA\05_STANDARD_COMPONENTS\09_Electrical_Control_and_IoT\Boxco_Plastic_Enclosure_300x200x130\hop 30x20x13.ipt,D:\TAN -DU AN\TOSHIBA\120\3d\BON 1\DAI VIET\IOT\BOXCO H130\hop 30x20x13.ipt
09_Electrical_Control_and_IoT,Boxco_Plastic_Enclosure_300x200x130,LAP HOP 20X30X13.iam,Assembly,293888,D:\INVENTOR_DATA\05_STANDARD_COMPONENTS\09_Electrical_Control_and_IoT\Boxco_Plastic_Enclosure_300x200x130\LAP HOP 20X30X13.iam,D:\TAN -DU AN\TOSHIBA\120\3d\BON 1\DAI VIET\IOT\BOXCO H130\LAP HOP 20X30X13.iam
09_Electrical_Control_and_IoT,Boxco_Plastic_Enclosure_300x200x130,NAP hop 30x20x13.ipt,Part,392704,D:\INVENTOR_DATA\05_STANDARD_COMPONENTS\09_Electrical_Control_and_IoT\Boxco_Plastic_Enclosure_300x200x130\NAP hop 30x20x13.ipt,D:\TAN -DU AN\TOSHIBA\120\3d\BON 1\DAI VIET\IOT\BOXCO H130\NAP hop 30x20x13.ipt
09_Electrical_Control_and_IoT,Boxco_Plastic_Enclosure_300x200x130,pat.ipt,Part,120832,D:\INVENTOR_DATA\05_STANDARD_COMPONENTS\09_Electrical_Control_and_IoT\Boxco_Plastic_Enclosure_300x200x130\pat.ipt,D:\TAN -DU AN\TOSHIBA\120\3d\BON 1\DAI VIET\IOT\BOXCO H130\pat.ipt
09_Electrical_Control_and_IoT,Boxco_Plastic_Enclosure_300x200x130,pat_MIR.ipt,Part,112128,D:\INVENTOR_DATA\05_STANDARD_COMPONENTS\09_Electrical_Control_and_IoT\Boxco_Plastic_Enclosure_300x200x130\pat_MIR.ipt,D:\TAN -DU AN\TOSHIBA\120\3d\BON 1\DAI VIET\IOT\box china\pat_MIR.ipt
09_Electrical_Control_and_IoT,Boxco_Plastic_Enclosure_300x200x130,pat_MIR1.ipt,Part,111616,D:\INVENTOR_DATA\05_STANDARD_COMPONENTS\09_Electrical_Control_and_IoT\Boxco_Plastic_Enclosure_300x200x130\pat_MIR1.ipt,D:\TAN -DU AN\TOSHIBA\120\3d\BON 1\DAI VIET\IOT\box china\pat_MIR1.ipt
09_Electrical_Control_and_IoT,Boxco_Plastic_Enclosure_300x200x130,pat_MIR2.ipt,Part,112640,D:\INVENTOR_DATA\05_STANDARD_COMPONENTS\09_Electrical_Control_and_IoT\Boxco_Plastic_Enclosure_300x200x130\pat_MIR2.ipt,D:\TAN -DU AN\TOSHIBA\120\3d\BON 1\DAI VIET\IOT\BOXCO H130\pat_MIR2.ipt
09_Electrical_Control_and_IoT,Boxco_Plastic_Enclosure_300x200x130,pat_MIR_MIR.ipt,Part,109056,D:\INVENTOR_DATA\05_STANDARD_COMPONENTS\09_Electrical_Control_and_IoT\Boxco_Plastic_Enclosure_300x200x130\pat_MIR_MIR.ipt,D:\TAN -DU AN\TOSHIBA\120\3d\BON 1\DAI VIET\IOT\box china\pat_MIR_MIR.ipt
09_Electrical_Control_and_IoT,Boxco_Plastic_Enclosure_300x200x130,taplo.ipt,Part,279552,D:\INVENTOR_DATA\05_STANDARD_COMPONENTS\09_Electrical_Control_and_IoT\Boxco_Plastic_Enclosure_300x200x130\taplo.ipt,D:\TAN -DU AN\TOSHIBA\120\3d\BON 1\DAI VIET\IOT\BOXCO H130\taplo.ipt
09_Electrical_Control_and_IoT,Boxco_Plastic_Enclosure_300x200x180,Boxco_Plastic_Enclosure_300x200x180.iam,Main Assembly,272384,D:\INVENTOR_DATA\05_STANDARD_COMPONENTS\09_Electrical_Control_and_IoT\Boxco_Plastic_Enclosure_300x200x180\Boxco_Plastic_Enclosure_300x200x180.iam,Origin Created in Module
09_Electrical_Control_and_IoT,Boxco_Plastic_Enclosure_300x200x180,hop 30x20x18.ipt,Part,498688,D:\INVENTOR_DATA\05_STANDARD_COMPONENTS\09_Electrical_Control_and_IoT\Boxco_Plastic_Enclosure_300x200x180\hop 30x20x18.ipt,D:\TAN -DU AN\TOSHIBA\120\3d\BON 1\DAI VIET\IOT\BOXCO H180\hop 30x20x18.ipt
09_Electrical_Control_and_IoT,Boxco_Plastic_Enclosure_300x200x180,LAP HOP 20X30X18.iam,Assembly,272384,D:\INVENTOR_DATA\05_STANDARD_COMPONENTS\09_Electrical_Control_and_IoT\Boxco_Plastic_Enclosure_300x200x180\LAP HOP 20X30X18.iam,D:\TAN -DU AN\TOSHIBA\120\3d\BON 1\DAI VIET\IOT\BOXCO H180\LAP HOP 20X30X18.iam
09_Electrical_Control_and_IoT,Boxco_Plastic_Enclosure_300x200x180,NAP hop 30x20x18.ipt,Part,404992,D:\INVENTOR_DATA\05_STANDARD_COMPONENTS\09_Electrical_Control_and_IoT\Boxco_Plastic_Enclosure_300x200x180\NAP hop 30x20x18.ipt,D:\TAN -DU AN\TOSHIBA\120\3d\BON 1\DAI VIET\IOT\BOXCO H180\NAP hop 30x20x18.ipt
09_Electrical_Control_and_IoT,Boxco_Plastic_Enclosure_300x200x180,pat.ipt,Part,228864,D:\INVENTOR_DATA\05_STANDARD_COMPONENTS\09_Electrical_Control_and_IoT\Boxco_Plastic_Enclosure_300x200x180\pat.ipt,D:\TAN -DU AN\TOSHIBA\120\3d\BON 1\DAI VIET\IOT\BOXCO H180\pat.ipt
09_Electrical_Control_and_IoT,Boxco_Plastic_Enclosure_300x200x180,pat_MIR.ipt,Part,112128,D:\INVENTOR_DATA\05_STANDARD_COMPONENTS\09_Electrical_Control_and_IoT\Boxco_Plastic_Enclosure_300x200x180\pat_MIR.ipt,D:\TAN -DU AN\TOSHIBA\120\3d\BON 1\DAI VIET\IOT\box china\pat_MIR.ipt
09_Electrical_Control_and_IoT,Boxco_Plastic_Enclosure_300x200x180,pat_MIR1.ipt,Part,111616,D:\INVENTOR_DATA\05_STANDARD_COMPONENTS\09_Electrical_Control_and_IoT\Boxco_Plastic_Enclosure_300x200x180\pat_MIR1.ipt,D:\TAN -DU AN\TOSHIBA\120\3d\BON 1\DAI VIET\IOT\box china\pat_MIR1.ipt
09_Electrical_Control_and_IoT,Boxco_Plastic_Enclosure_300x200x180,pat_MIR_MIR.ipt,Part,109056,D:\INVENTOR_DATA\05_STANDARD_COMPONENTS\09_Electrical_Control_and_IoT\Boxco_Plastic_Enclosure_300x200x180\pat_MIR_MIR.ipt,D:\TAN -DU AN\TOSHIBA\120\3d\BON 1\DAI VIET\IOT\box china\pat_MIR_MIR.ipt
09_Electrical_Control_and_IoT,Boxco_Plastic_Enclosure_300x200x180,taplo.ipt,Part,278016,D:\INVENTOR_DATA\05_STANDARD_COMPONENTS\09_Electrical_Control_and_IoT\Boxco_Plastic_Enclosure_300x200x180\taplo.ipt,D:\TAN -DU AN\TOSHIBA\120\3d\BON 1\DAI VIET\IOT\BOXCO 400X500X200\taplo.ipt
09_Electrical_Control_and_IoT,Boxco_Plastic_Enclosure_400x500x200,Boxco_Plastic_Enclosure_400x500x200.iam,Main Assembly,545792,D:\INVENTOR_DATA\05_STANDARD_COMPONENTS\09_Electrical_Control_and_IoT\Boxco_Plastic_Enclosure_400x500x200\Boxco_Plastic_Enclosure_400x500x200.iam,Origin Created in Module
09_Electrical_Control_and_IoT,Boxco_Plastic_Enclosure_400x500x200,DEN - red.ipt,Part,344064,D:\INVENTOR_DATA\05_STANDARD_COMPONENTS\09_Electrical_Control_and_IoT\Boxco_Plastic_Enclosure_400x500x200\DEN - red.ipt,D:\TAN -DU AN\TOSHIBA\120\3d\BON 1\MAY OZON\DEN - red.ipt
09_Electrical_Control_and_IoT,Boxco_Plastic_Enclosure_400x500x200,HMI 7IN KINSEAL.ipt,Part,768000,D:\INVENTOR_DATA\05_STANDARD_COMPONENTS\09_Electrical_Control_and_IoT\Boxco_Plastic_Enclosure_400x500x200\HMI 7IN KINSEAL.ipt,D:\TAN -DU AN\TOSHIBA\120\3d\BON 1\DAI VIET\IOT\HMI KINSEAL\HMI 7IN KINSEAL.ipt
09_Electrical_Control_and_IoT,Boxco_Plastic_Enclosure_400x500x200,hop 40x50x20.ipt,Part,520704,D:\INVENTOR_DATA\05_STANDARD_COMPONENTS\09_Electrical_Control_and_IoT\Boxco_Plastic_Enclosure_400x500x200\hop 40x50x20.ipt,D:\TAN -DU AN\TOSHIBA\120\3d\BON 1\DAI VIET\IOT\BOXCO 400X500X200\hop 40x50x20.ipt
09_Electrical_Control_and_IoT,Boxco_Plastic_Enclosure_400x500x200,LAP HOP 40x50x20.iam,Assembly,545792,D:\INVENTOR_DATA\05_STANDARD_COMPONENTS\09_Electrical_Control_and_IoT\Boxco_Plastic_Enclosure_400x500x200\LAP HOP 40x50x20.iam,D:\TAN -DU AN\TOSHIBA\120\3d\BON 1\DAI VIET\IOT\BOXCO 400X500X200\LAP HOP 40x50x20.iam
09_Electrical_Control_and_IoT,Boxco_Plastic_Enclosure_400x500x200,NAP hop 40x50x20.ipt,Part,1057792,D:\INVENTOR_DATA\05_STANDARD_COMPONENTS\09_Electrical_Control_and_IoT\Boxco_Plastic_Enclosure_400x500x200\NAP hop 40x50x20.ipt,D:\TAN -DU AN\TOSHIBA\120\3d\BON 1\DAI VIET\IOT\BOXCO 400X500X200\NAP hop 40x50x20.ipt
09_Electrical_Control_and_IoT,Boxco_Plastic_Enclosure_400x500x200,pat.ipt,Part,120320,D:\INVENTOR_DATA\05_STANDARD_COMPONENTS\09_Electrical_Control_and_IoT\Boxco_Plastic_Enclosure_400x500x200\pat.ipt,D:\TAN -DU AN\TOSHIBA\120\3d\BON 1\DAI VIET\IOT\BOXCO 400X500X200\pat.ipt
09_Electrical_Control_and_IoT,Boxco_Plastic_Enclosure_400x500x200,pat_MIR.ipt,Part,112128,D:\INVENTOR_DATA\05_STANDARD_COMPONENTS\09_Electrical_Control_and_IoT\Boxco_Plastic_Enclosure_400x500x200\pat_MIR.ipt,D:\TAN -DU AN\TOSHIBA\120\3d\BON 1\DAI VIET\IOT\box china\pat_MIR.ipt
09_Electrical_Control_and_IoT,Boxco_Plastic_Enclosure_400x500x200,pat_MIR1.ipt,Part,111616,D:\INVENTOR_DATA\05_STANDARD_COMPONENTS\09_Electrical_Control_and_IoT\Boxco_Plastic_Enclosure_400x500x200\pat_MIR1.ipt,D:\TAN -DU AN\TOSHIBA\120\3d\BON 1\DAI VIET\IOT\box china\pat_MIR1.ipt
09_Electrical_Control_and_IoT,Boxco_Plastic_Enclosure_400x500x200,pat_MIR2.ipt,Part,112128,D:\INVENTOR_DATA\05_STANDARD_COMPONENTS\09_Electrical_Control_and_IoT\Boxco_Plastic_Enclosure_400x500x200\pat_MIR2.ipt,D:\TAN -DU AN\TOSHIBA\120\3d\BON 1\DAI VIET\IOT\BOXCO 400X500X200\pat_MIR2.ipt
09_Electrical_Control_and_IoT,Boxco_Plastic_Enclosure_400x500x200,pat_MIR2_MIR.ipt,Part,109056,D:\INVENTOR_DATA\05_STANDARD_COMPONENTS\09_Electrical_Control_and_IoT\Boxco_Plastic_Enclosure_400x500x200\pat_MIR2_MIR.ipt,D:\TAN -DU AN\TOSHIBA\120\3d\BON 1\DAI VIET\IOT\BOXCO 400X500X200\pat_MIR2_MIR.ipt
09_Electrical_Control_and_IoT,Boxco_Plastic_Enclosure_400x500x200,pat_MIR3.ipt,Part,111616,D:\INVENTOR_DATA\05_STANDARD_COMPONENTS\09_Electrical_Control_and_IoT\Boxco_Plastic_Enclosure_400x500x200\pat_MIR3.ipt,D:\TAN -DU AN\TOSHIBA\120\3d\BON 1\DAI VIET\IOT\BOXCO 400X500X200\pat_MIR3.ipt
09_Electrical_Control_and_IoT,Boxco_Plastic_Enclosure_400x500x200,pat_MIR4.ipt,Part,112640,D:\INVENTOR_DATA\05_STANDARD_COMPONENTS\09_Electrical_Control_and_IoT\Boxco_Plastic_Enclosure_400x500x200\pat_MIR4.ipt,D:\TAN -DU AN\TOSHIBA\120\3d\BON 1\DAI VIET\IOT\BOXCO 400X500X200\pat_MIR4.ipt
09_Electrical_Control_and_IoT,Boxco_Plastic_Enclosure_400x500x200,pat_MIR4_MIR.ipt,Part,109568,D:\INVENTOR_DATA\05_STANDARD_COMPONENTS\09_Electrical_Control_and_IoT\Boxco_Plastic_Enclosure_400x500x200\pat_MIR4_MIR.ipt,D:\TAN -DU AN\TOSHIBA\120\3d\BON 1\DAI VIET\IOT\BOXCO 400X500X200\pat_MIR4_MIR.ipt
09_Electrical_Control_and_IoT,Boxco_Plastic_Enclosure_400x500x200,pat_MIR5.ipt,Part,111616,D:\INVENTOR_DATA\05_STANDARD_COMPONENTS\09_Electrical_Control_and_IoT\Boxco_Plastic_Enclosure_400x500x200\pat_MIR5.ipt,D:\TAN -DU AN\TOSHIBA\120\3d\BON 1\DAI VIET\IOT\BOXCO 400X500X200\pat_MIR5.ipt
09_Electrical_Control_and_IoT,Boxco_Plastic_Enclosure_400x500x200,pat_MIR_MIR.ipt,Part,109056,D:\INVENTOR_DATA\05_STANDARD_COMPONENTS\09_Electrical_Control_and_IoT\Boxco_Plastic_Enclosure_400x500x200\pat_MIR_MIR.ipt,D:\TAN -DU AN\TOSHIBA\120\3d\BON 1\DAI VIET\IOT\box china\pat_MIR_MIR.ipt
09_Electrical_Control_and_IoT,Boxco_Plastic_Enclosure_400x500x200,PG INOX.ipt,Part,282624,D:\INVENTOR_DATA\05_STANDARD_COMPONENTS\09_Electrical_Control_and_IoT\Boxco_Plastic_Enclosure_400x500x200\PG INOX.ipt,D:\TAN -DU AN\TOSHIBA\120\3d\BON 1\MAY OZON\PG INOX.ipt
09_Electrical_Control_and_IoT,Boxco_Plastic_Enclosure_400x500x200,PG INOX_MIR1.ipt,Part,221696,D:\INVENTOR_DATA\05_STANDARD_COMPONENTS\09_Electrical_Control_and_IoT\Boxco_Plastic_Enclosure_400x500x200\PG INOX_MIR1.ipt,D:\TAN -DU AN\TOSHIBA\120\3d\BON 1\MAY OZON\PG INOX_MIR1.ipt
09_Electrical_Control_and_IoT,Boxco_Plastic_Enclosure_400x500x200,taplo.ipt,Part,278016,D:\INVENTOR_DATA\05_STANDARD_COMPONENTS\09_Electrical_Control_and_IoT\Boxco_Plastic_Enclosure_400x500x200\taplo.ipt,D:\TAN -DU AN\TOSHIBA\120\3d\BON 1\DAI VIET\IOT\BOXCO 400X500X200\taplo.ipt
09_Electrical_Control_and_IoT,CHINT_1P_Miniature_Circuit_Breaker,CHINT_1P_Miniature_Circuit_Breaker.ipt,Part,509952,D:\INVENTOR_DATA\05_STANDARD_COMPONENTS\09_Electrical_Control_and_IoT\CHINT_1P_Miniature_Circuit_Breaker\CHINT_1P_Miniature_Circuit_Breaker.ipt,Origin Created in Module
09_Electrical_Control_and_IoT,CO2_Air_Quality_Sensor_RS485,CO2_Air_Quality_Sensor_RS485.ipt,Part,1935872,D:\INVENTOR_DATA\05_STANDARD_COMPONENTS\09_Electrical_Control_and_IoT\CO2_Air_Quality_Sensor_RS485\CO2_Air_Quality_Sensor_RS485.ipt,Origin Created in Module
09_Electrical_Control_and_IoT,DIN_Rail_Cartridge_Fuse_Holder_10x38,DIN_Rail_Cartridge_Fuse_Holder_10x38.ipt,Part,571392,D:\INVENTOR_DATA\05_STANDARD_COMPONENTS\09_Electrical_Control_and_IoT\DIN_Rail_Cartridge_Fuse_Holder_10x38\DIN_Rail_Cartridge_Fuse_Holder_10x38.ipt,Origin Created in Module
09_Electrical_Control_and_IoT,GreatControl_2CH_Analog_to_RS485_Module,ANALOG.ipt,Part,3131392,D:\INVENTOR_DATA\05_STANDARD_COMPONENTS\09_Electrical_Control_and_IoT\GreatControl_2CH_Analog_to_RS485_Module\ANALOG.ipt,D:\TAN -DU AN\TOSHIBA\120\3d\BON 1\DAI VIET\IOT\ANALOG\ANALOG.ipt
09_Electrical_Control_and_IoT,GreatControl_2CH_Analog_to_RS485_Module,CHOT GAI - Copy.ipt,Part,272384,D:\INVENTOR_DATA\05_STANDARD_COMPONENTS\09_Electrical_Control_and_IoT\GreatControl_2CH_Analog_to_RS485_Module\CHOT GAI - Copy.ipt,D:\TAN -DU AN\TOSHIBA\120\3d\BON 1\DAI VIET\IOT\ANALOG\CHOT GAI - Copy.ipt
09_Electrical_Control_and_IoT,GreatControl_2CH_Analog_to_RS485_Module,CHOT GAI.ipt,Part,313856,D:\INVENTOR_DATA\05_STANDARD_COMPONENTS\09_Electrical_Control_and_IoT\GreatControl_2CH_Analog_to_RS485_Module\CHOT GAI.ipt,D:\TAN -DU AN\TOSHIBA\120\3d\BON 1\DAI VIET\IOT\ANALOG\CHOT GAI.ipt
09_Electrical_Control_and_IoT,GreatControl_2CH_Analog_to_RS485_Module,DOMINO.ipt,Part,298496,D:\INVENTOR_DATA\05_STANDARD_COMPONENTS\09_Electrical_Control_and_IoT\GreatControl_2CH_Analog_to_RS485_Module\DOMINO.ipt,D:\TAN -DU AN\TOSHIBA\120\3d\BON 1\DAI VIET\IOT\ANALOG\DOMINO.ipt
09_Electrical_Control_and_IoT,GreatControl_2CH_Analog_to_RS485_Module,DOMINO_MIR.ipt,Part,293888,D:\INVENTOR_DATA\05_STANDARD_COMPONENTS\09_Electrical_Control_and_IoT\GreatControl_2CH_Analog_to_RS485_Module\DOMINO_MIR.ipt,D:\TAN -DU AN\TOSHIBA\120\3d\BON 1\DAI VIET\IOT\ANALOG\DOMINO_MIR.ipt
09_Electrical_Control_and_IoT,GreatControl_2CH_Analog_to_RS485_Module,DOMINO_MIR1.ipt,Part,293888,D:\INVENTOR_DATA\05_STANDARD_COMPONENTS\09_Electrical_Control_and_IoT\GreatControl_2CH_Analog_to_RS485_Module\DOMINO_MIR1.ipt,D:\TAN -DU AN\TOSHIBA\120\3d\BON 1\DAI VIET\IOT\ANALOG\DOMINO_MIR1.ipt
09_Electrical_Control_and_IoT,GreatControl_2CH_Analog_to_RS485_Module,GreatControl_2CH_Analog_to_RS485_Module.iam,Main Assembly,2976256,D:\INVENTOR_DATA\05_STANDARD_COMPONENTS\09_Electrical_Control_and_IoT\GreatControl_2CH_Analog_to_RS485_Module\GreatControl_2CH_Analog_to_RS485_Module.iam,Origin Created in Module
09_Electrical_Control_and_IoT,GreatControl_2CH_Analog_to_RS485_Module,LAP DAM4108.iam,Assembly,532992,D:\INVENTOR_DATA\05_STANDARD_COMPONENTS\09_Electrical_Control_and_IoT\GreatControl_2CH_Analog_to_RS485_Module\LAP DAM4108.iam,D:\TAN -DU AN\TOSHIBA\120\3d\BON 1\DAI VIET\IOT\ANALOG\LAP DAM4108.iam
09_Electrical_Control_and_IoT,GreatControl_2CH_Analog_to_RS485_Module,lap hop analog.iam,Assembly,2976256,D:\INVENTOR_DATA\05_STANDARD_COMPONENTS\09_Electrical_Control_and_IoT\GreatControl_2CH_Analog_to_RS485_Module\lap hop analog.iam,D:\TAN -DU AN\TOSHIBA\120\3d\BON 1\DAI VIET\IOT\ANALOG\lap hop analog.iam
09_Electrical_Control_and_IoT,GreatControl_2CH_Analog_to_RS485_Module,VO DAM4108.ipt,Part,770048,D:\INVENTOR_DATA\05_STANDARD_COMPONENTS\09_Electrical_Control_and_IoT\GreatControl_2CH_Analog_to_RS485_Module\VO DAM4108.ipt,D:\TAN -DU AN\TOSHIBA\120\3d\BON 1\DAI VIET\IOT\ANALOG\VO DAM4108.ipt
09_Electrical_Control_and_IoT,GreatControl_8CH_Analog_to_RS485_Module,ANALOG.ipt,Part,3131392,D:\INVENTOR_DATA\05_STANDARD_COMPONENTS\09_Electrical_Control_and_IoT\GreatControl_8CH_Analog_to_RS485_Module\ANALOG.ipt,D:\TAN -DU AN\TOSHIBA\120\3d\BON 1\DAI VIET\IOT\ANALOG\ANALOG.ipt
09_Electrical_Control_and_IoT,GreatControl_8CH_Analog_to_RS485_Module,CHOT GAI - Copy.ipt,Part,272384,D:\INVENTOR_DATA\05_STANDARD_COMPONENTS\09_Electrical_Control_and_IoT\GreatControl_8CH_Analog_to_RS485_Module\CHOT GAI - Copy.ipt,D:\TAN -DU AN\TOSHIBA\120\3d\BON 1\DAI VIET\IOT\ANALOG\CHOT GAI - Copy.ipt
09_Electrical_Control_and_IoT,GreatControl_8CH_Analog_to_RS485_Module,CHOT GAI.ipt,Part,313856,D:\INVENTOR_DATA\05_STANDARD_COMPONENTS\09_Electrical_Control_and_IoT\GreatControl_8CH_Analog_to_RS485_Module\CHOT GAI.ipt,D:\TAN -DU AN\TOSHIBA\120\3d\BON 1\DAI VIET\IOT\ANALOG\CHOT GAI.ipt
09_Electrical_Control_and_IoT,GreatControl_8CH_Analog_to_RS485_Module,DOMINO.ipt,Part,298496,D:\INVENTOR_DATA\05_STANDARD_COMPONENTS\09_Electrical_Control_and_IoT\GreatControl_8CH_Analog_to_RS485_Module\DOMINO.ipt,D:\TAN -DU AN\TOSHIBA\120\3d\BON 1\DAI VIET\IOT\ANALOG\DOMINO.ipt
09_Electrical_Control_and_IoT,GreatControl_8CH_Analog_to_RS485_Module,DOMINO_MIR.ipt,Part,293888,D:\INVENTOR_DATA\05_STANDARD_COMPONENTS\09_Electrical_Control_and_IoT\GreatControl_8CH_Analog_to_RS485_Module\DOMINO_MIR.ipt,D:\TAN -DU AN\TOSHIBA\120\3d\BON 1\DAI VIET\IOT\ANALOG\DOMINO_MIR.ipt
09_Electrical_Control_and_IoT,GreatControl_8CH_Analog_to_RS485_Module,DOMINO_MIR1.ipt,Part,293888,D:\INVENTOR_DATA\05_STANDARD_COMPONENTS\09_Electrical_Control_and_IoT\GreatControl_8CH_Analog_to_RS485_Module\DOMINO_MIR1.ipt,D:\TAN -DU AN\TOSHIBA\120\3d\BON 1\DAI VIET\IOT\ANALOG\DOMINO_MIR1.ipt
09_Electrical_Control_and_IoT,GreatControl_8CH_Analog_to_RS485_Module,GreatControl_8CH_Analog_to_RS485_Module.iam,Main Assembly,532992,D:\INVENTOR_DATA\05_STANDARD_COMPONENTS\09_Electrical_Control_and_IoT\GreatControl_8CH_Analog_to_RS485_Module\GreatControl_8CH_Analog_to_RS485_Module.iam,Origin Created in Module
09_Electrical_Control_and_IoT,GreatControl_8CH_Analog_to_RS485_Module,LAP DAM4108.iam,Assembly,532992,D:\INVENTOR_DATA\05_STANDARD_COMPONENTS\09_Electrical_Control_and_IoT\GreatControl_8CH_Analog_to_RS485_Module\LAP DAM4108.iam,D:\TAN -DU AN\TOSHIBA\120\3d\BON 1\DAI VIET\IOT\ANALOG\LAP DAM4108.iam
09_Electrical_Control_and_IoT,GreatControl_8CH_Analog_to_RS485_Module,lap hop analog.iam,Assembly,2976256,D:\INVENTOR_DATA\05_STANDARD_COMPONENTS\09_Electrical_Control_and_IoT\GreatControl_8CH_Analog_to_RS485_Module\lap hop analog.iam,D:\TAN -DU AN\TOSHIBA\120\3d\BON 1\DAI VIET\IOT\ANALOG\lap hop analog.iam
09_Electrical_Control_and_IoT,GreatControl_8CH_Analog_to_RS485_Module,VO DAM4108.ipt,Part,770048,D:\INVENTOR_DATA\05_STANDARD_COMPONENTS\09_Electrical_Control_and_IoT\GreatControl_8CH_Analog_to_RS485_Module\VO DAM4108.ipt,D:\TAN -DU AN\TOSHIBA\120\3d\BON 1\DAI VIET\IOT\ANALOG\VO DAM4108.ipt
09_Electrical_Control_and_IoT,Industrial_3_Tier_LED_Tower_Light,Industrial_3_Tier_LED_Tower_Light.ipt,Part,814592,D:\INVENTOR_DATA\05_STANDARD_COMPONENTS\09_Electrical_Control_and_IoT\Industrial_3_Tier_LED_Tower_Light\Industrial_3_Tier_LED_Tower_Light.ipt,Origin Created in Module
09_Electrical_Control_and_IoT,Industrial_DIN_Rail_Power_Supply_24V,CHOT GAI.ipt,Part,313856,D:\INVENTOR_DATA\05_STANDARD_COMPONENTS\09_Electrical_Control_and_IoT\Industrial_DIN_Rail_Power_Supply_24V\CHOT GAI.ipt,D:\TAN -DU AN\TOSHIBA\120\3d\BON 1\DAI VIET\IOT\ANALOG\CHOT GAI.ipt
09_Electrical_Control_and_IoT,Industrial_DIN_Rail_Power_Supply_24V,Industrial_DIN_Rail_Power_Supply_24V.iam,Main Assembly,1625600,D:\INVENTOR_DATA\05_STANDARD_COMPONENTS\09_Electrical_Control_and_IoT\Industrial_DIN_Rail_Power_Supply_24V\Industrial_DIN_Rail_Power_Supply_24V.iam,Origin Created in Module
09_Electrical_Control_and_IoT,Industrial_DIN_Rail_Power_Supply_24V,lap nguon.iam,Assembly,1625600,D:\INVENTOR_DATA\05_STANDARD_COMPONENTS\09_Electrical_Control_and_IoT\Industrial_DIN_Rail_Power_Supply_24V\lap nguon.iam,D:\TAN -DU AN\TOSHIBA\120\3d\BON 1\DAI VIET\nguon dc\lap nguon.iam
09_Electrical_Control_and_IoT,Industrial_DIN_Rail_Power_Supply_24V,nguon dc.ipt,Part,3559936,D:\INVENTOR_DATA\05_STANDARD_COMPONENTS\09_Electrical_Control_and_IoT\Industrial_DIN_Rail_Power_Supply_24V\nguon dc.ipt,D:\TAN -DU AN\TOSHIBA\120\3d\BON 1\DAI VIET\nguon dc\nguon dc.ipt
09_Electrical_Control_and_IoT,Industrial_Electromagnetic_Relay_Base,Industrial_Electromagnetic_Relay_Base.iam,Main Assembly,363520,D:\INVENTOR_DATA\05_STANDARD_COMPONENTS\09_Electrical_Control_and_IoT\Industrial_Electromagnetic_Relay_Base\Industrial_Electromagnetic_Relay_Base.iam,Origin Created in Module
09_Electrical_Control_and_IoT,Industrial_Electromagnetic_Relay_Base,LAP RELAY.iam,Assembly,363520,D:\INVENTOR_DATA\05_STANDARD_COMPONENTS\09_Electrical_Control_and_IoT\Industrial_Electromagnetic_Relay_Base\LAP RELAY.iam,D:\TAN -DU AN\TOSHIBA\120\3d\BON 1\DAI VIET\IOT\RELAY\LAP RELAY.iam
09_Electrical_Control_and_IoT,Industrial_Electromagnetic_Relay_Base,LAP RELAY_Simplify_1.ipt,Part,696320,D:\INVENTOR_DATA\05_STANDARD_COMPONENTS\09_Electrical_Control_and_IoT\Industrial_Electromagnetic_Relay_Base\LAP RELAY_Simplify_1.ipt,D:\TAN -DU AN\TOSHIBA\120\3d\BON 1\DAI VIET\IOT\RELAY\LAP RELAY_Simplify_1.ipt
09_Electrical_Control_and_IoT,Industrial_Electromagnetic_Relay_Base,OC.ipt,Part,345600,D:\INVENTOR_DATA\05_STANDARD_COMPONENTS\09_Electrical_Control_and_IoT\Industrial_Electromagnetic_Relay_Base\OC.ipt,D:\TAN -DU AN\TOSHIBA\120\3d\BON 1\DAI VIET\IOT\RELAY\OC.ipt
09_Electrical_Control_and_IoT,Industrial_Electromagnetic_Relay_Base,OC_MIR.ipt,Part,207872,D:\INVENTOR_DATA\05_STANDARD_COMPONENTS\09_Electrical_Control_and_IoT\Industrial_Electromagnetic_Relay_Base\OC_MIR.ipt,D:\TAN -DU AN\TOSHIBA\120\3d\BON 1\DAI VIET\IOT\RELAY\OC_MIR.ipt
09_Electrical_Control_and_IoT,Industrial_Electromagnetic_Relay_Base,RELAY.ipt,Part,638464,D:\INVENTOR_DATA\05_STANDARD_COMPONENTS\09_Electrical_Control_and_IoT\Industrial_Electromagnetic_Relay_Base\RELAY.ipt,D:\TAN -DU AN\TOSHIBA\120\3d\BON 1\DAI VIET\IOT\RELAY\RELAY.ipt
09_Electrical_Control_and_IoT,Industrial_Exhaust_Blower_Fan,Industrial_Exhaust_Blower_Fan.ipt,Part,750080,D:\INVENTOR_DATA\05_STANDARD_COMPONENTS\09_Electrical_Control_and_IoT\Industrial_Exhaust_Blower_Fan\Industrial_Exhaust_Blower_Fan.ipt,Origin Created in Module
09_Electrical_Control_and_IoT,Industrial_PLC_Controller_8DI_8DO_RS485,CHOT GAI.ipt,Part,314368,D:\INVENTOR_DATA\05_STANDARD_COMPONENTS\09_Electrical_Control_and_IoT\Industrial_PLC_Controller_8DI_8DO_RS485\CHOT GAI.ipt,D:\TAN -DU AN\TOSHIBA\120\3d\BON 1\DAI VIET\IOT\PLC\CHOT GAI.ipt
09_Electrical_Control_and_IoT,Industrial_PLC_Controller_8DI_8DO_RS485,DOMINO - Copy.ipt,Part,838144,D:\INVENTOR_DATA\05_STANDARD_COMPONENTS\09_Electrical_Control_and_IoT\Industrial_PLC_Controller_8DI_8DO_RS485\DOMINO - Copy.ipt,D:\TAN -DU AN\TOSHIBA\120\3d\BON 1\DAI VIET\IOT\PLC\DOMINO - Copy.ipt
09_Electrical_Control_and_IoT,Industrial_PLC_Controller_8DI_8DO_RS485,DOMINO - Copy_MIR.ipt,Part,836608,D:\INVENTOR_DATA\05_STANDARD_COMPONENTS\09_Electrical_Control_and_IoT\Industrial_PLC_Controller_8DI_8DO_RS485\DOMINO - Copy_MIR.ipt,D:\TAN -DU AN\TOSHIBA\120\3d\BON 1\DAI VIET\IOT\PLC\DOMINO - Copy_MIR.ipt
09_Electrical_Control_and_IoT,Industrial_PLC_Controller_8DI_8DO_RS485,DOMINO.ipt,Part,428544,D:\INVENTOR_DATA\05_STANDARD_COMPONENTS\09_Electrical_Control_and_IoT\Industrial_PLC_Controller_8DI_8DO_RS485\DOMINO.ipt,D:\TAN -DU AN\TOSHIBA\120\3d\BON 1\DAI VIET\IOT\PLC\DOMINO.ipt
09_Electrical_Control_and_IoT,Industrial_PLC_Controller_8DI_8DO_RS485,hop 300x200.ipt,Part,224768,D:\INVENTOR_DATA\05_STANDARD_COMPONENTS\09_Electrical_Control_and_IoT\Industrial_PLC_Controller_8DI_8DO_RS485\hop 300x200.ipt,D:\TAN -DU AN\TOSHIBA\120\3d\BON 1\DAI VIET\IOT\PLC\hop 300x200.ipt
09_Electrical_Control_and_IoT,Industrial_PLC_Controller_8DI_8DO_RS485,Industrial_PLC_Controller_8DI_8DO_RS485.iam,Main Assembly,5798400,D:\INVENTOR_DATA\05_STANDARD_COMPONENTS\09_Electrical_Control_and_IoT\Industrial_PLC_Controller_8DI_8DO_RS485\Industrial_PLC_Controller_8DI_8DO_RS485.iam,Origin Created in Module
09_Electrical_Control_and_IoT,Industrial_PLC_Controller_8DI_8DO_RS485,lap plc.iam,Assembly,5798400,D:\INVENTOR_DATA\05_STANDARD_COMPONENTS\09_Electrical_Control_and_IoT\Industrial_PLC_Controller_8DI_8DO_RS485\lap plc.iam,D:\TAN -DU AN\TOSHIBA\120\3d\BON 1\DAI VIET\IOT\PLC\lap plc.iam
09_Electrical_Control_and_IoT,Industrial_PLC_Controller_8DI_8DO_RS485,VO PLC.ipt,Part,7584256,D:\INVENTOR_DATA\05_STANDARD_COMPONENTS\09_Electrical_Control_and_IoT\Industrial_PLC_Controller_8DI_8DO_RS485\VO PLC.ipt,D:\TAN -DU AN\TOSHIBA\120\3d\BON 1\DAI VIET\IOT\PLC\VO PLC.ipt
09_Electrical_Control_and_IoT,Industrial_PLC_HMI_Control_Panel_IoT,CP.iam,Assembly,254976,D:\INVENTOR_DATA\05_STANDARD_COMPONENTS\09_Electrical_Control_and_IoT\Industrial_PLC_HMI_Control_Panel_IoT\CP.iam,D:\TAN -DU AN\TOSHIBA\120\3d\BON 1\FILTER\2m3 xuong chao\01 TO REVIT\CP.iam
09_Electrical_Control_and_IoT,Industrial_PLC_HMI_Control_Panel_IoT,Industrial_PLC_HMI_Control_Panel_IoT.iam,Main Assembly,254976,D:\INVENTOR_DATA\05_STANDARD_COMPONENTS\09_Electrical_Control_and_IoT\Industrial_PLC_HMI_Control_Panel_IoT\Industrial_PLC_HMI_Control_Panel_IoT.iam,Origin Created in Module
09_Electrical_Control_and_IoT,Industrial_PLC_HMI_Control_Panel_IoT,PG INOX.ipt,Part,388096,D:\INVENTOR_DATA\05_STANDARD_COMPONENTS\09_Electrical_Control_and_IoT\Industrial_PLC_HMI_Control_Panel_IoT\PG INOX.ipt,D:\TAN -DU AN\TOSHIBA\120\3d\BON 1\FILTER\2m3 xuong chao\PG INOX.ipt
09_Electrical_Control_and_IoT,Industrial_PLC_HMI_Control_Panel_IoT,TU DIEN.ipt,Part,549376,D:\INVENTOR_DATA\05_STANDARD_COMPONENTS\09_Electrical_Control_and_IoT\Industrial_PLC_HMI_Control_Panel_IoT\TU DIEN.ipt,D:\TAN -DU AN\TOSHIBA\120\3d\BON 1\FILTER\2m3 xuong chao\tu dien.ipt
09_Electrical_Control_and_IoT,Kinseal_7_Inch_Industrial_HMI_Panel,DAU CAP.ipt,Part,419840,D:\INVENTOR_DATA\05_STANDARD_COMPONENTS\09_Electrical_Control_and_IoT\Kinseal_7_Inch_Industrial_HMI_Panel\DAU CAP.ipt,D:\TAN -DU AN\TOSHIBA\120\3d\BON 1\DAI VIET\IOT\HMI KINSEAL\DAU CAP.ipt
09_Electrical_Control_and_IoT,Kinseal_7_Inch_Industrial_HMI_Panel,HMI 7IN KINSEAL.ipt,Part,768000,D:\INVENTOR_DATA\05_STANDARD_COMPONENTS\09_Electrical_Control_and_IoT\Kinseal_7_Inch_Industrial_HMI_Panel\HMI 7IN KINSEAL.ipt,D:\TAN -DU AN\TOSHIBA\120\3d\BON 1\DAI VIET\IOT\HMI KINSEAL\HMI 7IN KINSEAL.ipt
09_Electrical_Control_and_IoT,Kinseal_7_Inch_Industrial_HMI_Panel,Kinseal_7_Inch_Industrial_HMI_Panel.iam,Main Assembly,624128,D:\INVENTOR_DATA\05_STANDARD_COMPONENTS\09_Electrical_Control_and_IoT\Kinseal_7_Inch_Industrial_HMI_Panel\Kinseal_7_Inch_Industrial_HMI_Panel.iam,Origin Created in Module
09_Electrical_Control_and_IoT,Kinseal_7_Inch_Industrial_HMI_Panel,LAP cap HMI.iam,Assembly,624128,D:\INVENTOR_DATA\05_STANDARD_COMPONENTS\09_Electrical_Control_and_IoT\Kinseal_7_Inch_Industrial_HMI_Panel\LAP cap HMI.iam,D:\TAN -DU AN\TOSHIBA\120\3d\BON 1\DAI VIET\IOT\HMI KINSEAL\LAP cap HMI.iam
09_Electrical_Control_and_IoT,PM2_5_Dust_Particle_Sensor_RS485,PM2_5_Dust_Particle_Sensor_RS485.ipt,Part,2882048,D:\INVENTOR_DATA\05_STANDARD_COMPONENTS\09_Electrical_Control_and_IoT\PM2_5_Dust_Particle_Sensor_RS485\PM2_5_Dust_Particle_Sensor_RS485.ipt,Origin Created in Module
09_Electrical_Control_and_IoT,Panel_Exhaust_Cooling_Fan,Panel_Exhaust_Cooling_Fan.ipt,Part,556032,D:\INVENTOR_DATA\05_STANDARD_COMPONENTS\09_Electrical_Control_and_IoT\Panel_Exhaust_Cooling_Fan\Panel_Exhaust_Cooling_Fan.ipt,Origin Created in Module
09_Electrical_Control_and_IoT,Panel_Pilot_Indicator_Light_Green,DEN XANH.ipt,Part,373248,D:\INVENTOR_DATA\05_STANDARD_COMPONENTS\09_Electrical_Control_and_IoT\Panel_Pilot_Indicator_Light_Green\DEN XANH.ipt,D:\TAN -DU AN\TOSHIBA\120\3d\BON 1\FILTER\001 NUOC THAI\6M3 LONG HAU\DEN XANH.ipt
09_Electrical_Control_and_IoT,Panel_Pilot_Indicator_Light_Green,LABEL XANH.ipt,Part,180224,D:\INVENTOR_DATA\05_STANDARD_COMPONENTS\09_Electrical_Control_and_IoT\Panel_Pilot_Indicator_Light_Green\LABEL XANH.ipt,D:\TAN -DU AN\TOSHIBA\120\3d\BON 1\FILTER\001 NUOC THAI\6M3 LONG HAU\LABEL XANH.ipt
09_Electrical_Control_and_IoT,Panel_Pilot_Indicator_Light_Green,LAP DEN XANH.iam,Assembly,133632,D:\INVENTOR_DATA\05_STANDARD_COMPONENTS\09_Electrical_Control_and_IoT\Panel_Pilot_Indicator_Light_Green\LAP DEN XANH.iam,D:\TAN -DU AN\TOSHIBA\120\3d\BON 1\FILTER\001 NUOC THAI\6M3 LONG HAU\LAP DEN XANH.iam
09_Electrical_Control_and_IoT,Panel_Pilot_Indicator_Light_Green,Panel_Pilot_Indicator_Light_Green.iam,Main Assembly,133632,D:\INVENTOR_DATA\05_STANDARD_COMPONENTS\09_Electrical_Control_and_IoT\Panel_Pilot_Indicator_Light_Green\Panel_Pilot_Indicator_Light_Green.iam,Origin Created in Module
09_Electrical_Control_and_IoT,Panel_Pilot_Indicator_Light_Red,DEN VANG.ipt,Part,295936,D:\INVENTOR_DATA\05_STANDARD_COMPONENTS\09_Electrical_Control_and_IoT\Panel_Pilot_Indicator_Light_Red\DEN VANG.ipt,D:\TAN -DU AN\TOSHIBA\120\3d\BON 1\FILTER\001 NUOC THAI\6M3 LONG HAU\DEN VANG.ipt
09_Electrical_Control_and_IoT,Panel_Pilot_Indicator_Light_Red,LABEL DO.ipt,Part,188416,D:\INVENTOR_DATA\05_STANDARD_COMPONENTS\09_Electrical_Control_and_IoT\Panel_Pilot_Indicator_Light_Red\LABEL DO.ipt,D:\TAN -DU AN\TOSHIBA\120\3d\BON 1\FILTER\001 NUOC THAI\6M3 LONG HAU\LABEL DO.ipt
09_Electrical_Control_and_IoT,Panel_Pilot_Indicator_Light_Red,LAP DEN DO.iam,Assembly,149504,D:\INVENTOR_DATA\05_STANDARD_COMPONENTS\09_Electrical_Control_and_IoT\Panel_Pilot_Indicator_Light_Red\LAP DEN DO.iam,D:\TAN -DU AN\TOSHIBA\120\3d\BON 1\FILTER\001 NUOC THAI\6M3 LONG HAU\LAP DEN DO.iam
09_Electrical_Control_and_IoT,Panel_Pilot_Indicator_Light_Red,Panel_Pilot_Indicator_Light_Red.iam,Main Assembly,149504,D:\INVENTOR_DATA\05_STANDARD_COMPONENTS\09_Electrical_Control_and_IoT\Panel_Pilot_Indicator_Light_Red\Panel_Pilot_Indicator_Light_Red.iam,Origin Created in Module
09_Electrical_Control_and_IoT,Panel_Pilot_Indicator_Light_Yellow,DEN  DO.ipt,Part,386560,D:\INVENTOR_DATA\05_STANDARD_COMPONENTS\09_Electrical_Control_and_IoT\Panel_Pilot_Indicator_Light_Yellow\DEN  DO.ipt,D:\TAN -DU AN\TOSHIBA\120\3d\BON 1\FILTER\001 NUOC THAI\6M3 LONG HAU\DEN  DO.ipt
09_Electrical_Control_and_IoT,Panel_Pilot_Indicator_Light_Yellow,LABEL VANG.ipt,Part,212480,D:\INVENTOR_DATA\05_STANDARD_COMPONENTS\09_Electrical_Control_and_IoT\Panel_Pilot_Indicator_Light_Yellow\LABEL VANG.ipt,D:\TAN -DU AN\TOSHIBA\120\3d\BON 1\FILTER\001 NUOC THAI\6M3 LONG HAU\LABEL VANG.ipt
09_Electrical_Control_and_IoT,Panel_Pilot_Indicator_Light_Yellow,LAP DEN VANG.iam,Assembly,138752,D:\INVENTOR_DATA\05_STANDARD_COMPONENTS\09_Electrical_Control_and_IoT\Panel_Pilot_Indicator_Light_Yellow\LAP DEN VANG.iam,D:\TAN -DU AN\TOSHIBA\120\3d\BON 1\FILTER\001 NUOC THAI\6M3 LONG HAU\LAP DEN VANG.iam
09_Electrical_Control_and_IoT,Panel_Pilot_Indicator_Light_Yellow,Panel_Pilot_Indicator_Light_Yellow.iam,Main Assembly,138752,D:\INVENTOR_DATA\05_STANDARD_COMPONENTS\09_Electrical_Control_and_IoT\Panel_Pilot_Indicator_Light_Yellow\Panel_Pilot_Indicator_Light_Yellow.iam,Origin Created in Module
09_Electrical_Control_and_IoT,Rotary_Selector_Switch_3_Position,Rotary_Selector_Switch_3_Position.ipt,Part,758272,D:\INVENTOR_DATA\05_STANDARD_COMPONENTS\09_Electrical_Control_and_IoT\Rotary_Selector_Switch_3_Position\Rotary_Selector_Switch_3_Position.ipt,Origin Created in Module
09_Electrical_Control_and_IoT,Single_Phase_RCBO_Circuit_Breaker,Single_Phase_RCBO_Circuit_Breaker.ipt,Part,567296,D:\INVENTOR_DATA\05_STANDARD_COMPONENTS\09_Electrical_Control_and_IoT\Single_Phase_RCBO_Circuit_Breaker\Single_Phase_RCBO_Circuit_Breaker.ipt,Origin Created in Module
09_Electrical_Control_and_IoT,Slotted_Aluminum_DIN_Rail_35mm_160L,Slotted_Aluminum_DIN_Rail_35mm_160L.ipt,Part,323072,D:\INVENTOR_DATA\05_STANDARD_COMPONENTS\09_Electrical_Control_and_IoT\Slotted_Aluminum_DIN_Rail_35mm_160L\Slotted_Aluminum_DIN_Rail_35mm_160L.ipt,Origin Created in Module
09_Electrical_Control_and_IoT,Tokin_Industrial_EMI_Noise_Filter,Tokin_Industrial_EMI_Noise_Filter.ipt,Part,622080,D:\INVENTOR_DATA\05_STANDARD_COMPONENTS\09_Electrical_Control_and_IoT\Tokin_Industrial_EMI_Noise_Filter\Tokin_Industrial_EMI_Noise_Filter.ipt,Origin Created in Module
09_Electrical_Control_and_IoT,Waterproof_Plastic_Enclosure_300x200x160,hop 30x20x16.ipt,Part,656896,D:\INVENTOR_DATA\05_STANDARD_COMPONENTS\09_Electrical_Control_and_IoT\Waterproof_Plastic_Enclosure_300x200x160\hop 30x20x16.ipt,D:\TAN -DU AN\TOSHIBA\120\3d\BON 1\DAI VIET\IOT\box china\hop 30x20x16.ipt
09_Electrical_Control_and_IoT,Waterproof_Plastic_Enclosure_300x200x160,"ISO 7049 - ST 4,8 x 9,5 - C - H.ipt",Part,261632,"D:\INVENTOR_DATA\05_STANDARD_COMPONENTS\09_Electrical_Control_and_IoT\Waterproof_Plastic_Enclosure_300x200x160\ISO 7049 - ST 4,8 x 9,5 - C - H.ipt","D:\Autodesk\Inventor 2025\Content Center Files\en-US\ISO 7049 - C-H(2)\ISO 7049 - ST 4,8 x 9,5 - C - H.ipt"
09_Electrical_Control_and_IoT,Waterproof_Plastic_Enclosure_300x200x160,"ISO 7049 - ST 5,5 x 13 - C - H.ipt",Part,261632,"D:\INVENTOR_DATA\05_STANDARD_COMPONENTS\09_Electrical_Control_and_IoT\Waterproof_Plastic_Enclosure_300x200x160\ISO 7049 - ST 5,5 x 13 - C - H.ipt","D:\Autodesk\Inventor 2025\Content Center Files\en-US\ISO 7049 - C-H(2)\ISO 7049 - ST 5,5 x 13 - C - H.ipt"
09_Electrical_Control_and_IoT,Waterproof_Plastic_Enclosure_300x200x160,LAP HOP 20X30X16.iam,Assembly,461312,D:\INVENTOR_DATA\05_STANDARD_COMPONENTS\09_Electrical_Control_and_IoT\Waterproof_Plastic_Enclosure_300x200x160\LAP HOP 20X30X16.iam,D:\TAN -DU AN\TOSHIBA\120\3d\BON 1\DAI VIET\IOT\box china\LAP HOP 20X30X16.iam
09_Electrical_Control_and_IoT,Waterproof_Plastic_Enclosure_300x200x160,NAP hop 30x20x16.ipt,Part,734720,D:\INVENTOR_DATA\05_STANDARD_COMPONENTS\09_Electrical_Control_and_IoT\Waterproof_Plastic_Enclosure_300x200x160\NAP hop 30x20x16.ipt,D:\TAN -DU AN\TOSHIBA\120\3d\BON 1\DAI VIET\IOT\box china\NAP hop 30x20x16.ipt
09_Electrical_Control_and_IoT,Waterproof_Plastic_Enclosure_300x200x160,pat.ipt,Part,141312,D:\INVENTOR_DATA\05_STANDARD_COMPONENTS\09_Electrical_Control_and_IoT\Waterproof_Plastic_Enclosure_300x200x160\pat.ipt,D:\TAN -DU AN\TOSHIBA\120\3d\BON 1\DAI VIET\IOT\box china\pat.ipt
09_Electrical_Control_and_IoT,Waterproof_Plastic_Enclosure_300x200x160,pat_MIR.ipt,Part,112128,D:\INVENTOR_DATA\05_STANDARD_COMPONENTS\09_Electrical_Control_and_IoT\Waterproof_Plastic_Enclosure_300x200x160\pat_MIR.ipt,D:\TAN -DU AN\TOSHIBA\120\3d\BON 1\DAI VIET\IOT\box china\pat_MIR.ipt
09_Electrical_Control_and_IoT,Waterproof_Plastic_Enclosure_300x200x160,pat_MIR1.ipt,Part,111616,D:\INVENTOR_DATA\05_STANDARD_COMPONENTS\09_Electrical_Control_and_IoT\Waterproof_Plastic_Enclosure_300x200x160\pat_MIR1.ipt,D:\TAN -DU AN\TOSHIBA\120\3d\BON 1\DAI VIET\IOT\box china\pat_MIR1.ipt
09_Electrical_Control_and_IoT,Waterproof_Plastic_Enclosure_300x200x160,pat_MIR2.ipt,Part,124928,D:\INVENTOR_DATA\05_STANDARD_COMPONENTS\09_Electrical_Control_and_IoT\Waterproof_Plastic_Enclosure_300x200x160\pat_MIR2.ipt,D:\TAN -DU AN\TOSHIBA\120\3d\BON 1\DAI VIET\IOT\box china\pat_MIR2.ipt
09_Electrical_Control_and_IoT,Waterproof_Plastic_Enclosure_300x200x160,pat_MIR2_MIR.ipt,Part,121344,D:\INVENTOR_DATA\05_STANDARD_COMPONENTS\09_Electrical_Control_and_IoT\Waterproof_Plastic_Enclosure_300x200x160\pat_MIR2_MIR.ipt,D:\TAN -DU AN\TOSHIBA\120\3d\BON 1\DAI VIET\IOT\box china\pat_MIR2_MIR.ipt
09_Electrical_Control_and_IoT,Waterproof_Plastic_Enclosure_300x200x160,pat_MIR3.ipt,Part,122880,D:\INVENTOR_DATA\05_STANDARD_COMPONENTS\09_Electrical_Control_and_IoT\Waterproof_Plastic_Enclosure_300x200x160\pat_MIR3.ipt,D:\TAN -DU AN\TOSHIBA\120\3d\BON 1\DAI VIET\IOT\box china\pat_MIR3.ipt
09_Electrical_Control_and_IoT,Waterproof_Plastic_Enclosure_300x200x160,pat_MIR4.ipt,Part,122880,D:\INVENTOR_DATA\05_STANDARD_COMPONENTS\09_Electrical_Control_and_IoT\Waterproof_Plastic_Enclosure_300x200x160\pat_MIR4.ipt,D:\TAN -DU AN\TOSHIBA\120\3d\BON 1\DAI VIET\IOT\box china\pat_MIR4.ipt
09_Electrical_Control_and_IoT,Waterproof_Plastic_Enclosure_300x200x160,pat_MIR_MIR.ipt,Part,109056,D:\INVENTOR_DATA\05_STANDARD_COMPONENTS\09_Electrical_Control_and_IoT\Waterproof_Plastic_Enclosure_300x200x160\pat_MIR_MIR.ipt,D:\TAN -DU AN\TOSHIBA\120\3d\BON 1\DAI VIET\IOT\box china\pat_MIR_MIR.ipt
09_Electrical_Control_and_IoT,Waterproof_Plastic_Enclosure_300x200x160,taplo.ipt,Part,377344,D:\INVENTOR_DATA\05_STANDARD_COMPONENTS\09_Electrical_Control_and_IoT\Waterproof_Plastic_Enclosure_300x200x160\taplo.ipt,D:\TAN -DU AN\TOSHIBA\120\3d\BON 1\DAI VIET\IOT\box china\taplo.ipt
09_Electrical_Control_and_IoT,Waterproof_Plastic_Enclosure_300x200x160,Waterproof_Plastic_Enclosure_300x200x160.iam,Main Assembly,461312,D:\INVENTOR_DATA\05_STANDARD_COMPONENTS\09_Electrical_Control_and_IoT\Waterproof_Plastic_Enclosure_300x200x160\Waterproof_Plastic_Enclosure_300x200x160.iam,Origin Created in Module
09_Electrical_Control_and_IoT,Wire_Mesh_Cable_Tray_133x50_SUS304,Wire_Mesh_Cable_Tray_133x50_SUS304.ipt,Part,231424,D:\INVENTOR_DATA\05_STANDARD_COMPONENTS\09_Electrical_Control_and_IoT\Wire_Mesh_Cable_Tray_133x50_SUS304\Wire_Mesh_Cable_Tray_133x50_SUS304.ipt,Origin Created in Module
09_Electrical_Control_and_IoT,Wire_Mesh_Cable_Tray_233x50_SUS304,Wire_Mesh_Cable_Tray_233x50_SUS304.ipt,Part,272896,D:\INVENTOR_DATA\05_STANDARD_COMPONENTS\09_Electrical_Control_and_IoT\Wire_Mesh_Cable_Tray_233x50_SUS304\Wire_Mesh_Cable_Tray_233x50_SUS304.ipt,Origin Created in Module
09_Electrical_Control_and_IoT,Wire_Mesh_Cable_Tray_50x50_SUS304,Wire_Mesh_Cable_Tray_50x50_SUS304.ipt,Part,231424,D:\INVENTOR_DATA\05_STANDARD_COMPONENTS\09_Electrical_Control_and_IoT\Wire_Mesh_Cable_Tray_50x50_SUS304\Wire_Mesh_Cable_Tray_50x50_SUS304.ipt,Origin Created in Module
10_Skid_Structure_and_Mechanical,Industrial_Caged_Safety_Ladder_3580H,Industrial_Caged_Safety_Ladder_3580H.ipt,Part,250880,D:\INVENTOR_DATA\05_STANDARD_COMPONENTS\10_Skid_Structure_and_Mechanical\Industrial_Caged_Safety_Ladder_3580H\Industrial_Caged_Safety_Ladder_3580H.ipt,Origin Created in Module
10_Skid_Structure_and_Mechanical,Swivel_Caster_Wheel_With_Brake,Swivel_Caster_Wheel_With_Brake.ipt,Part,654848,D:\INVENTOR_DATA\05_STANDARD_COMPONENTS\10_Skid_Structure_and_Mechanical\Swivel_Caster_Wheel_With_Brake\Swivel_Caster_Wheel_With_Brake.ipt,Origin Created in Module
